n,cost_multiplier,scenario,treatment,baseline,metric,mean,ci_low,ci_high
24,1,uniform,recent_contact,random_swap,service_fraction,0.0,0.0,0.0
24,1,uniform,recent_contact,random_swap,consumer_p10,0.0,0.0,0.0
24,1,uniform,experience_swap,random_swap,service_fraction,0.0,0.0,0.0
24,1,uniform,experience_swap,random_swap,consumer_p10,0.0,0.0,0.0
24,1,uniform,recent_contact,fixed,service_fraction,0.0,0.0,0.0
24,1,uniform,recent_contact,fixed,consumer_p10,0.0,0.0,0.0
24,1,uniform,experience_swap,fixed,service_fraction,0.0,0.0,0.0
24,1,uniform,experience_swap,fixed,consumer_p10,0.0,0.0,0.0
24,1,uniform,experience_swap,recent_contact,service_fraction,0.0,0.0,0.0
24,1,uniform,experience_swap,recent_contact,consumer_p10,0.0,0.0,0.0
24,1,persistent_damage,recent_contact,random_swap,service_fraction,0.16880279052265768,0.14547957757163058,0.19224275562762755
24,1,persistent_damage,recent_contact,random_swap,consumer_p10,0.384647496624137,0.3350156422573558,0.43310788564028396
24,1,persistent_damage,experience_swap,random_swap,service_fraction,0.1752888486671434,0.1495553790673,0.19871305820226678
24,1,persistent_damage,experience_swap,random_swap,consumer_p10,0.40073616081701857,0.3429505948784476,0.45652706869494736
24,1,persistent_damage,recent_contact,fixed,service_fraction,0.1940592906011511,0.16902919997729512,0.2194546218014617
24,1,persistent_damage,recent_contact,fixed,consumer_p10,0.625621860608996,0.5484697677022844,0.6958000812509119
24,1,persistent_damage,experience_swap,fixed,service_fraction,0.20054534874563684,0.17383467061196342,0.2270702386634345
24,1,persistent_damage,experience_swap,fixed,consumer_p10,0.6417105248018776,0.561571336062601,0.7167868668402668
24,1,persistent_damage,experience_swap,recent_contact,service_fraction,0.006486058144485762,-0.0053822819573635956,0.017558059700921797
24,1,persistent_damage,experience_swap,recent_contact,consumer_p10,0.016088664192881685,-0.02123893183683166,0.05237832711860063
24,1,rapid_change,recent_contact,random_swap,service_fraction,0.032712208920711486,0.014601203025523413,0.04947375294652769
24,1,rapid_change,recent_contact,random_swap,consumer_p10,0.043476681226812613,-0.002690441681760158,0.08663253391545057
24,1,rapid_change,experience_swap,random_swap,service_fraction,0.03936344151282602,0.022979051715780324,0.054283579901093774
24,1,rapid_change,experience_swap,random_swap,consumer_p10,0.05041909537266296,0.011547627975588325,0.0899220639915347
24,1,rapid_change,recent_contact,fixed,service_fraction,0.06929210442785008,0.0453774662990715,0.0922257989667927
24,1,rapid_change,recent_contact,fixed,consumer_p10,0.34964987193314845,0.2646004563743964,0.4247888280929746
24,1,rapid_change,experience_swap,fixed,service_fraction,0.07594333701996461,0.050277720684941574,0.10182973382587282
24,1,rapid_change,experience_swap,fixed,consumer_p10,0.3565922860789988,0.2743656484650063,0.43312400266325973
24,1,rapid_change,experience_swap,recent_contact,service_fraction,0.006651232592114526,-0.006685853866814549,0.019961732787469693
24,1,rapid_change,experience_swap,recent_contact,consumer_p10,0.006942414145850356,-0.028861518081571863,0.0433785054870902
24,1,separated_resources,recent_contact,random_swap,service_fraction,0.007293996833228849,-0.008957703034199422,0.02208157695005562
24,1,separated_resources,recent_contact,random_swap,consumer_p10,-0.05656010221649991,-0.08481613605871212,-0.028388869800905638
24,1,separated_resources,experience_swap,random_swap,service_fraction,0.013217648962915112,-0.00047290709668571635,0.026453734037135204
24,1,separated_resources,experience_swap,random_swap,consumer_p10,-0.005205774669302529,-0.045108690407783016,0.03472734415404703
24,1,separated_resources,recent_contact,fixed,service_fraction,0.037458683687273994,0.008393201917455123,0.07206119439840766
24,1,separated_resources,recent_contact,fixed,consumer_p10,0.2296891881493695,0.15356418563481886,0.3073057661555907
24,1,separated_resources,experience_swap,fixed,service_fraction,0.04338233581696026,0.018270504612305907,0.07639519308914801
24,1,separated_resources,experience_swap,fixed,consumer_p10,0.2810435156965668,0.20189019690256343,0.3495602482860412
24,1,separated_resources,experience_swap,recent_contact,service_fraction,0.005923652129686263,-0.008030675339474129,0.0220666040705526
24,1,separated_resources,experience_swap,recent_contact,consumer_p10,0.05135432754719739,0.009508957703103229,0.095851810795589
24,5,uniform,recent_contact,random_swap,service_fraction,0.0,0.0,0.0
24,5,uniform,recent_contact,random_swap,consumer_p10,0.0,0.0,0.0
24,5,uniform,experience_swap,random_swap,service_fraction,0.0,0.0,0.0
24,5,uniform,experience_swap,random_swap,consumer_p10,0.0,0.0,0.0
24,5,uniform,recent_contact,fixed,service_fraction,0.0,0.0,0.0
24,5,uniform,recent_contact,fixed,consumer_p10,0.0,0.0,0.0
24,5,uniform,experience_swap,fixed,service_fraction,0.0,0.0,0.0
24,5,uniform,experience_swap,fixed,consumer_p10,0.0,0.0,0.0
24,5,uniform,experience_swap,recent_contact,service_fraction,0.0,0.0,0.0
24,5,uniform,experience_swap,recent_contact,consumer_p10,0.0,0.0,0.0
24,5,persistent_damage,recent_contact,random_swap,service_fraction,0.1709204712679487,0.14815710760333917,0.1947033979435496
24,5,persistent_damage,recent_contact,random_swap,consumer_p10,0.37443247447592204,0.3170453783910593,0.428603450535026
24,5,persistent_damage,experience_swap,random_swap,service_fraction,0.18383342421526905,0.15866898517925015,0.20907704532074545
24,5,persistent_damage,experience_swap,random_swap,consumer_p10,0.413446864770993,0.3568496193843907,0.4673667214938549
24,5,persistent_damage,recent_contact,fixed,service_fraction,0.18461555033089436,0.1595637024920639,0.21107782876925266
24,5,persistent_damage,recent_contact,fixed,consumer_p10,0.5931072941458928,0.5203407545684453,0.6625798620205109
24,5,persistent_damage,experience_swap,fixed,service_fraction,0.1975285032782147,0.1708896584069443,0.22395168695559872
24,5,persistent_damage,experience_swap,fixed,consumer_p10,0.632121684440964,0.5527878937169015,0.7042662618671469
24,5,persistent_damage,experience_swap,recent_contact,service_fraction,0.01291295294732031,-0.0030953522341327215,0.028868786694600433
24,5,persistent_damage,experience_swap,recent_contact,consumer_p10,0.03901439029507107,-0.01415970963017536,0.0866995848435273
24,5,rapid_change,recent_contact,random_swap,service_fraction,0.03114155524934765,0.01063532069996939,0.04918312136272525
24,5,rapid_change,recent_contact,random_swap,consumer_p10,0.04017012325655632,-0.011161312077015493,0.08450143570250859
24,5,rapid_change,experience_swap,random_swap,service_fraction,0.04289866364900555,0.02672585038669194,0.05924824016020157
24,5,rapid_change,experience_swap,random_swap,consumer_p10,0.0628110957849265,0.01978733927421923,0.10355786031686216
24,5,rapid_change,recent_contact,fixed,service_fraction,0.05620356150868651,0.03119654358675913,0.07954816801738628
24,5,rapid_change,recent_contact,fixed,consumer_p10,0.3234105758231259,0.24407079572321355,0.3994399198855784
24,5,rapid_change,experience_swap,fixed,service_fraction,0.06796066990834441,0.04175444283847394,0.09437576202837339
24,5,rapid_change,experience_swap,fixed,consumer_p10,0.3460515483514961,0.2592524983085191,0.42343112509078645
24,5,rapid_change,experience_swap,recent_contact,service_fraction,0.011757108399657896,-0.004528798082964409,0.028095469690245827
24,5,rapid_change,experience_swap,recent_contact,consumer_p10,0.022640972528370173,-0.017216236443727686,0.05977429919892934
24,5,separated_resources,recent_contact,random_swap,service_fraction,0.009426927094362547,-0.0033935675549078836,0.021833591320825595
24,5,separated_resources,recent_contact,random_swap,consumer_p10,-0.013815167513266937,-0.04733708060759032,0.01943798410149814
24,5,separated_resources,experience_swap,random_swap,service_fraction,0.013567852774058614,0.0008340143184526014,0.026202582119272413
24,5,separated_resources,experience_swap,random_swap,consumer_p10,-0.013131861041821314,-0.046836219967510015,0.02255380145132147
24,5,separated_resources,recent_contact,fixed,service_fraction,0.030857985518918125,0.0036096007776194278,0.06644308078657367
24,5,separated_resources,recent_contact,fixed,consumer_p10,0.2593998015536649,0.1752772904834897,0.3353315973280589
24,5,separated_resources,experience_swap,fixed,service_fraction,0.03499891119861419,0.008123997143982644,0.07181560718762896
24,5,separated_resources,experience_swap,fixed,consumer_p10,0.26008310802511053,0.18079870611942947,0.32985090865448075
24,5,separated_resources,experience_swap,recent_contact,service_fraction,0.004140925679696067,-0.004705262927500588,0.013170613458869676
24,5,separated_resources,experience_swap,recent_contact,consumer_p10,0.0006833064714456244,-0.032462836808719205,0.03294681464241936
24,20,uniform,recent_contact,random_swap,service_fraction,0.0,0.0,0.0
24,20,uniform,recent_contact,random_swap,consumer_p10,0.0,0.0,0.0
24,20,uniform,experience_swap,random_swap,service_fraction,0.0,0.0,0.0
24,20,uniform,experience_swap,random_swap,consumer_p10,0.0,0.0,0.0
24,20,uniform,recent_contact,fixed,service_fraction,0.0,0.0,0.0
24,20,uniform,recent_contact,fixed,consumer_p10,0.0,0.0,0.0
24,20,uniform,experience_swap,fixed,service_fraction,0.0,0.0,0.0
24,20,uniform,experience_swap,fixed,consumer_p10,0.0,0.0,0.0
24,20,uniform,experience_swap,recent_contact,service_fraction,0.0,0.0,0.0
24,20,uniform,experience_swap,recent_contact,consumer_p10,0.0,0.0,0.0
24,20,persistent_damage,recent_contact,random_swap,service_fraction,0.18740151394826757,0.16389696180207358,0.20935937344777042
24,20,persistent_damage,recent_contact,random_swap,consumer_p10,0.3730154243325753,0.3129069294515826,0.4306928383598477
24,20,persistent_damage,experience_swap,random_swap,service_fraction,0.2044692491292135,0.18294140502981357,0.22724646885054986
24,20,persistent_damage,experience_swap,random_swap,consumer_p10,0.4098919699079443,0.35167541660735424,0.4634617320943014
24,20,persistent_damage,recent_contact,fixed,service_fraction,0.15590405440754596,0.13037057141467032,0.1830695201596002
24,20,persistent_damage,recent_contact,fixed,consumer_p10,0.5127596792209878,0.4368814243417002,0.5870438304455851
24,20,persistent_damage,experience_swap,fixed,service_fraction,0.1729717895884919,0.14902852806689876,0.19830637410677884
24,20,persistent_damage,experience_swap,fixed,consumer_p10,0.5496362247963567,0.4829200423002368,0.6143676764203827
24,20,persistent_damage,experience_swap,recent_contact,service_fraction,0.017067735180945974,-0.0029471190958653016,0.036305469739859625
24,20,persistent_damage,experience_swap,recent_contact,consumer_p10,0.036876545575369,-0.021242080757832554,0.08963810424194968
24,20,rapid_change,recent_contact,random_swap,service_fraction,0.03540475709250847,0.018144697683951175,0.052064175601512254
24,20,rapid_change,recent_contact,random_swap,consumer_p10,0.03659754654431865,-0.0038748850718428474,0.07290256991319925
24,20,rapid_change,experience_swap,random_swap,service_fraction,0.036720366435874896,0.020715662802480453,0.05334891032616118
24,20,rapid_change,experience_swap,random_swap,consumer_p10,0.03091838357723641,-0.016671099350555375,0.07517271930113692
24,20,rapid_change,recent_contact,fixed,service_fraction,0.015660336797543428,-0.006958559843264344,0.03920093150665277
24,20,rapid_change,recent_contact,fixed,consumer_p10,0.24067600312942233,0.16221021443551528,0.30997572431496856
24,20,rapid_change,experience_swap,fixed,service_fraction,0.01697594614090986,-0.010691729558320463,0.04359478378930696
24,20,rapid_change,experience_swap,fixed,consumer_p10,0.23499684016234007,0.14589498571678022,0.3159750383701254
24,20,rapid_change,experience_swap,recent_contact,service_fraction,0.0013156093433664307,-0.015737276536896175,0.01813779283017513
24,20,rapid_change,experience_swap,recent_contact,consumer_p10,-0.005679162967082238,-0.05442185753182204,0.042063640942657
24,20,separated_resources,recent_contact,random_swap,service_fraction,0.016904902305764784,0.00558250398752447,0.026984567847359708
24,20,separated_resources,recent_contact,random_swap,consumer_p10,-0.02162230512251253,-0.04577387391786293,0.0036018170961224618
24,20,separated_resources,experience_swap,random_swap,service_fraction,0.01603756199070185,0.001272901711443627,0.0322725865949162
24,20,separated_resources,experience_swap,random_swap,consumer_p10,-0.0026847802690766727,-0.025418266996335107,0.02032357184074587
24,20,separated_resources,recent_contact,fixed,service_fraction,0.0049417114793905755,-0.01718229253162037,0.030343601061413667
24,20,separated_resources,recent_contact,fixed,consumer_p10,0.2051945526565871,0.13468296483843706,0.271791877038928
24,20,separated_resources,experience_swap,fixed,service_fraction,0.004074371164327639,-0.0250016316319071,0.04118451102813847
24,20,separated_resources,experience_swap,fixed,consumer_p10,0.22413207751002293,0.1508911344799238,0.29140006491544723
24,20,separated_resources,experience_swap,recent_contact,service_fraction,-0.0008673403150629367,-0.015491354596563398,0.01350283042148157
24,20,separated_resources,experience_swap,recent_contact,consumer_p10,0.01893752485343586,-0.00892261911805082,0.049965153516698245
48,1,uniform,recent_contact,random_swap,service_fraction,0.0,0.0,0.0
48,1,uniform,recent_contact,random_swap,consumer_p10,0.0,0.0,0.0
48,1,uniform,experience_swap,random_swap,service_fraction,0.0,0.0,0.0
48,1,uniform,experience_swap,random_swap,consumer_p10,0.0,0.0,0.0
48,1,uniform,recent_contact,fixed,service_fraction,0.05714500964715531,0.03007277700801841,0.08968494707598541
48,1,uniform,recent_contact,fixed,consumer_p10,0.2130460407070419,0.0832871948251311,0.36409181886136305
48,1,uniform,experience_swap,fixed,service_fraction,0.05714500964715531,0.029605306741154486,0.08858912315914075
48,1,uniform,experience_swap,fixed,consumer_p10,0.2130460407070419,0.08872824169744584,0.3633848361148737
48,1,uniform,experience_swap,recent_contact,service_fraction,0.0,0.0,0.0
48,1,uniform,experience_swap,recent_contact,consumer_p10,0.0,0.0,0.0
48,1,persistent_damage,recent_contact,random_swap,service_fraction,0.1795958033794207,0.1584311705999539,0.20099856403020588
48,1,persistent_damage,recent_contact,random_swap,consumer_p10,0.40561273669821574,0.34548583500094177,0.46391647780072715
48,1,persistent_damage,experience_swap,random_swap,service_fraction,0.19748648982350525,0.17807649024694702,0.21552050387497354
48,1,persistent_damage,experience_swap,random_swap,consumer_p10,0.4648676668083138,0.42093111014266,0.5063613868666036
48,1,persistent_damage,recent_contact,fixed,service_fraction,0.27154293964817333,0.24421526502922514,0.29987113635758117
48,1,persistent_damage,recent_contact,fixed,consumer_p10,0.8360043070765484,0.7795965814750135,0.8880108728633285
48,1,persistent_damage,experience_swap,fixed,service_fraction,0.2894336260922578,0.2539984286913674,0.32747722579588306
48,1,persistent_damage,experience_swap,fixed,consumer_p10,0.8952592371866464,0.8550376683433691,0.9370334268673068
48,1,persistent_damage,experience_swap,recent_contact,service_fraction,0.017890686444084564,0.003685206032688443,0.035882121637279045
48,1,persistent_damage,experience_swap,recent_contact,consumer_p10,0.05925493011009801,0.00989947075044358,0.11413886901486905
48,1,rapid_change,recent_contact,random_swap,service_fraction,0.03847830613559609,0.021016630241731477,0.05557140448213838
48,1,rapid_change,recent_contact,random_swap,consumer_p10,0.058538593099611715,0.024070865729409467,0.09537383114087639
48,1,rapid_change,experience_swap,random_swap,service_fraction,0.04466661361348041,0.033459577960922526,0.05593587077671897
48,1,rapid_change,experience_swap,random_swap,consumer_p10,0.07356973788894168,0.04260318987580141,0.10645467179380613
48,1,rapid_change,recent_contact,fixed,service_fraction,0.13035120068428588,0.1055862229842358,0.15653949538596837
48,1,rapid_change,recent_contact,fixed,consumer_p10,0.47436274231183384,0.39941992805038035,0.5444436172019991
48,1,rapid_change,experience_swap,fixed,service_fraction,0.13653950816217017,0.11287319955629165,0.16042144790318708
48,1,rapid_change,experience_swap,fixed,consumer_p10,0.489393887101164,0.41870539633954373,0.5535542696169432
48,1,rapid_change,experience_swap,recent_contact,service_fraction,0.006188307477884331,-0.006378022084771353,0.019165239918256135
48,1,rapid_change,experience_swap,recent_contact,consumer_p10,0.015031144789329935,-0.017912793122534396,0.047819362237383124
48,1,separated_resources,recent_contact,random_swap,service_fraction,0.016758045342970807,0.00714130803404627,0.026769216046791718
48,1,separated_resources,recent_contact,random_swap,consumer_p10,-0.008921196322470107,-0.042620809341803255,0.01953549106526072
48,1,separated_resources,experience_swap,random_swap,service_fraction,0.022214489837167645,0.012212322098062587,0.03263130405763045
48,1,separated_resources,experience_swap,random_swap,consumer_p10,0.011692461783999599,-0.021239098999872853,0.04537085653226176
48,1,separated_resources,recent_contact,fixed,service_fraction,0.05260529284000949,0.032393946882394824,0.07511178102528025
48,1,separated_resources,recent_contact,fixed,consumer_p10,0.29387086670512663,0.22944103727909965,0.34838543493078866
48,1,separated_resources,experience_swap,fixed,service_fraction,0.05806173733420632,0.03966555280430203,0.07955069496661131
48,1,separated_resources,experience_swap,fixed,consumer_p10,0.31448452481159633,0.2587565595294811,0.3594052327116857
48,1,separated_resources,experience_swap,recent_contact,service_fraction,0.005456444494196838,-0.0035583528166433696,0.014144027257303377
48,1,separated_resources,experience_swap,recent_contact,consumer_p10,0.020613658106469705,-0.0070539753208559135,0.049601459747133515
48,5,uniform,recent_contact,random_swap,service_fraction,0.0,0.0,0.0
48,5,uniform,recent_contact,random_swap,consumer_p10,0.0,0.0,0.0
48,5,uniform,experience_swap,random_swap,service_fraction,0.0,0.0,0.0
48,5,uniform,experience_swap,random_swap,consumer_p10,0.0,0.0,0.0
48,5,uniform,recent_contact,fixed,service_fraction,0.05714500964715531,0.030102160224162393,0.08796473175786959
48,5,uniform,recent_contact,fixed,consumer_p10,0.2130460407070419,0.08462186777122895,0.3722358984181036
48,5,uniform,experience_swap,fixed,service_fraction,0.05714500964715531,0.028790981642241725,0.08831719974491939
48,5,uniform,experience_swap,fixed,consumer_p10,0.2130460407070419,0.07850530052333367,0.3666920561361547
48,5,uniform,experience_swap,recent_contact,service_fraction,0.0,0.0,0.0
48,5,uniform,experience_swap,recent_contact,consumer_p10,0.0,0.0,0.0
48,5,persistent_damage,recent_contact,random_swap,service_fraction,0.18710843223718748,0.1688499996799406,0.20728789175627263
48,5,persistent_damage,recent_contact,random_swap,consumer_p10,0.4103299152956569,0.36043894701279955,0.4603768997416237
48,5,persistent_damage,experience_swap,random_swap,service_fraction,0.19904724087792647,0.18080709408733112,0.21665152763971307
48,5,persistent_damage,experience_swap,random_swap,consumer_p10,0.4604420051367925,0.4146718119419799,0.5024187879921613
48,5,persistent_damage,recent_contact,fixed,service_fraction,0.268509456146873,0.23919195280709804,0.29753295649080375
48,5,persistent_damage,recent_contact,fixed,consumer_p10,0.8209690669230829,0.7635062725680478,0.8744219838221629
48,5,persistent_damage,experience_swap,fixed,service_fraction,0.280448264787612,0.24846604366910757,0.32007601610727593
48,5,persistent_damage,experience_swap,fixed,consumer_p10,0.8710811567642185,0.8286564394012531,0.9120646739427695
48,5,persistent_damage,experience_swap,recent_contact,service_fraction,0.01193880864073903,-0.00190639635294707,0.029049830440878676
48,5,persistent_damage,experience_swap,recent_contact,consumer_p10,0.05011208984113562,0.0050973907741793155,0.10704102662021348
48,5,rapid_change,recent_contact,random_swap,service_fraction,0.03482413961326915,0.020155711194409016,0.0510613021373148
48,5,rapid_change,recent_contact,random_swap,consumer_p10,0.054559545162708646,0.017778493961605378,0.09223658768491877
48,5,rapid_change,experience_swap,random_swap,service_fraction,0.04721096268429602,0.03355009726455229,0.061165665803296514
48,5,rapid_change,experience_swap,random_swap,consumer_p10,0.07724291546021356,0.04955350627089175,0.10744174409060275
48,5,rapid_change,recent_contact,fixed,service_fraction,0.11586743737264568,0.08927056298986515,0.14338790004340324
48,5,rapid_change,recent_contact,fixed,consumer_p10,0.44945592322365197,0.37345704227058313,0.5177760657967325
48,5,rapid_change,experience_swap,fixed,service_fraction,0.12825426044367258,0.10331422626951597,0.15403918826972432
48,5,rapid_change,experience_swap,fixed,consumer_p10,0.47213929352115686,0.40228534498840657,0.5343240118256732
48,5,rapid_change,experience_swap,recent_contact,service_fraction,0.012386823071026875,0.00015552584952605343,0.025943284961172156
48,5,rapid_change,experience_swap,recent_contact,consumer_p10,0.022683370297504914,-0.007923443186755618,0.05541765763607119
48,5,separated_resources,recent_contact,random_swap,service_fraction,0.016828082474325844,0.007143003324186492,0.02686321798628431
48,5,separated_resources,recent_contact,random_swap,consumer_p10,0.004385506654569563,-0.025638647271102745,0.03324204212312077
48,5,separated_resources,experience_swap,random_swap,service_fraction,0.0249107957892823,0.015993949928555785,0.033853544275507026
48,5,separated_resources,experience_swap,random_swap,consumer_p10,0.018647848171319346,-0.014741306431810408,0.05074019893808201
48,5,separated_resources,recent_contact,fixed,service_fraction,0.044157748505043594,0.025138874049455556,0.06293198625979812
48,5,separated_resources,recent_contact,fixed,consumer_p10,0.29522747363239776,0.23217544148306443,0.34491038259371654
48,5,separated_resources,experience_swap,fixed,service_fraction,0.05224046182000004,0.036171247512560754,0.07148462330668862
48,5,separated_resources,experience_swap,fixed,consumer_p10,0.30948981514914753,0.24965674028394944,0.35660569493994293
48,5,separated_resources,experience_swap,recent_contact,service_fraction,0.008082713314956452,7.1378892298331015e-06,0.01595436809397122
48,5,separated_resources,experience_swap,recent_contact,consumer_p10,0.014262341516749783,-0.012533095929193373,0.03962086741547639
48,20,uniform,recent_contact,random_swap,service_fraction,0.0,0.0,0.0
48,20,uniform,recent_contact,random_swap,consumer_p10,0.0,0.0,0.0
48,20,uniform,experience_swap,random_swap,service_fraction,0.0,0.0,0.0
48,20,uniform,experience_swap,random_swap,consumer_p10,0.0,0.0,0.0
48,20,uniform,recent_contact,fixed,service_fraction,0.05714500964715531,0.030606836361680816,0.08889413262504388
48,20,uniform,recent_contact,fixed,consumer_p10,0.2130460407070419,0.08343217989339731,0.3656173729692121
48,20,uniform,experience_swap,fixed,service_fraction,0.05714500964715531,0.029004880886085476,0.08789169196889075
48,20,uniform,experience_swap,fixed,consumer_p10,0.2130460407070419,0.08326531569059784,0.3757588891829359
48,20,uniform,experience_swap,recent_contact,service_fraction,0.0,0.0,0.0
48,20,uniform,experience_swap,recent_contact,consumer_p10,0.0,0.0,0.0
48,20,persistent_damage,recent_contact,random_swap,service_fraction,0.19073625177888845,0.17012615223829014,0.21267428804978317
48,20,persistent_damage,recent_contact,random_swap,consumer_p10,0.3850222764152994,0.3261265779006033,0.4476745874666749
48,20,persistent_damage,experience_swap,random_swap,service_fraction,0.21220499870495932,0.19350668063368917,0.22867135482202408
48,20,persistent_damage,experience_swap,random_swap,consumer_p10,0.4320798576921817,0.3847827555312716,0.47354560957460035
48,20,persistent_damage,recent_contact,fixed,service_fraction,0.2293526303590509,0.2043150059808075,0.253728249170316
48,20,persistent_damage,recent_contact,fixed,consumer_p10,0.7179553985692009,0.6663203252726093,0.7735106428481404
48,20,persistent_damage,experience_swap,fixed,service_fraction,0.2508213772851219,0.21850658235067122,0.2856395130035337
48,20,persistent_damage,experience_swap,fixed,consumer_p10,0.7650129798460832,0.69346136569914,0.8261033071123473
48,20,persistent_damage,experience_swap,recent_contact,service_fraction,0.021468746926070918,-0.0013120611359477789,0.04431099310290736
48,20,persistent_damage,experience_swap,recent_contact,consumer_p10,0.04705758127688217,-0.034112991326512125,0.1277529655053948
48,20,rapid_change,recent_contact,random_swap,service_fraction,0.027545646626436538,0.012810267209523092,0.04285603560831055
48,20,rapid_change,recent_contact,random_swap,consumer_p10,0.03685600089868361,0.00181084305644973,0.07422464957863034
48,20,rapid_change,experience_swap,random_swap,service_fraction,0.03125327920574731,0.0180037831850771,0.044863900801126795
48,20,rapid_change,experience_swap,random_swap,consumer_p10,0.04863336226275122,0.020956369995683937,0.07713873468589608
48,20,rapid_change,recent_contact,fixed,service_fraction,0.06525892597123786,0.04055274615803215,0.08893993945941817
48,20,rapid_change,recent_contact,fixed,consumer_p10,0.3532887833228066,0.28221638124328857,0.41668433537665067
48,20,rapid_change,experience_swap,fixed,service_fraction,0.06896655855054865,0.042432199390960955,0.09669517460514282
48,20,rapid_change,experience_swap,fixed,consumer_p10,0.3650661446868742,0.2967206290109869,0.431986006052257
48,20,rapid_change,experience_swap,recent_contact,service_fraction,0.003707632579310771,-0.008576380507344382,0.017519475543082565
48,20,rapid_change,experience_swap,recent_contact,consumer_p10,0.01177736136406762,-0.033635874492194094,0.05893583005340238
48,20,separated_resources,recent_contact,random_swap,service_fraction,0.0245693825109297,0.014646595045436517,0.03446969216321222
48,20,separated_resources,recent_contact,random_swap,consumer_p10,0.018718897408669326,-0.011845612538731698,0.046942165463595
48,20,separated_resources,experience_swap,random_swap,service_fraction,0.026682913869608083,0.018306627621303025,0.03445827270499991
48,20,separated_resources,experience_swap,random_swap,consumer_p10,0.02889789000735383,0.002781743576512592,0.05933193354951928
48,20,separated_resources,recent_contact,fixed,service_fraction,0.019142347212208817,0.0017692350328279097,0.03863583508701116
48,20,separated_resources,recent_contact,fixed,consumer_p10,0.265756425058721,0.20019504552065737,0.317958035582271
48,20,separated_resources,experience_swap,fixed,service_fraction,0.021255878570887198,0.002967765694372434,0.0411685612818775
48,20,separated_resources,experience_swap,fixed,consumer_p10,0.27593541765740537,0.21351995491562203,0.328067739918998
48,20,separated_resources,experience_swap,recent_contact,service_fraction,0.002113531358678383,-0.004528382884754533,0.00810809746081531
48,20,separated_resources,experience_swap,recent_contact,consumer_p10,0.010178992598684499,-0.01949838888186521,0.03753739296424028
96,1,uniform,recent_contact,random_swap,service_fraction,0.0,0.0,0.0
96,1,uniform,recent_contact,random_swap,consumer_p10,0.0,0.0,0.0
96,1,uniform,experience_swap,random_swap,service_fraction,0.0,0.0,0.0
96,1,uniform,experience_swap,random_swap,consumer_p10,0.0,0.0,0.0
96,1,uniform,recent_contact,fixed,service_fraction,0.060963048787107524,0.039815723739612834,0.08541032019905853
96,1,uniform,recent_contact,fixed,consumer_p10,0.22585045060392445,0.07029870546536766,0.40840956265216477
96,1,uniform,experience_swap,fixed,service_fraction,0.060963048787107524,0.03944862561527907,0.085012838430052
96,1,uniform,experience_swap,fixed,consumer_p10,0.22585045060392445,0.07063280350953827,0.40138412347684244
96,1,uniform,experience_swap,recent_contact,service_fraction,0.0,0.0,0.0
96,1,uniform,experience_swap,recent_contact,consumer_p10,0.0,0.0,0.0
96,1,persistent_damage,recent_contact,random_swap,service_fraction,0.18582913859658617,0.1706685821277225,0.20272519557310797
96,1,persistent_damage,recent_contact,random_swap,consumer_p10,0.43475155438681534,0.3982344313357161,0.4753754723460365
96,1,persistent_damage,experience_swap,random_swap,service_fraction,0.19376183012653564,0.1799404323104082,0.21002938738417257
96,1,persistent_damage,experience_swap,random_swap,consumer_p10,0.4644189833187153,0.43141038771082196,0.4966731583502645
96,1,persistent_damage,recent_contact,fixed,service_fraction,0.2661123331002407,0.23967623951868774,0.29227744846553566
96,1,persistent_damage,recent_contact,fixed,consumer_p10,0.8623964010945201,0.8142509418240913,0.9028371573158311
96,1,persistent_damage,experience_swap,fixed,service_fraction,0.2740450246301901,0.24673607874007664,0.3020156696763588
96,1,persistent_damage,experience_swap,fixed,consumer_p10,0.8920638300264201,0.843904155227255,0.9358625483288062
96,1,persistent_damage,experience_swap,recent_contact,service_fraction,0.007932691529949455,0.0032784331240957756,0.013205033449516694
96,1,persistent_damage,experience_swap,recent_contact,consumer_p10,0.029667428931900015,0.009061539660662973,0.05284255894069355
96,1,rapid_change,recent_contact,random_swap,service_fraction,0.03883418332141864,0.028682637928810394,0.04936747295199268
96,1,rapid_change,recent_contact,random_swap,consumer_p10,0.06397305787480272,0.032947081633901774,0.09660550585988395
96,1,rapid_change,experience_swap,random_swap,service_fraction,0.044047085983637026,0.03009967795533304,0.05655783980420402
96,1,rapid_change,experience_swap,random_swap,consumer_p10,0.07949623683917335,0.04934833304296235,0.10748093508068661
96,1,rapid_change,recent_contact,fixed,service_fraction,0.12049056495521789,0.10243005304184266,0.1383341932369126
96,1,rapid_change,recent_contact,fixed,consumer_p10,0.47058591843098385,0.4170904112430856,0.5238635805870346
96,1,rapid_change,experience_swap,fixed,service_fraction,0.12570346761743625,0.10481743208155382,0.14697860807293284
96,1,rapid_change,experience_swap,fixed,consumer_p10,0.48610909739535435,0.4244297162294989,0.5462684367713858
96,1,rapid_change,experience_swap,recent_contact,service_fraction,0.005212902662218383,-0.0077485160475596684,0.01795597950991932
96,1,rapid_change,experience_swap,recent_contact,consumer_p10,0.01552317896437062,-0.010733098622008426,0.040511397722549886
96,1,separated_resources,recent_contact,random_swap,service_fraction,0.013627516716413917,0.008394335473506287,0.01851872821855779
96,1,separated_resources,recent_contact,random_swap,consumer_p10,0.02558920969506292,-0.0020195399522381537,0.051979420830849145
96,1,separated_resources,experience_swap,random_swap,service_fraction,0.010613664339807288,0.0052226838429809685,0.016297351510664356
96,1,separated_resources,experience_swap,random_swap,consumer_p10,0.018939080393441783,-0.0019094485115801244,0.03987679967861858
96,1,separated_resources,recent_contact,fixed,service_fraction,0.0553591141036077,0.04019961106070644,0.07095423914100539
96,1,separated_resources,recent_contact,fixed,consumer_p10,0.3480436333204443,0.30284438908505706,0.37887029671259737
96,1,separated_resources,experience_swap,fixed,service_fraction,0.05234526172700107,0.03792626018699536,0.06631489519196199
96,1,separated_resources,experience_swap,fixed,consumer_p10,0.34139350401882307,0.2935871164504045,0.37461169103520753
96,1,separated_resources,experience_swap,recent_contact,service_fraction,-0.0030138523766066296,-0.008483198204235634,0.00231312778855318
96,1,separated_resources,experience_swap,recent_contact,consumer_p10,-0.0066501293016211355,-0.029255278154723202,0.016508293686762387
96,5,uniform,recent_contact,random_swap,service_fraction,0.0,0.0,0.0
96,5,uniform,recent_contact,random_swap,consumer_p10,0.0,0.0,0.0
96,5,uniform,experience_swap,random_swap,service_fraction,0.0,0.0,0.0
96,5,uniform,experience_swap,random_swap,consumer_p10,0.0,0.0,0.0
96,5,uniform,recent_contact,fixed,service_fraction,0.060963048787107524,0.03924728977851969,0.08616417535503454
96,5,uniform,recent_contact,fixed,consumer_p10,0.22585045060392445,0.07140048296496584,0.4104839999438881
96,5,uniform,experience_swap,fixed,service_fraction,0.060963048787107524,0.03982552393336213,0.086906056836001
96,5,uniform,experience_swap,fixed,consumer_p10,0.22585045060392445,0.07487350707505597,0.4045950369582687
96,5,uniform,experience_swap,recent_contact,service_fraction,0.0,0.0,0.0
96,5,uniform,experience_swap,recent_contact,consumer_p10,0.0,0.0,0.0
96,5,persistent_damage,recent_contact,random_swap,service_fraction,0.19191173535404776,0.17733660081233918,0.20866873906800798
96,5,persistent_damage,recent_contact,random_swap,consumer_p10,0.4414950369190427,0.402430703849074,0.4836487957589039
96,5,persistent_damage,experience_swap,random_swap,service_fraction,0.20245861632134363,0.18812671609651951,0.21659542418912814
96,5,persistent_damage,experience_swap,random_swap,consumer_p10,0.47757899638820067,0.44491319145893454,0.5089249400883457
96,5,persistent_damage,recent_contact,fixed,service_fraction,0.2617373932026269,0.2356148320336442,0.2875899339080225
96,5,persistent_damage,recent_contact,fixed,consumer_p10,0.8514316075291386,0.8058860690299625,0.8938282165193346
96,5,persistent_damage,experience_swap,fixed,service_fraction,0.27228427416992285,0.2459824746916185,0.30084270257696266
96,5,persistent_damage,experience_swap,fixed,consumer_p10,0.8875155669982966,0.835114797029325,0.9315261060566735
96,5,persistent_damage,experience_swap,recent_contact,service_fraction,0.010546880967295886,0.003932769039046394,0.01813151634186915
96,5,persistent_damage,experience_swap,recent_contact,consumer_p10,0.03608395946915789,0.008617658177386564,0.06956848940326313
96,5,rapid_change,recent_contact,random_swap,service_fraction,0.03874604805692909,0.029843430197640464,0.047889623337583606
96,5,rapid_change,recent_contact,random_swap,consumer_p10,0.06252780976983281,0.037273775688470526,0.08861453244263866
96,5,rapid_change,experience_swap,random_swap,service_fraction,0.047071904776828564,0.034255573345236615,0.05830063686764384
96,5,rapid_change,experience_swap,random_swap,consumer_p10,0.07736054205242139,0.04833314565678443,0.10598197862613198
96,5,rapid_change,recent_contact,fixed,service_fraction,0.10965097173705654,0.09070387075663315,0.1279996718964095
96,5,rapid_change,recent_contact,fixed,consumer_p10,0.4498969050528435,0.3960521436084165,0.5020650994280098
96,5,rapid_change,experience_swap,fixed,service_fraction,0.117976828456956,0.09932615165861769,0.1373032562726027
96,5,rapid_change,experience_swap,fixed,consumer_p10,0.46472963733543204,0.40909919961783253,0.5135810519407195
96,5,rapid_change,experience_swap,recent_contact,service_fraction,0.008325856719899471,-0.0032005786981195734,0.020244538140824244
96,5,rapid_change,experience_swap,recent_contact,consumer_p10,0.014832732282588568,-0.011093368569796576,0.03902133780136488
96,5,separated_resources,recent_contact,random_swap,service_fraction,0.015900968172145463,0.011146047311548116,0.020221739851229197
96,5,separated_resources,recent_contact,random_swap,consumer_p10,0.020237868529047996,0.0020667379947439976,0.03767832599020767
96,5,separated_resources,experience_swap,random_swap,service_fraction,0.015219955964665,0.00997050768584396,0.020970193458780286
96,5,separated_resources,experience_swap,random_swap,consumer_p10,0.025197484673814764,0.004040456995314351,0.04757088338326331
96,5,separated_resources,recent_contact,fixed,service_fraction,0.04909834528285013,0.036026932924658,0.06424715832056599
96,5,separated_resources,recent_contact,fixed,consumer_p10,0.330869742628721,0.27929641614546347,0.36512350924817244
96,5,separated_resources,experience_swap,fixed,service_fraction,0.04841733307536966,0.03214861378993664,0.06558501283604289
96,5,separated_resources,experience_swap,fixed,consumer_p10,0.3358293587734878,0.2882456738439981,0.37092735650847536
96,5,separated_resources,experience_swap,recent_contact,service_fraction,-0.0006810122074804636,-0.007053027185618188,0.005741409959419165
96,5,separated_resources,experience_swap,recent_contact,consumer_p10,0.004959616144766771,-0.013679612324483099,0.023102152285769718
96,20,uniform,recent_contact,random_swap,service_fraction,0.0,0.0,0.0
96,20,uniform,recent_contact,random_swap,consumer_p10,0.0,0.0,0.0
96,20,uniform,experience_swap,random_swap,service_fraction,0.0,0.0,0.0
96,20,uniform,experience_swap,random_swap,consumer_p10,0.0,0.0,0.0
96,20,uniform,recent_contact,fixed,service_fraction,0.060963048787107524,0.039002494788738344,0.08576493586997817
96,20,uniform,recent_contact,fixed,consumer_p10,0.22585045060392445,0.07236800188444316,0.4160470636434173
96,20,uniform,experience_swap,fixed,service_fraction,0.060963048787107524,0.03927100250084461,0.08438520676707927
96,20,uniform,experience_swap,fixed,consumer_p10,0.22585045060392445,0.06817006461058994,0.41737999461234915
96,20,uniform,experience_swap,recent_contact,service_fraction,0.0,0.0,0.0
96,20,uniform,experience_swap,recent_contact,consumer_p10,0.0,0.0,0.0
96,20,persistent_damage,recent_contact,random_swap,service_fraction,0.20229618424080006,0.18664628592567276,0.2181350697804897
96,20,persistent_damage,recent_contact,random_swap,consumer_p10,0.40872581219640614,0.3676843490236241,0.4488128075294951
96,20,persistent_damage,experience_swap,random_swap,service_fraction,0.21955071813414434,0.2030420842794574,0.23686995210878736
96,20,persistent_damage,experience_swap,random_swap,consumer_p10,0.46532802222648373,0.420348697708752,0.5082063572070546
96,20,persistent_damage,recent_contact,fixed,service_fraction,0.23057259484088366,0.20372600872219584,0.2604609510607572
96,20,persistent_damage,recent_contact,fixed,consumer_p10,0.7415969187145773,0.6766180645452494,0.7990436262135453
96,20,persistent_damage,experience_swap,fixed,service_fraction,0.2478271287342279,0.2205352063166036,0.2757177327543742
96,20,persistent_damage,experience_swap,fixed,consumer_p10,0.7981991287446548,0.742041623579344,0.8455456656065108
96,20,persistent_damage,experience_swap,recent_contact,service_fraction,0.017254533893344255,0.006667739171653356,0.02737633159994776
96,20,persistent_damage,experience_swap,recent_contact,consumer_p10,0.05660221003007758,0.019962078771902873,0.08996522494373278
96,20,rapid_change,recent_contact,random_swap,service_fraction,0.0363296867868155,0.028610779061514463,0.04420684606874588
96,20,rapid_change,recent_contact,random_swap,consumer_p10,0.046550971572810684,0.019007011119614767,0.07472027872661054
96,20,rapid_change,experience_swap,random_swap,service_fraction,0.04249776743559989,0.032267561120612166,0.05306266473719523
96,20,rapid_change,experience_swap,random_swap,consumer_p10,0.08638885817372363,0.06054509228796459,0.11351272407038367
96,20,rapid_change,recent_contact,fixed,service_fraction,0.06442975886952165,0.04780420771554409,0.08173298510661342
96,20,rapid_change,recent_contact,fixed,consumer_p10,0.3586912232077935,0.3040406495973956,0.40970019285479736
96,20,rapid_change,experience_swap,fixed,service_fraction,0.070597839518306,0.048556845920400285,0.09153417979241502
96,20,rapid_change,experience_swap,fixed,consumer_p10,0.3985291098087065,0.33588716731789364,0.4562437317196417
96,20,rapid_change,experience_swap,recent_contact,service_fraction,0.006168080648784385,-0.0044062469694538175,0.01633636735844142
96,20,rapid_change,experience_swap,recent_contact,consumer_p10,0.03983788660091296,0.022150504529898443,0.05668987314037992
96,20,separated_resources,recent_contact,random_swap,service_fraction,0.02254117589054123,0.016785461085017946,0.02817344078631736
96,20,separated_resources,recent_contact,random_swap,consumer_p10,0.022939748250048447,-0.0010507073694028628,0.04786667157204134
96,20,separated_resources,experience_swap,random_swap,service_fraction,0.02582599711328696,0.01922846839359235,0.03220377897169183
96,20,separated_resources,experience_swap,random_swap,consumer_p10,0.04050828479715679,0.014676321068178278,0.06510875193627554
96,20,separated_resources,recent_contact,fixed,service_fraction,0.02307435107816015,0.007090591265635413,0.038497099156543924
96,20,separated_resources,recent_contact,fixed,consumer_p10,0.28773169672673016,0.24208957585169139,0.31934141617164163
96,20,separated_resources,experience_swap,fixed,service_fraction,0.026359172300905877,0.012229049987793117,0.04217517500768251
96,20,separated_resources,experience_swap,fixed,consumer_p10,0.3053002332738385,0.25893236403394415,0.3378874776101405
96,20,separated_resources,experience_swap,recent_contact,service_fraction,0.003284821222745726,-0.0019358898622694452,0.008359374430949975
96,20,separated_resources,experience_swap,recent_contact,consumer_p10,0.017568536547108347,-0.0007308208033035318,0.03726532916967375
