n,cost_multiplier,dt,noise,cost_supply_fraction,policy,scenario,seed,service_fraction,consumer_p10,underserved_share,largest_component_mean,source_reach_mean,final_old_edge_share,gross_supply,lost,leaked,spilled,moved,rewiring_cost,swaps,largest_component_area,source_reach_area,max_mass_error,max_budget_ratio
24,1,0.2,0.0,0.0,fixed,persistent_damage,6900,0.8225236235607407,0.2233754379625389,0.16666666666666666,1.0000000000000075,1.0000000000000075,1.0,397.2602051948625,97.61625494535807,3.064706937671744,0.9489969082311656,455.40959362812373,0.0,0,80.0000000000006,80.0000000000006,7.105427357601002e-15,0.6874151131473754
24,1,0.1,0.0,0.0,fixed,persistent_damage,6900,0.8224433405309883,0.22292587744917872,0.16666666666666666,0.9999999999999967,0.9999999999999967,1.0,397.2602051948625,97.60794200035136,3.0616593460809387,0.8842685495088647,455.44310346209954,0.0,0,79.99999999999973,79.99999999999973,1.0658141036401503e-14,0.6881210968513264
24,1,0.2,0.0,0.003564414410211136,random_swap,persistent_damage,6900,0.8318877406788028,0.6120832444387252,0.0,1.0000000000000075,1.0000000000000075,0.20833333333333334,397.2602051948625,113.07899734119876,2.2275568422432857,0.0,352.18871810984484,1.4160000000000008,59,80.0000000000006,80.0000000000006,1.4210854715202004e-14,0.6691493148305907
24,1,0.1,0.0,0.003564414410211136,random_swap,persistent_damage,6900,0.8311789361704833,0.6099959499538978,0.0,0.9999999999999967,0.9999999999999967,0.20833333333333334,397.2602051948625,112.9793229032255,2.2011670618445742,0.0,351.8824069988495,1.4160000000000008,59,79.99999999999973,79.99999999999973,1.4210854715202004e-14,0.6677869729593586
24,1,0.2,0.0,0.003564414410211136,recent_contact,persistent_damage,6900,0.9946922478473361,0.9860356516731854,0.0,1.0000000000000075,1.0000000000000075,0.2708333333333333,397.2602051948625,73.67753083931757,2.5887610217902206,0.08514421703072506,378.05977721835455,1.4160000000000008,59,80.0000000000006,80.0000000000006,1.4210854715202004e-14,0.6812654105159677
24,1,0.1,0.0,0.003564414410211136,recent_contact,persistent_damage,6900,0.9945109687508957,0.9856807846264759,0.0,0.9999999999999967,0.9999999999999967,0.2708333333333333,397.2602051948625,73.64899459791178,2.572856987058124,0.04497442180135902,377.8673327993541,1.4160000000000008,59,79.99999999999973,79.99999999999973,1.4210854715202004e-14,0.6832237536241849
24,1,0.2,0.0,0.003564414410211136,experience_swap,persistent_damage,6900,1.0,1.0,0.0,1.0000000000000075,1.0000000000000075,0.3541666666666667,397.2602051948625,50.4396424194335,5.720566747662436,0.0,391.8295992691427,1.4160000000000008,59,80.0000000000006,80.0000000000006,1.4210854715202004e-14,0.6770699927883361
24,1,0.1,0.0,0.003564414410211136,experience_swap,persistent_damage,6900,1.0,1.0,0.0,0.9999999999999967,0.9999999999999967,0.4166666666666667,397.2602051948625,62.336205761168046,3.7952894297364526,0.0,401.61959688263653,1.4160000000000008,59,79.99999999999973,79.99999999999973,1.4210854715202004e-14,0.6766050782801681
24,1,0.2,0.0,0.0,fixed,separated_resources,6900,0.7436954945995357,0.11799431406302267,0.2777777777777778,1.0000000000000075,1.0000000000000075,1.0,401.8494913894261,106.20686865565425,1.4195515869733002,0.0,366.3175478941729,0.0,0,80.0000000000006,80.0000000000006,7.105427357601002e-15,0.5686214309212876
24,1,0.1,0.0,0.0,fixed,separated_resources,6900,0.7436864189638779,0.11798622081200107,0.2777777777777778,0.9999999999999967,0.9999999999999967,1.0,401.8494913894261,106.20481909908226,1.419245370784671,0.0,366.31010498630496,0.0,0,79.99999999999973,79.99999999999973,7.105427357601002e-15,0.5669569313584572
24,1,0.2,0.0,0.003523707334066966,random_swap,separated_resources,6900,0.7203524738567826,0.375022377694609,0.2222222222222222,1.0000000000000075,1.0000000000000075,0.20833333333333334,401.8494913894261,112.87720652195152,0.7016638812493117,0.0,306.774151511636,1.4160000000000008,59,80.0000000000006,80.0000000000006,7.105427357601002e-15,0.6059617908868781
24,1,0.1,0.0,0.003523707334066966,random_swap,separated_resources,6900,0.7204034522829997,0.37501148067378215,0.2222222222222222,0.9999999999999967,0.9999999999999967,0.20833333333333334,401.8494913894261,112.86283855326538,0.701156937399673,0.0,306.7190179896687,1.4160000000000008,59,79.99999999999973,79.99999999999973,7.105427357601002e-15,0.6034310101714763
24,1,0.2,0.0,0.003523707334066966,recent_contact,separated_resources,6900,0.7032115256329319,0.34899933689831564,0.2222222222222222,1.0000000000000075,1.0000000000000075,0.375,401.8494913894261,85.58008756782569,4.290565390266279,20.522884501428816,438.4731008407084,1.4160000000000008,59,80.0000000000006,80.0000000000006,7.105427357601002e-15,0.6946334803469983
24,1,0.1,0.0,0.003523707334066966,recent_contact,separated_resources,6900,0.7033361911523627,0.34906908394839475,0.2222222222222222,0.9999999999999967,0.9999999999999967,0.375,401.8494913894261,85.60434608731171,4.291047709622797,20.507990579245256,438.43456260173747,1.4160000000000008,59,79.99999999999973,79.99999999999973,1.0658141036401503e-14,0.6944831599381223
24,1,0.2,0.0,0.003523707334066966,experience_swap,separated_resources,6900,0.5958707720146308,0.177994013886165,0.4444444444444444,1.0000000000000075,1.0000000000000075,0.22916666666666666,401.8494913894261,60.44260431920104,4.922353370572789,64.19463917947897,313.45292061515687,1.4160000000000008,59,80.0000000000006,80.0000000000006,7.105427357601002e-15,0.626780664808104
24,1,0.1,0.0,0.003523707334066966,experience_swap,separated_resources,6900,0.6357444737543096,0.25210361189825775,0.4444444444444444,0.9999999999999967,0.9999999999999967,0.2916666666666667,401.8494913894261,69.80296182892214,4.853126922403765,48.167218097813794,352.4910433104,1.4160000000000008,59,79.99999999999973,79.99999999999973,7.105427357601002e-15,0.6624495111013775
24,20,0.2,0.0,0.0,fixed,persistent_damage,6900,0.8225236235607407,0.2233754379625389,0.16666666666666666,1.0000000000000075,1.0000000000000075,1.0,397.2602051948625,97.61625494535807,3.064706937671744,0.9489969082311656,455.40959362812373,0.0,0,80.0000000000006,80.0000000000006,7.105427357601002e-15,0.6874151131473754
24,20,0.1,0.0,0.0,fixed,persistent_damage,6900,0.8224433405309883,0.22292587744917872,0.16666666666666666,0.9999999999999967,0.9999999999999967,1.0,397.2602051948625,97.60794200035136,3.0616593460809387,0.8842685495088647,455.44310346209954,0.0,0,79.99999999999973,79.99999999999973,1.0658141036401503e-14,0.6881210968513264
24,20,0.2,0.0,0.07128828820422274,random_swap,persistent_damage,6900,0.7727474917090787,0.508662403137242,0.1111111111111111,1.0000000000000075,1.0000000000000075,0.20833333333333334,397.2602051948625,100.72736790609147,1.4803509180732888,0.0,317.27750191331,28.32000000000002,59,80.0000000000006,80.0000000000006,1.0658141036401503e-14,0.6394371496821006
24,20,0.1,0.0,0.07128828820422274,random_swap,persistent_damage,6900,0.7721134953148601,0.5067340917179941,0.1111111111111111,0.9999999999999967,0.9999999999999967,0.20833333333333334,397.2602051948625,100.61277079509428,1.4617475545909737,0.0,316.9404015179804,28.32000000000002,59,79.99999999999973,79.99999999999973,1.0658141036401503e-14,0.6378261436821552
24,20,0.2,0.0,0.07128828820422274,recent_contact,persistent_damage,6900,0.9390944342708948,0.8024691138835284,0.0,1.0000000000000075,1.0000000000000075,0.2708333333333333,397.2602051948625,63.8505034414122,1.552356829842537,0.0,335.63974172679883,28.32000000000002,59,80.0000000000006,80.0000000000006,7.105427357601002e-15,0.6447456250809053
24,20,0.1,0.0,0.07128828820422274,recent_contact,persistent_damage,6900,0.9384388087302876,0.799060195989831,0.0,0.9999999999999967,0.9999999999999967,0.2708333333333333,397.2602051948625,63.74221552729813,1.5333098540307533,0.0,335.26494309793696,28.32000000000002,59,79.99999999999973,79.99999999999973,1.0658141036401503e-14,0.6396928314299302
24,20,0.2,0.0,0.07128828820422274,experience_swap,persistent_damage,6900,0.9981597163188615,0.9964382119439572,0.0,1.0000000000000075,1.0000000000000075,0.3541666666666667,397.2602051948625,47.50282770206541,2.6029053205822055,0.0,369.5606596000583,28.32000000000002,59,80.0000000000006,80.0000000000006,7.105427357601002e-15,0.651238588364275
24,20,0.1,0.0,0.07128828820422274,experience_swap,persistent_damage,6900,0.9467919692169343,0.8607753504523172,0.0,0.9999999999999967,0.9999999999999967,0.3958333333333333,397.2602051948625,60.89205938026598,2.0123312765271213,0.0,368.09611338194105,28.32000000000002,59,79.99999999999973,79.99999999999973,1.0658141036401503e-14,0.6491435811200433
24,20,0.2,0.0,0.0,fixed,separated_resources,6900,0.7436954945995357,0.11799431406302267,0.2777777777777778,1.0000000000000075,1.0000000000000075,1.0,401.8494913894261,106.20686865565425,1.4195515869733002,0.0,366.3175478941729,0.0,0,80.0000000000006,80.0000000000006,7.105427357601002e-15,0.5686214309212876
24,20,0.1,0.0,0.0,fixed,separated_resources,6900,0.7436864189638779,0.11798622081200107,0.2777777777777778,0.9999999999999967,0.9999999999999967,1.0,401.8494913894261,106.20481909908226,1.419245370784671,0.0,366.31010498630496,0.0,0,79.99999999999973,79.99999999999973,7.105427357601002e-15,0.5669569313584572
24,20,0.2,0.0,0.07047414668133933,random_swap,separated_resources,6900,0.6778506520972798,0.3597400799816444,0.2777777777777778,1.0000000000000075,1.0000000000000075,0.20833333333333334,401.8494913894261,103.68105236008454,0.6135079527029437,0.0,280.9442110683342,28.32000000000002,59,80.0000000000006,80.0000000000006,7.105427357601002e-15,0.5513766977341297
24,20,0.1,0.0,0.07047414668133933,random_swap,separated_resources,6900,0.6779124128074747,0.3597274591808228,0.2777777777777778,0.9999999999999967,0.9999999999999967,0.20833333333333334,401.8494913894261,103.65936704986014,0.6130949249508698,0.0,280.8677833858366,28.32000000000002,59,79.99999999999973,79.99999999999973,7.105427357601002e-15,0.548207369225619
24,20,0.2,0.0,0.07047414668133933,recent_contact,separated_resources,6900,0.6714804727809285,0.30543497602857905,0.2222222222222222,1.0000000000000075,1.0000000000000075,0.375,401.8494913894261,79.07223304678283,3.871575294323787,16.056186882930234,431.30392087587796,28.32000000000002,59,80.0000000000006,80.0000000000006,7.105427357601002e-15,0.7012375773215608
24,20,0.1,0.0,0.07047414668133933,recent_contact,separated_resources,6900,0.6715282141226384,0.30473447976454315,0.2222222222222222,0.9999999999999967,0.9999999999999967,0.375,401.8494913894261,79.07228617013499,3.868188615727165,16.032803321530935,431.00672736099386,28.32000000000002,59,79.99999999999973,79.99999999999973,7.105427357601002e-15,0.6999982289416251
24,20,0.2,0.0,0.07047414668133933,experience_swap,separated_resources,6900,0.7114893424922462,0.3437406944375493,0.2222222222222222,1.0000000000000075,1.0000000000000075,0.3541666666666667,401.8494913894261,86.20878341815829,2.8426296432266422,0.0,378.53342171919576,28.32000000000002,59,80.0000000000006,80.0000000000006,7.105427357601002e-15,0.5806741790094263
24,20,0.1,0.0,0.07047414668133933,experience_swap,separated_resources,6900,0.7115433051217741,0.3436090072202776,0.2222222222222222,0.9999999999999967,0.9999999999999967,0.3541666666666667,401.8494913894261,86.20752088593993,2.8404517543132286,0.0,378.1798872345883,28.32000000000002,59,79.99999999999973,79.99999999999973,7.105427357601002e-15,0.5801219654115878
96,1,0.2,0.0,0.0,fixed,persistent_damage,6900,0.7320559886573684,0.021364681712041915,0.25,1.0000000000000075,1.0000000000000075,1.0,1585.643975623796,453.3718030841406,11.247382603842258,11.837491805612549,1552.0773406229398,0.0,0,80.0000000000006,80.0000000000006,2.842170943040401e-14,0.5366261149892201
96,1,0.1,0.0,0.0,fixed,persistent_damage,6900,0.7319179737665571,0.02152181177560874,0.25,0.9999999999999967,0.9999999999999967,1.0,1585.643975623796,453.3388907452186,11.228688994972648,11.536278331643967,1551.9172205191069,0.0,0,79.99999999999973,79.99999999999973,2.842170943040401e-14,0.5365130312881767
96,1,0.2,0.0,0.003572050275517727,random_swap,persistent_damage,6900,0.8333058755240151,0.5783528270386963,0.06944444444444445,1.0000000000000075,1.0000000000000075,0.109375,1585.643975623796,447.3680567981193,8.030034546214948,0.05130517333680906,1410.1816593064912,5.664000000000004,236,80.0000000000006,80.0000000000006,5.684341886080802e-14,0.5580147717968783
96,1,0.1,0.0,0.003572050275517727,random_swap,persistent_damage,6900,0.8329448133489828,0.5780305120757484,0.06944444444444445,0.9999999999999967,0.9999999999999967,0.109375,1585.643975623796,446.9306704079877,7.955655244515305,0.022726997728029108,1408.9720247347507,5.664000000000004,236,79.99999999999973,79.99999999999973,5.684341886080802e-14,0.5570810828798209
96,1,0.2,0.0,0.003572050275517727,recent_contact,persistent_damage,6900,1.0,1.0,0.0,1.0000000000000075,1.0000000000000075,0.13020833333333334,1585.643975623796,232.72010523041374,18.00704860449798,0.20548415486962357,1650.9285565036944,5.664000000000004,236,80.0000000000006,80.0000000000006,4.263256414560601e-14,0.6053217261592779
96,1,0.1,0.0,0.003572050275517727,recent_contact,persistent_damage,6900,1.0,1.0,0.0,0.9999999999999967,0.9999999999999967,0.13020833333333334,1585.643975623796,232.66756561449802,17.83797912528366,0.1489557625333391,1650.4512818074131,5.664000000000004,236,79.99999999999973,79.99999999999973,5.684341886080802e-14,0.6043982952170432
96,1,0.2,0.0,0.003572050275517727,experience_swap,persistent_damage,6900,1.0,1.0,0.0,1.0000000000000075,1.0000000000000075,0.24479166666666666,1585.643975623796,183.85953484286946,23.77880132906648,1.1301864888985271,1563.937463727965,5.664000000000004,236,80.0000000000006,80.0000000000006,4.263256414560601e-14,0.5840037187165652
96,1,0.1,0.0,0.003572050275517727,experience_swap,persistent_damage,6900,1.0,1.0,0.0,0.9999999999999967,0.9999999999999967,0.2552083333333333,1585.643975623796,212.19708054298238,20.869017705637138,0.0,1694.2920717885333,5.664000000000004,236,79.99999999999973,79.99999999999973,5.684341886080802e-14,0.6255695566276643
96,1,0.2,0.0,0.0,fixed,separated_resources,6900,0.6610715334290266,0.0,0.3611111111111111,1.0000000000000075,1.0000000000000075,1.0,1571.140863961451,430.92499078557876,9.40002684610379,35.82610170431175,1217.7692316336204,0.0,0,80.0000000000006,80.0000000000006,2.842170943040401e-14,0.4715392887499868
96,1,0.1,0.0,0.0,fixed,separated_resources,6900,0.6610600533572435,0.0,0.3611111111111111,0.9999999999999967,0.9999999999999967,1.0,1571.140863961451,430.96107915826417,9.393885270314945,35.7278063557059,1217.9127946605142,0.0,0,79.99999999999973,79.99999999999973,2.1316282072803006e-14,0.4699092519895108
96,1,0.2,0.0,0.0036050236677816904,random_swap,separated_resources,6900,0.7282383370574349,0.40195140829671117,0.1388888888888889,1.0000000000000075,1.0000000000000075,0.109375,1571.140863961451,415.46440661452954,2.923891727355153,0.0,1231.1091674488525,5.664000000000004,236,80.0000000000006,80.0000000000006,2.842170943040401e-14,0.5218536597888044
96,1,0.1,0.0,0.0036050236677816904,random_swap,separated_resources,6900,0.7282899437655727,0.402104947961932,0.1388888888888889,0.9999999999999967,0.9999999999999967,0.109375,1571.140863961451,415.43323397831796,2.921966138629619,0.0,1230.8981552684486,5.664000000000004,236,79.99999999999973,79.99999999999973,1.4210854715202004e-14,0.5191008132412323
96,1,0.2,0.0,0.0036050236677816904,recent_contact,separated_resources,6900,0.7307179969722417,0.3663767675196991,0.2361111111111111,1.0000000000000075,1.0000000000000075,0.20833333333333334,1571.140863961451,365.1129321560662,11.059228392713598,4.902315544927587,1662.8623429453069,5.664000000000004,236,80.0000000000006,80.0000000000006,2.842170943040401e-14,0.5935711255562978
96,1,0.1,0.0,0.0036050236677816904,recent_contact,separated_resources,6900,0.7307974894557642,0.36642319272164736,0.2361111111111111,0.9999999999999967,0.9999999999999967,0.20833333333333334,1571.140863961451,365.1629367367507,11.050774563233256,4.829666152691885,1662.2177316284692,5.664000000000004,236,79.99999999999973,79.99999999999973,2.1316282072803006e-14,0.5933208547363364
96,1,0.2,0.0,0.0036050236677816904,experience_swap,separated_resources,6900,0.7220696419891487,0.37918445810678053,0.2777777777777778,1.0000000000000075,1.0000000000000075,0.2604166666666667,1571.140863961451,361.87939811403766,11.522040391651128,27.141298894062043,1665.170550633727,5.664000000000004,236,80.0000000000006,80.0000000000006,2.842170943040401e-14,0.585093598739484
96,1,0.1,0.0,0.0036050236677816904,experience_swap,separated_resources,6900,0.7221413201324758,0.3785927778949477,0.2777777777777778,0.9999999999999967,0.9999999999999967,0.2604166666666667,1571.140863961451,361.9017619290381,11.516435782191973,27.028683545332395,1664.7577106297524,5.664000000000004,236,79.99999999999973,79.99999999999973,2.1316282072803006e-14,0.5852545175677852
96,20,0.2,0.0,0.0,fixed,persistent_damage,6900,0.7320559886573684,0.021364681712041915,0.25,1.0000000000000075,1.0000000000000075,1.0,1585.643975623796,453.3718030841406,11.247382603842258,11.837491805612549,1552.0773406229398,0.0,0,80.0000000000006,80.0000000000006,2.842170943040401e-14,0.5366261149892201
96,20,0.1,0.0,0.0,fixed,persistent_damage,6900,0.7319179737665571,0.02152181177560874,0.25,0.9999999999999967,0.9999999999999967,1.0,1585.643975623796,453.3388907452186,11.228688994972648,11.536278331643967,1551.9172205191069,0.0,0,79.99999999999973,79.99999999999973,2.842170943040401e-14,0.5365130312881767
96,20,0.2,0.0,0.07144100551035462,random_swap,persistent_damage,6900,0.7814310138677744,0.44072127686238716,0.1388888888888889,1.0000000000000075,1.0000000000000075,0.109375,1585.643975623796,394.36966146089526,5.45689529046039,0.0,1259.6119970277628,113.28000000000023,236,80.0000000000006,80.0000000000006,2.842170943040401e-14,0.5282972642646853
96,20,0.1,0.0,0.07144100551035462,random_swap,persistent_damage,6900,0.7809021305844163,0.4379114194522647,0.1388888888888889,0.9999999999999967,0.9999999999999967,0.109375,1585.643975623796,393.8077928876674,5.387884773196004,0.0,1258.0798639229213,113.28000000000023,236,79.99999999999973,79.99999999999973,4.263256414560601e-14,0.5280539062943068
96,20,0.2,0.0,0.07144100551035462,recent_contact,persistent_damage,6900,0.9717118648648279,0.8799102647082613,0.0,1.0000000000000075,1.0000000000000075,0.13020833333333334,1585.643975623796,210.41514469104362,9.427440136494182,0.0,1500.5488551811495,113.28000000000023,236,80.0000000000006,80.0000000000006,2.842170943040401e-14,0.5759022796949211
96,20,0.1,0.0,0.07144100551035462,recent_contact,persistent_damage,6900,0.9710512076939264,0.87928403718356,0.0,0.9999999999999967,0.9999999999999967,0.13020833333333334,1585.643975623796,210.0094080563133,9.32313384017438,0.0,1498.213498384612,113.28000000000023,236,79.99999999999973,79.99999999999973,4.263256414560601e-14,0.5736483091685617
96,20,0.2,0.0,0.07144100551035462,experience_swap,persistent_damage,6900,0.9651305548657212,0.9011019535384892,0.0,1.0000000000000075,1.0000000000000075,0.23958333333333334,1585.643975623796,221.3724708573293,8.106029844729964,0.0,1465.848288110241,113.28000000000023,236,80.0000000000006,80.0000000000006,2.842170943040401e-14,0.5593201330333251
96,20,0.1,0.0,0.07144100551035462,experience_swap,persistent_damage,6900,0.9579947066431821,0.8271674653043638,0.0,0.9999999999999967,0.9999999999999967,0.265625,1585.643975623796,221.62081503750127,8.988592576598709,0.0,1507.2081976869356,113.28000000000023,236,79.99999999999973,79.99999999999973,2.842170943040401e-14,0.5619566775852028
96,20,0.2,0.0,0.0,fixed,separated_resources,6900,0.6610715334290266,0.0,0.3611111111111111,1.0000000000000075,1.0000000000000075,1.0,1571.140863961451,430.92499078557876,9.40002684610379,35.82610170431175,1217.7692316336204,0.0,0,80.0000000000006,80.0000000000006,2.842170943040401e-14,0.4715392887499868
96,20,0.1,0.0,0.0,fixed,separated_resources,6900,0.6610600533572435,0.0,0.3611111111111111,0.9999999999999967,0.9999999999999967,1.0,1571.140863961451,430.96107915826417,9.393885270314945,35.7278063557059,1217.9127946605142,0.0,0,79.99999999999973,79.99999999999973,2.1316282072803006e-14,0.4699092519895108
96,20,0.2,0.0,0.0721004733556339,random_swap,separated_resources,6900,0.68472259477155,0.3597234826775357,0.19444444444444445,1.0000000000000075,1.0000000000000075,0.109375,1571.140863961451,379.5009578990656,2.5002083933828483,0.0,1121.8302801478346,113.28000000000023,236,80.0000000000006,80.0000000000006,2.842170943040401e-14,0.48930802365247733
96,20,0.1,0.0,0.0721004733556339,random_swap,separated_resources,6900,0.6847857278017071,0.3597122303391422,0.19444444444444445,0.9999999999999967,0.9999999999999967,0.109375,1571.140863961451,379.4570517037061,2.4987643948451637,0.0,1121.5858123180406,113.28000000000023,236,79.99999999999973,79.99999999999973,2.1316282072803006e-14,0.4861797719418431
96,20,0.2,0.0,0.0721004733556339,recent_contact,separated_resources,6900,0.6993871671094151,0.32239748393996653,0.2638888888888889,1.0000000000000075,1.0000000000000075,0.20833333333333334,1571.140863961451,335.6899584262843,8.763480475731544,0.0,1516.956056818047,113.28000000000023,236,80.0000000000006,80.0000000000006,2.842170943040401e-14,0.5550717618916339
96,20,0.1,0.0,0.0721004733556339,recent_contact,separated_resources,6900,0.6994371967476877,0.3221852932650625,0.2638888888888889,0.9999999999999967,0.9999999999999967,0.20833333333333334,1571.140863961451,335.70766827852515,8.754294631885037,0.0,1515.9417173563802,113.28000000000023,236,79.99999999999973,79.99999999999973,2.1316282072803006e-14,0.5549848411731221
96,20,0.2,0.0,0.0721004733556339,experience_swap,separated_resources,6900,0.6815245405315963,0.3069364044260957,0.2638888888888889,1.0000000000000075,1.0000000000000075,0.28125,1571.140863961451,327.02439778920103,11.751450093128078,28.895239656705606,1655.4347187899775,113.28000000000023,236,80.0000000000006,80.0000000000006,2.842170943040401e-14,0.5943444084172932
96,20,0.1,0.0,0.0721004733556339,experience_swap,separated_resources,6900,0.6815901484493928,0.30670239375211034,0.2638888888888889,0.9999999999999967,0.9999999999999967,0.28125,1571.140863961451,327.03350409545277,11.734784833852814,28.843423053820093,1654.7326140873104,113.28000000000023,236,79.99999999999973,79.99999999999973,2.842170943040401e-14,0.5933421467547833
