n,scenario,dt,rate,seeds,treatment,baseline,metric,delta,ci_low,ci_high
96,persistent_damage,0.2,1.0,20,hybrid_25,pulse_only,service,-0.02740532103722983,-0.04246164135109664,-0.012604339992206233
96,persistent_damage,0.2,1.0,20,hybrid_25,pulse_only,p10,-0.0685639864690563,-0.13536807204958007,0.004586551625686677
96,persistent_damage,0.2,1.0,20,hybrid_25,pulse_only,messages,-5877.2,-6228.81,-5509.52
96,persistent_damage,0.2,1.0,20,hybrid_25,signal_only,service,0.030341660728054592,0.014703751071314839,0.04692049559252029
96,persistent_damage,0.2,1.0,20,hybrid_25,signal_only,p10,0.12376421482557694,0.062271951546807536,0.18930912170149883
96,persistent_damage,0.2,1.0,20,hybrid_25,signal_only,messages,1103.2,881.6,1316.41
96,persistent_damage,0.2,1.0,20,hybrid_50,pulse_only,service,-0.012741356023984912,-0.024087496475450363,-0.0019545403586377448
96,persistent_damage,0.2,1.0,20,hybrid_50,pulse_only,p10,-0.0563885851661838,-0.12325529774869606,0.004091345221848654
96,persistent_damage,0.2,1.0,20,hybrid_50,pulse_only,messages,-4057.6,-4238.8,-3862.4
96,persistent_damage,0.2,1.0,20,hybrid_50,signal_only,service,0.04500562574129951,0.03572573300425408,0.054890442519655275
96,persistent_damage,0.2,1.0,20,hybrid_50,signal_only,p10,0.13593961612844943,0.08883608834169668,0.18657871425099473
96,persistent_damage,0.2,1.0,20,hybrid_50,signal_only,messages,2922.8,2631.99,3201.6
96,persistent_damage,0.2,1.0,20,hybrid_75,pulse_only,service,-0.0037148090435797088,-0.013731202228218687,0.006143322776087944
96,persistent_damage,0.2,1.0,20,hybrid_75,pulse_only,p10,-0.015265720491767188,-0.058495192974171925,0.03484744221578855
96,persistent_damage,0.2,1.0,20,hybrid_75,pulse_only,messages,-2268.8,-2365.6,-2171.5899999999997
96,persistent_damage,0.2,1.0,20,hybrid_75,signal_only,service,0.05403217272170472,0.043864815035868934,0.06384088129247577
96,persistent_damage,0.2,1.0,20,hybrid_75,signal_only,p10,0.17706248080286605,0.11143117934938554,0.24766376885574687
96,persistent_damage,0.2,1.0,20,hybrid_75,signal_only,messages,4711.6,4314.8,5088.42
96,persistent_damage,0.2,1.0,20,signal_only,pulse_only,service,-0.05774698176528442,-0.06857156584578106,-0.04739034973485699
96,persistent_damage,0.2,1.0,20,signal_only,pulse_only,p10,-0.1923282012946332,-0.2617450209724492,-0.12830844969408958
96,persistent_damage,0.2,1.0,20,signal_only,pulse_only,messages,-6980.4,-7401.21,-6543.2
96,persistent_damage,0.2,4.0,20,hybrid_25,pulse_only,service,-0.0367433968921302,-0.0448612555641308,-0.028246934255874448
96,persistent_damage,0.2,4.0,20,hybrid_25,pulse_only,p10,-0.15453019681546945,-0.2102615676414546,-0.10048149560918208
96,persistent_damage,0.2,4.0,20,hybrid_25,pulse_only,messages,-28038.8,-29202.11,-26959.190000000002
96,persistent_damage,0.2,4.0,20,hybrid_25,signal_only,service,0.06316638607594888,0.05139656163265152,0.07617618896355507
96,persistent_damage,0.2,4.0,20,hybrid_25,signal_only,p10,0.23036566669884082,0.15761072393667447,0.30633062715747755
96,persistent_damage,0.2,4.0,20,hybrid_25,signal_only,messages,6044.8,5367.0,6605.68
96,persistent_damage,0.2,4.0,20,hybrid_50,pulse_only,service,-0.015654131386872272,-0.02367739092641789,-0.00705137226804868
96,persistent_damage,0.2,4.0,20,hybrid_50,pulse_only,p10,-0.05479936332533095,-0.1075923753762486,-0.0060715292853740135
96,persistent_damage,0.2,4.0,20,hybrid_50,pulse_only,messages,-18911.6,-19809.64,-18053.53
96,persistent_damage,0.2,4.0,20,hybrid_50,signal_only,service,0.0842556515812068,0.07267195679386311,0.09538646242198894
96,persistent_damage,0.2,4.0,20,hybrid_50,signal_only,p10,0.33009650018897935,0.24804507512584748,0.41531559965962184
96,persistent_damage,0.2,4.0,20,hybrid_50,signal_only,messages,15172.0,14521.59,15795.2
96,persistent_damage,0.2,4.0,20,hybrid_75,pulse_only,service,-0.010965110801905143,-0.019791808615815577,-0.0022349092353214166
96,persistent_damage,0.2,4.0,20,hybrid_75,pulse_only,p10,-0.023954219219997602,-0.08013704411890003,0.03519646188692415
96,persistent_damage,0.2,4.0,20,hybrid_75,pulse_only,messages,-9561.6,-9974.1,-9134.789999999999
96,persistent_damage,0.2,4.0,20,hybrid_75,signal_only,service,0.08894467216617392,0.07847129901553547,0.09991008453498457
96,persistent_damage,0.2,4.0,20,hybrid_75,signal_only,p10,0.3609416442943127,0.26697630247179827,0.45486092586624943
96,persistent_damage,0.2,4.0,20,hybrid_75,signal_only,messages,24522.0,23550.36,25504.85
96,persistent_damage,0.2,4.0,20,signal_only,pulse_only,service,-0.09990978296807909,-0.11154497194717736,-0.08886453333092159
96,persistent_damage,0.2,4.0,20,signal_only,pulse_only,p10,-0.3848958635143103,-0.4654551329979665,-0.30521431054695797
96,persistent_damage,0.2,4.0,20,signal_only,pulse_only,messages,-34083.6,-35430.8,-32721.5
96,repeated_damage,0.2,1.0,20,hybrid_25,pulse_only,service,-0.025355587649230026,-0.033528971857250955,-0.016639963929467053
96,repeated_damage,0.2,1.0,20,hybrid_25,pulse_only,p10,-0.10879734604192692,-0.15411657037966603,-0.06443642282247082
96,repeated_damage,0.2,1.0,20,hybrid_25,pulse_only,messages,-5828.0,-6082.04,-5559.2
96,repeated_damage,0.2,1.0,20,hybrid_25,signal_only,service,0.018148045791406737,0.010736310766385012,0.025377779935941164
96,repeated_damage,0.2,1.0,20,hybrid_25,signal_only,p10,0.02370190262934066,-0.010568977381141932,0.05862451326224795
96,repeated_damage,0.2,1.0,20,hybrid_25,signal_only,messages,1047.2,879.98,1220.4
96,repeated_damage,0.2,1.0,20,hybrid_50,pulse_only,service,-0.008514875814108192,-0.017074111403602665,-0.00010012524038029941
96,repeated_damage,0.2,1.0,20,hybrid_50,pulse_only,p10,-0.008918477683882023,-0.048827761090270254,0.030574403772714327
96,repeated_damage,0.2,1.0,20,hybrid_50,pulse_only,messages,-4010.0,-4220.8,-3801.2
96,repeated_damage,0.2,1.0,20,hybrid_50,signal_only,service,0.034988757626528574,0.02720286533583356,0.04260454056259914
96,repeated_damage,0.2,1.0,20,hybrid_50,signal_only,p10,0.12358077098738555,0.0806962699211829,0.16687760188194953
96,repeated_damage,0.2,1.0,20,hybrid_50,signal_only,messages,2865.2,2650.0,3086.8100000000004
96,repeated_damage,0.2,1.0,20,hybrid_75,pulse_only,service,-0.007549590580296822,-0.017650241713911583,0.0035731294620135346
96,repeated_damage,0.2,1.0,20,hybrid_75,pulse_only,p10,-0.009348508468813665,-0.0538764480520733,0.036850833752384966
96,repeated_damage,0.2,1.0,20,hybrid_75,pulse_only,messages,-2222.4,-2309.2,-2134.4
96,repeated_damage,0.2,1.0,20,hybrid_75,signal_only,service,0.035954042860339944,0.028885016845005274,0.042673340700820114
96,repeated_damage,0.2,1.0,20,hybrid_75,signal_only,p10,0.12315074020245391,0.08467438997117079,0.16249208858087733
96,repeated_damage,0.2,1.0,20,hybrid_75,signal_only,messages,4652.8,4369.99,4928.4
96,repeated_damage,0.2,1.0,20,signal_only,pulse_only,service,-0.04350363344063676,-0.05302257793217186,-0.03358844344368735
96,repeated_damage,0.2,1.0,20,signal_only,pulse_only,p10,-0.13249924867126758,-0.17976399919069785,-0.08371279734583402
96,repeated_damage,0.2,1.0,20,signal_only,pulse_only,messages,-6875.2,-7202.41,-6545.58
96,repeated_damage,0.2,4.0,20,hybrid_25,pulse_only,service,-0.035489959875896246,-0.04078170283010992,-0.030083265433517786
96,repeated_damage,0.2,4.0,20,hybrid_25,pulse_only,p10,-0.13381606887515585,-0.17495819774312243,-0.09149533392286083
96,repeated_damage,0.2,4.0,20,hybrid_25,pulse_only,messages,-28242.8,-29367.629999999997,-27073.579999999998
96,repeated_damage,0.2,4.0,20,hybrid_25,signal_only,service,0.04135797122141518,0.03361983225731162,0.04911649307448688
96,repeated_damage,0.2,4.0,20,hybrid_25,signal_only,p10,0.1318867486179179,0.08848584661630098,0.17311695867927326
96,repeated_damage,0.2,4.0,20,hybrid_25,signal_only,messages,6625.2,6269.17,6992.41
96,repeated_damage,0.2,4.0,20,hybrid_50,pulse_only,service,-0.018778907302507565,-0.024494237223079047,-0.01274419965616777
96,repeated_damage,0.2,4.0,20,hybrid_50,pulse_only,p10,-0.07520732914692578,-0.11821693374247243,-0.032868863206214294
96,repeated_damage,0.2,4.0,20,hybrid_50,pulse_only,messages,-19152.8,-19980.01,-18327.66
96,repeated_damage,0.2,4.0,20,hybrid_50,signal_only,service,0.05806902379480385,0.04934247665566088,0.06674650945450898
96,repeated_damage,0.2,4.0,20,hybrid_50,signal_only,p10,0.190495488346148,0.1474330984790409,0.23231747956721674
96,repeated_damage,0.2,4.0,20,hybrid_50,signal_only,messages,15715.2,15219.99,16202.05
96,repeated_damage,0.2,4.0,20,hybrid_75,pulse_only,service,-0.009065996709703488,-0.012935965171832872,-0.005601421627127533
96,repeated_damage,0.2,4.0,20,hybrid_75,pulse_only,p10,-0.03265239472187785,-0.0572158572038826,-0.008883067147320041
96,repeated_damage,0.2,4.0,20,hybrid_75,pulse_only,messages,-9645.6,-10072.42,-9203.52
96,repeated_damage,0.2,4.0,20,hybrid_75,signal_only,service,0.06778193438760793,0.05909707378360075,0.07600380305888658
96,repeated_damage,0.2,4.0,20,hybrid_75,signal_only,p10,0.23305042277119595,0.18204766601036776,0.2852299868697783
96,repeated_damage,0.2,4.0,20,hybrid_75,signal_only,messages,25222.4,24401.190000000002,26016.01
96,repeated_damage,0.2,4.0,20,signal_only,pulse_only,service,-0.07684793109731143,-0.08404305314779949,-0.06971194145605925
96,repeated_damage,0.2,4.0,20,signal_only,pulse_only,p10,-0.2657028174930738,-0.32278430499675376,-0.21100732430384914
96,repeated_damage,0.2,4.0,20,signal_only,pulse_only,messages,-34868.0,-36092.42,-33685.53
96,scarcity,0.2,1.0,20,hybrid_25,pulse_only,service,-0.0007936450144750695,-0.0022468907392530395,0.0002446661396328696
96,scarcity,0.2,1.0,20,hybrid_25,pulse_only,p10,0.004526252894472157,-0.0025860505259679735,0.013261390402119252
96,scarcity,0.2,1.0,20,hybrid_25,pulse_only,messages,-2158.8,-2314.8,-2020.0
96,scarcity,0.2,1.0,20,hybrid_25,signal_only,service,0.003164802897164626,0.00042530671615808896,0.006954466304258449
96,scarcity,0.2,1.0,20,hybrid_25,signal_only,p10,-0.011922003404035618,-0.02857968219498726,0.0028020422520847015
96,scarcity,0.2,1.0,20,hybrid_25,signal_only,messages,-340.4,-471.6,-214.0
96,scarcity,0.2,1.0,20,hybrid_50,pulse_only,service,-0.0005033522056302753,-0.0019522306330483276,0.0005104763380730044
96,scarcity,0.2,1.0,20,hybrid_50,pulse_only,p10,-0.0016429310543567073,-0.005229647473946828,0.0004821272841974502
96,scarcity,0.2,1.0,20,hybrid_50,pulse_only,messages,-1900.0,-2031.21,-1773.19
96,scarcity,0.2,1.0,20,hybrid_50,signal_only,service,0.0034550957060094202,0.0007036307137661926,0.007352791177709892
96,scarcity,0.2,1.0,20,hybrid_50,signal_only,p10,-0.01809118735286448,-0.03382077450633018,-0.00599909181314118
96,scarcity,0.2,1.0,20,hybrid_50,signal_only,messages,-81.6,-235.2,72.01000000000003
96,scarcity,0.2,1.0,20,hybrid_75,pulse_only,service,-0.0008295975675822242,-0.0015013755231499764,-0.00023373313751436306
96,scarcity,0.2,1.0,20,hybrid_75,pulse_only,p10,-0.001357226166432397,-0.00515277096691503,0.0009917731873507383
96,scarcity,0.2,1.0,20,hybrid_75,pulse_only,messages,-1249.2,-1315.21,-1184.4
96,scarcity,0.2,1.0,20,hybrid_75,signal_only,service,0.003128850344057471,-0.00012959120221669936,0.008253798481499888
96,scarcity,0.2,1.0,20,hybrid_75,signal_only,p10,-0.01780548246494017,-0.032553108758591104,-0.005745140480014522
96,scarcity,0.2,1.0,20,hybrid_75,signal_only,messages,569.2,381.19,765.6200000000001
96,scarcity,0.2,1.0,20,signal_only,pulse_only,service,-0.0039584479116396955,-0.009198299460550573,-0.000524596188542828
96,scarcity,0.2,1.0,20,signal_only,pulse_only,p10,0.016448256298507775,0.006176837886730328,0.02861283596376498
96,scarcity,0.2,1.0,20,signal_only,pulse_only,messages,-1818.4,-2069.24,-1573.6
96,scarcity,0.2,4.0,20,hybrid_25,pulse_only,service,0.0006674565026835832,0.00014960766449172006,0.0012400684629159425
96,scarcity,0.2,4.0,20,hybrid_25,pulse_only,p10,-0.005568561231160417,-0.018259461819922936,0.002399587297677826
96,scarcity,0.2,4.0,20,hybrid_25,pulse_only,messages,-12165.2,-12861.230000000001,-11555.58
96,scarcity,0.2,4.0,20,hybrid_25,signal_only,service,0.0038949857398271003,0.0005906336393618927,0.008882869590402383
96,scarcity,0.2,4.0,20,hybrid_25,signal_only,p10,-0.012889707340386952,-0.02712584433899273,-0.0025069992410224175
96,scarcity,0.2,4.0,20,hybrid_25,signal_only,messages,3587.6,3015.96,4142.02
96,scarcity,0.2,4.0,20,hybrid_50,pulse_only,service,0.00018554011932359616,-0.0003376914113637576,0.000796221048166805
96,scarcity,0.2,4.0,20,hybrid_50,pulse_only,p10,0.02084152279868483,-0.012707474929581686,0.07252991755487428
96,scarcity,0.2,4.0,20,hybrid_50,pulse_only,messages,-8248.4,-8719.210000000001,-7822.73
96,scarcity,0.2,4.0,20,hybrid_50,signal_only,service,0.003413069356467113,0.00034977783227361397,0.008342150555855014
96,scarcity,0.2,4.0,20,hybrid_50,signal_only,p10,0.013520376689458297,-0.016190980335113504,0.060287586678295244
96,scarcity,0.2,4.0,20,hybrid_50,signal_only,messages,7504.4,6983.51,7942.41
96,scarcity,0.2,4.0,20,hybrid_75,pulse_only,service,0.0003244002420061343,-0.00027742545505822193,0.0009834966897802613
96,scarcity,0.2,4.0,20,hybrid_75,pulse_only,p10,0.0014170536125056557,-0.01673343769251494,0.018475486527825036
96,scarcity,0.2,4.0,20,hybrid_75,pulse_only,messages,-4567.6,-4782.02,-4393.2
96,scarcity,0.2,4.0,20,hybrid_75,signal_only,service,0.0035519294791496515,0.00044232268924535056,0.00836641351751349
96,scarcity,0.2,4.0,20,hybrid_75,signal_only,p10,-0.005904092496720879,-0.020400800838468028,0.003917185357947874
96,scarcity,0.2,4.0,20,hybrid_75,signal_only,messages,11185.2,10565.94,11782.02
96,scarcity,0.2,4.0,20,signal_only,pulse_only,service,-0.0032275292371435173,-0.007829803092723067,-0.00030194426839618723
96,scarcity,0.2,4.0,20,signal_only,pulse_only,p10,0.007321146109226534,-0.00028620573147590094,0.018337148875307425
96,scarcity,0.2,4.0,20,signal_only,pulse_only,messages,-15752.8,-16498.829999999998,-15054.369999999999
96,uniform,0.2,1.0,20,hybrid_25,pulse_only,service,-0.014929640819672485,-0.023714074957251866,-0.006823738477542736
96,uniform,0.2,1.0,20,hybrid_25,pulse_only,p10,-0.056730562551513396,-0.11636950008633934,-0.011180536279614494
96,uniform,0.2,1.0,20,hybrid_25,pulse_only,messages,-7356.4,-7713.22,-6948.8
96,uniform,0.2,1.0,20,hybrid_25,signal_only,service,0.02539258744809464,0.01784390341191482,0.03305771346740204
96,uniform,0.2,1.0,20,hybrid_25,signal_only,p10,0.12077128168238038,0.04801415100117266,0.2118208506595901
96,uniform,0.2,1.0,20,hybrid_25,signal_only,messages,1877.2,1657.6,2086.42
96,uniform,0.2,1.0,20,hybrid_50,pulse_only,service,-0.004493182707065352,-0.009866012795539607,0.0010054874039905398
96,uniform,0.2,1.0,20,hybrid_50,pulse_only,p10,-0.01045220984158154,-0.07268810095671517,0.032129847914382295
96,uniform,0.2,1.0,20,hybrid_50,pulse_only,messages,-5063.6,-5275.610000000001,-4841.6
96,uniform,0.2,1.0,20,hybrid_50,signal_only,service,0.035829045560701774,0.026864964854430448,0.04507389398156141
96,uniform,0.2,1.0,20,hybrid_50,signal_only,p10,0.16704963439231227,0.0688017447466821,0.27669566224939307
96,uniform,0.2,1.0,20,hybrid_50,signal_only,messages,4170.0,3845.6,4481.64
96,uniform,0.2,1.0,20,hybrid_75,pulse_only,service,-0.006478871820979027,-0.012265706664192088,-0.001496460075781323
96,uniform,0.2,1.0,20,hybrid_75,pulse_only,p10,-0.03245691373578852,-0.10092807070560793,0.011897803275675498
96,uniform,0.2,1.0,20,hybrid_75,pulse_only,messages,-2633.6,-2731.21,-2527.2
96,uniform,0.2,1.0,20,hybrid_75,signal_only,service,0.0338433564467881,0.024768520391455322,0.04316257569238994
96,uniform,0.2,1.0,20,hybrid_75,signal_only,p10,0.14504493049810527,0.04819390757486084,0.26031122706248694
96,uniform,0.2,1.0,20,hybrid_75,signal_only,messages,6600.0,6161.17,7056.820000000001
96,uniform,0.2,1.0,20,signal_only,pulse_only,service,-0.04032222826776712,-0.050836674564034436,-0.030291978266980008
96,uniform,0.2,1.0,20,signal_only,pulse_only,p10,-0.17750184423389376,-0.30082648732266387,-0.07059413416625195
96,uniform,0.2,1.0,20,signal_only,pulse_only,messages,-9233.6,-9726.0,-8709.59
96,uniform,0.2,4.0,20,hybrid_25,pulse_only,service,-0.007429871403853927,-0.01328725377431671,-0.002068498227802048
96,uniform,0.2,4.0,20,hybrid_25,pulse_only,p10,-0.011839528316176334,-0.042844621648715796,0.0101484637166312
96,uniform,0.2,4.0,20,hybrid_25,pulse_only,messages,-31182.8,-32076.06,-30183.15
96,uniform,0.2,4.0,20,hybrid_25,signal_only,service,0.04214678132687645,0.03099100318123847,0.05344560295389717
96,uniform,0.2,4.0,20,hybrid_25,signal_only,p10,0.1877487146716038,0.080523736971019,0.30614250271004995
96,uniform,0.2,4.0,20,hybrid_25,signal_only,messages,8284.8,7566.74,8980.859999999999
96,uniform,0.2,4.0,20,hybrid_50,pulse_only,service,-0.0044532310720197974,-0.009028821214026926,-0.0007662712896655039
96,uniform,0.2,4.0,20,hybrid_50,pulse_only,p10,-0.01788849657809981,-0.03378467948655217,-0.004701301045215272
96,uniform,0.2,4.0,20,hybrid_50,pulse_only,messages,-20692.8,-21338.4,-19969.579999999998
96,uniform,0.2,4.0,20,hybrid_50,signal_only,service,0.045123421658710576,0.03192809600212956,0.058302078869045544
96,uniform,0.2,4.0,20,hybrid_50,signal_only,p10,0.18169974640968029,0.07540011958724352,0.3042273607466992
96,uniform,0.2,4.0,20,hybrid_50,signal_only,messages,18774.8,17843.13,19680.1
96,uniform,0.2,4.0,20,hybrid_75,pulse_only,service,-0.003562297921017893,-0.0074376969462885915,-0.00030830529918522264
96,uniform,0.2,4.0,20,hybrid_75,pulse_only,p10,-0.01520390178238062,-0.05820196578242435,0.013022179666803838
96,uniform,0.2,4.0,20,hybrid_75,pulse_only,messages,-10434.4,-10708.0,-10116.0
96,uniform,0.2,4.0,20,hybrid_75,signal_only,service,0.046014354809712485,0.033310955327292634,0.05922627105154668
96,uniform,0.2,4.0,20,hybrid_75,signal_only,p10,0.18438434120539954,0.07661777558840797,0.2997025422708715
96,uniform,0.2,4.0,20,hybrid_75,signal_only,messages,29033.2,27801.579999999998,30216.420000000002
96,uniform,0.2,4.0,20,signal_only,pulse_only,service,-0.04957665273073038,-0.06369260803182517,-0.03566665785082152
96,uniform,0.2,4.0,20,signal_only,pulse_only,p10,-0.19958824298778013,-0.32733890673450433,-0.08513741019133998
96,uniform,0.2,4.0,20,signal_only,pulse_only,messages,-39467.6,-40961.84,-37885.96
960,persistent_damage,0.2,1.0,20,hybrid_25,pulse_only,service,-0.024164154617063126,-0.028263794660298516,-0.020015364335183403
960,persistent_damage,0.2,1.0,20,hybrid_25,pulse_only,p10,-0.05021494161217952,-0.06604213785216093,-0.03515851284726419
960,persistent_damage,0.2,1.0,20,hybrid_25,pulse_only,messages,-55152.8,-55723.259999999995,-54562.79
960,persistent_damage,0.2,1.0,20,hybrid_25,signal_only,service,0.018514245612795133,0.013878217807141345,0.022322771333227274
960,persistent_damage,0.2,1.0,20,hybrid_25,signal_only,p10,0.030604720940851687,0.013185369514585819,0.04959388431076652
960,persistent_damage,0.2,1.0,20,hybrid_25,signal_only,messages,10607.6,9797.59,11488.43
960,persistent_damage,0.2,1.0,20,hybrid_50,pulse_only,service,-0.014223726672976634,-0.017962819261590456,-0.01050363247093413
960,persistent_damage,0.2,1.0,20,hybrid_50,pulse_only,p10,-0.03425753699119129,-0.05333285984991167,-0.015858154153085443
960,persistent_damage,0.2,1.0,20,hybrid_50,pulse_only,messages,-37997.6,-38518.01,-37455.52
960,persistent_damage,0.2,1.0,20,hybrid_50,signal_only,service,0.028454673556881627,0.022562803178081996,0.033584739475510404
960,persistent_damage,0.2,1.0,20,hybrid_50,signal_only,p10,0.046562125561839925,0.02743306455737744,0.06464695147914196
960,persistent_damage,0.2,1.0,20,hybrid_50,signal_only,messages,27762.8,26825.94,28729.260000000002
960,persistent_damage,0.2,1.0,20,hybrid_75,pulse_only,service,-0.007922198656897039,-0.011745098301557134,-0.004262076202415647
960,persistent_damage,0.2,1.0,20,hybrid_75,pulse_only,p10,-0.021202202921828776,-0.0369036327943531,-0.0058677433025529245
960,persistent_damage,0.2,1.0,20,hybrid_75,pulse_only,messages,-21339.2,-21584.0,-21106.38
960,persistent_damage,0.2,1.0,20,hybrid_75,signal_only,service,0.03475620157296122,0.028556799226135122,0.04021845201424428
960,persistent_damage,0.2,1.0,20,hybrid_75,signal_only,p10,0.05961745963120243,0.04487422006597311,0.07358242252607201
960,persistent_damage,0.2,1.0,20,hybrid_75,signal_only,messages,44421.2,43457.91,45449.27
960,persistent_damage,0.2,1.0,20,signal_only,pulse_only,service,-0.04267840022985826,-0.047963567896969934,-0.03616730156083077
960,persistent_damage,0.2,1.0,20,signal_only,pulse_only,p10,-0.08081966255303122,-0.10055316449125269,-0.05926864142132428
960,persistent_damage,0.2,1.0,20,signal_only,pulse_only,messages,-65760.4,-66831.26,-64675.13
960,persistent_damage,0.2,4.0,20,hybrid_25,pulse_only,service,-0.020586191012036008,-0.024254124551380585,-0.0168299011846023
960,persistent_damage,0.2,4.0,20,hybrid_25,pulse_only,p10,-0.06820912883828208,-0.1018161533351803,-0.04160835408659842
960,persistent_damage,0.2,4.0,20,hybrid_25,pulse_only,messages,-259116.0,-262092.65,-255846.3
960,persistent_damage,0.2,4.0,20,hybrid_25,signal_only,service,0.047588385023634515,0.0413338607035413,0.05297381910141326
960,persistent_damage,0.2,4.0,20,hybrid_25,signal_only,p10,0.08948752512691957,0.07011440921257386,0.10817215588594403
960,persistent_damage,0.2,4.0,20,hybrid_25,signal_only,messages,60170.8,57762.73,62857.77
960,persistent_damage,0.2,4.0,20,hybrid_50,pulse_only,service,-0.008214352520088508,-0.010826364537842375,-0.005933348369446602
960,persistent_damage,0.2,4.0,20,hybrid_50,pulse_only,p10,-0.03160303556755147,-0.05410642587984411,-0.0120241395614233
960,persistent_damage,0.2,4.0,20,hybrid_50,pulse_only,messages,-174930.0,-177076.11,-172598.11
960,persistent_damage,0.2,4.0,20,hybrid_50,signal_only,service,0.059960223515582035,0.052849205705911985,0.06616350851536179
960,persistent_damage,0.2,4.0,20,hybrid_50,signal_only,p10,0.12609361839765015,0.10054725811698068,0.154492317475297
960,persistent_damage,0.2,4.0,20,hybrid_50,signal_only,messages,144356.8,142138.35,146755.68
960,persistent_damage,0.2,4.0,20,hybrid_75,pulse_only,service,-0.002446377538299077,-0.0051531540102473525,0.00047010751608299366
960,persistent_damage,0.2,4.0,20,hybrid_75,pulse_only,p10,-0.010812721672938301,-0.036247637166092646,0.014343984878326433
960,persistent_damage,0.2,4.0,20,hybrid_75,pulse_only,messages,-87970.0,-89117.84000000001,-86735.56000000001
960,persistent_damage,0.2,4.0,20,hybrid_75,signal_only,service,0.06572819849737145,0.057111525452833586,0.07288008428183174
960,persistent_damage,0.2,4.0,20,hybrid_75,signal_only,p10,0.14688393229226332,0.11151658459914078,0.18433190863307797
960,persistent_damage,0.2,4.0,20,hybrid_75,signal_only,messages,231316.8,228851.19,233673.74000000002
960,persistent_damage,0.2,4.0,20,signal_only,pulse_only,service,-0.06817457603567054,-0.07438505340084661,-0.060747912867368706
960,persistent_damage,0.2,4.0,20,signal_only,pulse_only,p10,-0.15769665396520166,-0.19438418979239253,-0.12409747406100664
960,persistent_damage,0.2,4.0,20,signal_only,pulse_only,messages,-319286.8,-322189.21,-316135.08
960,repeated_damage,0.2,1.0,20,hybrid_25,pulse_only,service,-0.0175279708645009,-0.02003334616102577,-0.015082794502666273
960,repeated_damage,0.2,1.0,20,hybrid_25,pulse_only,p10,-0.051581223509319284,-0.07133566661861263,-0.03086874473666542
960,repeated_damage,0.2,1.0,20,hybrid_25,pulse_only,messages,-55123.6,-55622.0,-54603.58
960,repeated_damage,0.2,1.0,20,hybrid_25,signal_only,service,0.011218151502583535,0.008803635246136764,0.013861515093200641
960,repeated_damage,0.2,1.0,20,hybrid_25,signal_only,p10,0.04328515605415427,0.025272483624493434,0.06026924852852951
960,repeated_damage,0.2,1.0,20,hybrid_25,signal_only,messages,10613.6,9809.51,11408.03
960,repeated_damage,0.2,1.0,20,hybrid_50,pulse_only,service,-0.008926374729278375,-0.011521619962031309,-0.006349897339068858
960,repeated_damage,0.2,1.0,20,hybrid_50,pulse_only,p10,-0.030010343581637934,-0.04597639164569655,-0.01335278444633054
960,repeated_damage,0.2,1.0,20,hybrid_50,pulse_only,messages,-37596.8,-38034.42,-37140.8
960,repeated_damage,0.2,1.0,20,hybrid_50,signal_only,service,0.019819747637806057,0.01601406676487581,0.02320811752705654
960,repeated_damage,0.2,1.0,20,hybrid_50,signal_only,p10,0.06485603598183562,0.03859706655928726,0.08992422171718877
960,repeated_damage,0.2,1.0,20,hybrid_50,signal_only,messages,28140.4,27320.76,28944.41
960,repeated_damage,0.2,1.0,20,hybrid_75,pulse_only,service,-0.0026610331513913566,-0.004766796717856412,-0.0004883576465614135
960,repeated_damage,0.2,1.0,20,hybrid_75,pulse_only,p10,-0.013200813207763635,-0.027358564100496564,0.002645356803102049
960,repeated_damage,0.2,1.0,20,hybrid_75,pulse_only,messages,-20955.2,-21193.24,-20727.190000000002
960,repeated_damage,0.2,1.0,20,hybrid_75,signal_only,service,0.026085089215693073,0.02281278535156553,0.02928975666114931
960,repeated_damage,0.2,1.0,20,hybrid_75,signal_only,p10,0.0816655663557099,0.061098539817401314,0.10061141787444156
960,repeated_damage,0.2,1.0,20,hybrid_75,signal_only,messages,44782.0,43795.54,45731.659999999996
960,repeated_damage,0.2,1.0,20,signal_only,pulse_only,service,-0.02874612236708443,-0.03250237500498776,-0.025033053897782473
960,repeated_damage,0.2,1.0,20,signal_only,pulse_only,p10,-0.09486637956347357,-0.11431830284044762,-0.07521130129251469
960,repeated_damage,0.2,1.0,20,signal_only,pulse_only,messages,-65737.2,-66728.01,-64670.37
960,repeated_damage,0.2,4.0,20,hybrid_25,pulse_only,service,-0.018874044546097556,-0.021183780563926648,-0.016710584924623215
960,repeated_damage,0.2,4.0,20,hybrid_25,pulse_only,p10,-0.06062890821884949,-0.07430857001461902,-0.045978473498874
960,repeated_damage,0.2,4.0,20,hybrid_25,pulse_only,messages,-261872.0,-264624.89,-258919.37
960,repeated_damage,0.2,4.0,20,hybrid_25,signal_only,service,0.03641632796784604,0.03248420009766655,0.04055601732949625
960,repeated_damage,0.2,4.0,20,hybrid_25,signal_only,p10,0.11863384986585923,0.09850969660006942,0.13724159600516053
960,repeated_damage,0.2,4.0,20,hybrid_25,signal_only,messages,63127.6,61393.549999999996,64703.35
960,repeated_damage,0.2,4.0,20,hybrid_50,pulse_only,service,-0.007972295593851875,-0.010158264621644403,-0.005854400481690791
960,repeated_damage,0.2,4.0,20,hybrid_50,pulse_only,p10,-0.03219139550115291,-0.04193755392194219,-0.0224202597499097
960,repeated_damage,0.2,4.0,20,hybrid_50,pulse_only,messages,-176665.6,-178694.94999999998,-174562.69
960,repeated_damage,0.2,4.0,20,hybrid_50,signal_only,service,0.04731807692009172,0.0424207962817035,0.05247703133099826
960,repeated_damage,0.2,4.0,20,hybrid_50,signal_only,p10,0.14707136258355583,0.1285858583197996,0.165686283409058
960,repeated_damage,0.2,4.0,20,hybrid_50,signal_only,messages,148334.0,146524.72999999998,150175.63
960,repeated_damage,0.2,4.0,20,hybrid_75,pulse_only,service,-0.0028308362518252085,-0.004053661436393639,-0.0016187457024828488
960,repeated_damage,0.2,4.0,20,hybrid_75,pulse_only,p10,-0.015836211683705005,-0.026116777978094387,-0.006167826646834175
960,repeated_damage,0.2,4.0,20,hybrid_75,pulse_only,messages,-88746.0,-89790.05,-87639.84
960,repeated_damage,0.2,4.0,20,hybrid_75,signal_only,service,0.05245953626211839,0.0470959480528515,0.05793718660460611
960,repeated_damage,0.2,4.0,20,hybrid_75,signal_only,p10,0.1634265464010037,0.14240886571158734,0.18518112977308446
960,repeated_damage,0.2,4.0,20,hybrid_75,signal_only,messages,236253.6,234201.57,238355.35
960,repeated_damage,0.2,4.0,20,signal_only,pulse_only,service,-0.0552903725139436,-0.06026047184018453,-0.0501389868150152
960,repeated_damage,0.2,4.0,20,signal_only,pulse_only,p10,-0.17926275808470868,-0.199645830430594,-0.1585607985974197
960,repeated_damage,0.2,4.0,20,signal_only,pulse_only,messages,-324999.6,-327936.85,-322245.15
960,scarcity,0.2,1.0,20,hybrid_25,pulse_only,service,-0.0016227073848306462,-0.002354103190549403,-0.0009263955775980685
960,scarcity,0.2,1.0,20,hybrid_25,pulse_only,p10,0.0,0.0,0.0
960,scarcity,0.2,1.0,20,hybrid_25,pulse_only,messages,-22106.8,-22879.260000000002,-21281.2
960,scarcity,0.2,1.0,20,hybrid_25,signal_only,service,0.006598256187887336,0.005427135122592116,0.007783409410946881
960,scarcity,0.2,1.0,20,hybrid_25,signal_only,p10,0.0,0.0,0.0
960,scarcity,0.2,1.0,20,hybrid_25,signal_only,messages,-2357.2,-3013.27,-1652.37
960,scarcity,0.2,1.0,20,hybrid_50,pulse_only,service,-0.00047251216186937616,-0.0011985580184702594,0.0002451657637252453
960,scarcity,0.2,1.0,20,hybrid_50,pulse_only,p10,0.0,0.0,0.0
960,scarcity,0.2,1.0,20,hybrid_50,pulse_only,messages,-19348.4,-19857.629999999997,-18826.38
960,scarcity,0.2,1.0,20,hybrid_50,signal_only,service,0.007748451410848606,0.006511056807695938,0.009026067002575694
960,scarcity,0.2,1.0,20,hybrid_50,signal_only,p10,0.0,0.0,0.0
960,scarcity,0.2,1.0,20,hybrid_50,signal_only,messages,401.2,-568.43,1294.8600000000001
960,scarcity,0.2,1.0,20,hybrid_75,pulse_only,service,-0.00011085235572433905,-0.0006147780388790264,0.00039913880547505075
960,scarcity,0.2,1.0,20,hybrid_75,pulse_only,p10,0.0,0.0,0.0
960,scarcity,0.2,1.0,20,hybrid_75,pulse_only,messages,-12698.0,-12912.41,-12482.39
960,scarcity,0.2,1.0,20,hybrid_75,signal_only,service,0.008110111216993643,0.006684928383538805,0.009635533839894168
960,scarcity,0.2,1.0,20,hybrid_75,signal_only,p10,0.0,0.0,0.0
960,scarcity,0.2,1.0,20,hybrid_75,signal_only,messages,7051.6,5951.56,8038.01
960,scarcity,0.2,1.0,20,signal_only,pulse_only,service,-0.008220963572717982,-0.00983456223299796,-0.006706442222934263
960,scarcity,0.2,1.0,20,signal_only,pulse_only,p10,0.0,0.0,0.0
960,scarcity,0.2,1.0,20,signal_only,pulse_only,messages,-19749.6,-20952.0,-18542.38
960,scarcity,0.2,4.0,20,hybrid_25,pulse_only,service,-0.0002631660170897443,-0.000635767605653993,0.00014298753495894074
960,scarcity,0.2,4.0,20,hybrid_25,pulse_only,p10,0.0,0.0,0.0
960,scarcity,0.2,4.0,20,hybrid_25,pulse_only,messages,-126137.2,-128457.23999999999,-123686.76000000001
960,scarcity,0.2,4.0,20,hybrid_25,signal_only,service,0.008345022539850266,0.006705733593557011,0.010045105341014951
960,scarcity,0.2,4.0,20,hybrid_25,signal_only,p10,0.0,0.0,0.0
960,scarcity,0.2,4.0,20,hybrid_25,signal_only,messages,34926.8,33171.93,36653.219999999994
960,scarcity,0.2,4.0,20,hybrid_50,pulse_only,service,2.643138943656531e-05,-0.00039519862910322777,0.0004128450071425377
960,scarcity,0.2,4.0,20,hybrid_50,pulse_only,p10,0.0,0.0,0.0
960,scarcity,0.2,4.0,20,hybrid_50,pulse_only,messages,-85818.8,-87248.40999999999,-84325.93
960,scarcity,0.2,4.0,20,hybrid_50,signal_only,service,0.008634619946376576,0.007004757693206703,0.010352558245293924
960,scarcity,0.2,4.0,20,hybrid_50,signal_only,p10,0.0,0.0,0.0
960,scarcity,0.2,4.0,20,hybrid_50,signal_only,messages,75245.2,73091.94,77441.65000000001
960,scarcity,0.2,4.0,20,hybrid_75,pulse_only,service,-2.571370898903913e-05,-0.00033903787143460876,0.0002516439999007632
960,scarcity,0.2,4.0,20,hybrid_75,pulse_only,p10,0.0,0.0,0.0
960,scarcity,0.2,4.0,20,hybrid_75,pulse_only,messages,-46799.6,-47648.0,-45945.6
960,scarcity,0.2,4.0,20,hybrid_75,signal_only,service,0.008582474847950971,0.0068445215775009794,0.01046215483456207
960,scarcity,0.2,4.0,20,hybrid_75,signal_only,p10,0.0,0.0,0.0
960,scarcity,0.2,4.0,20,hybrid_75,signal_only,messages,114264.4,111521.57,116824.97
960,scarcity,0.2,4.0,20,signal_only,pulse_only,service,-0.00860818855694001,-0.010445346452667387,-0.006865820758935397
960,scarcity,0.2,4.0,20,signal_only,pulse_only,p10,0.0,0.0,0.0
960,scarcity,0.2,4.0,20,signal_only,pulse_only,messages,-161064.0,-164127.62,-157874.44999999998
960,uniform,0.2,1.0,20,hybrid_25,pulse_only,service,-0.009728296074601628,-0.011898761956066211,-0.007775394756410113
960,uniform,0.2,1.0,20,hybrid_25,pulse_only,p10,-0.027534725912248998,-0.040134464880764095,-0.015160523081702315
960,uniform,0.2,1.0,20,hybrid_25,pulse_only,messages,-69527.6,-70613.22,-68378.0
960,uniform,0.2,1.0,20,hybrid_25,signal_only,service,0.02020708718997446,0.018156072926984033,0.022359682962896046
960,uniform,0.2,1.0,20,hybrid_25,signal_only,p10,0.19265928571862276,0.13549805159309433,0.2564623847832184
960,uniform,0.2,1.0,20,hybrid_25,signal_only,messages,18340.8,17705.559999999998,18989.64
960,uniform,0.2,1.0,20,hybrid_50,pulse_only,service,-0.0036635335987062643,-0.005085407538279346,-0.002232296382053555
960,uniform,0.2,1.0,20,hybrid_50,pulse_only,p10,-0.009863684546822371,-0.024065310178279616,0.003683000024299136
960,uniform,0.2,1.0,20,hybrid_50,pulse_only,messages,-47330.4,-48070.82,-46521.58
960,uniform,0.2,1.0,20,hybrid_50,signal_only,service,0.026271849665869824,0.02309411444434962,0.02970758218287913
960,uniform,0.2,1.0,20,hybrid_50,signal_only,p10,0.21033032708404945,0.14373562617492766,0.28180598590904876
960,uniform,0.2,1.0,20,hybrid_50,signal_only,messages,40538.0,39557.95,41513.24
960,uniform,0.2,1.0,20,hybrid_75,pulse_only,service,-0.0010712811894032447,-0.0029323319860238956,0.0006398129480635638
960,uniform,0.2,1.0,20,hybrid_75,pulse_only,p10,0.006141699918521692,-0.008348895769869078,0.0202519379181336
960,uniform,0.2,1.0,20,hybrid_75,pulse_only,messages,-24680.8,-25039.62,-24297.489999999998
960,uniform,0.2,1.0,20,hybrid_75,signal_only,service,0.028864102075172843,0.025826926415455236,0.032353808258600444
960,uniform,0.2,1.0,20,hybrid_75,signal_only,p10,0.22633571154939344,0.1568678556250041,0.303887290900946
960,uniform,0.2,1.0,20,hybrid_75,signal_only,messages,63187.6,61860.4,64470.01
960,uniform,0.2,1.0,20,signal_only,pulse_only,service,-0.029935383264576086,-0.03336392369216512,-0.02672549608402505
960,uniform,0.2,1.0,20,signal_only,pulse_only,p10,-0.22019401163087174,-0.2897874033444993,-0.15356190466410888
960,uniform,0.2,1.0,20,signal_only,pulse_only,messages,-87868.4,-89444.43999999999,-86241.19
960,uniform,0.2,4.0,20,hybrid_25,pulse_only,service,-0.006247208914485941,-0.007813448709998231,-0.0048260773870450035
960,uniform,0.2,4.0,20,hybrid_25,pulse_only,p10,-0.011430703897578031,-0.023762495033929538,0.0007779165019304128
960,uniform,0.2,4.0,20,hybrid_25,pulse_only,messages,-291527.6,-295407.63999999996,-287389.45999999996
960,uniform,0.2,4.0,20,hybrid_25,signal_only,service,0.031135035530943784,0.027797241900804816,0.03506533692401211
960,uniform,0.2,4.0,20,hybrid_25,signal_only,p10,0.23421374445406337,0.15954385125430623,0.3140914444691018
960,uniform,0.2,4.0,20,hybrid_25,signal_only,messages,83096.8,81183.95,84952.06
960,uniform,0.2,4.0,20,hybrid_50,pulse_only,service,-0.0035661061507288316,-0.0044768039873822,-0.002702879978257249
960,uniform,0.2,4.0,20,hybrid_50,pulse_only,p10,-0.012600950723561415,-0.021271184229546523,-0.004478321711442615
960,uniform,0.2,4.0,20,hybrid_50,pulse_only,messages,-194577.2,-197150.47999999998,-191896.59
960,uniform,0.2,4.0,20,hybrid_50,signal_only,service,0.03381613829470089,0.030052335865159915,0.03788290765499181
960,uniform,0.2,4.0,20,hybrid_50,signal_only,p10,0.23304349762807997,0.1534236467231465,0.32275737751914785
960,uniform,0.2,4.0,20,hybrid_50,signal_only,messages,180047.2,177227.59,182868.47
960,uniform,0.2,4.0,20,hybrid_75,pulse_only,service,-0.0014316375996641872,-0.0024580398248073166,-0.00048243169739708834
960,uniform,0.2,4.0,20,hybrid_75,pulse_only,p10,-0.00624373395330694,-0.01565510215599568,0.002415364571659656
960,uniform,0.2,4.0,20,hybrid_75,pulse_only,messages,-97758.0,-99087.34,-96450.73
960,uniform,0.2,4.0,20,hybrid_75,signal_only,service,0.03595060684576554,0.03228784756145304,0.03969711988337121
960,uniform,0.2,4.0,20,hybrid_75,signal_only,p10,0.2394007143983345,0.16259597271631554,0.32259704566577685
960,uniform,0.2,4.0,20,hybrid_75,signal_only,messages,276866.4,272780.97000000003,280919.27
960,uniform,0.2,4.0,20,signal_only,pulse_only,service,-0.03738224444542972,-0.04166660539854941,-0.03349887169147934
960,uniform,0.2,4.0,20,signal_only,pulse_only,p10,-0.2456444483516414,-0.3329498937862494,-0.164936313938854
960,uniform,0.2,4.0,20,signal_only,pulse_only,messages,-374624.4,-379931.21,-369646.63
