n,scenario,dt,rate,seeds,policy,service,p10,messages,requests,swaps,resource_cost,pulse_messages,signal_messages,pulse_requests,signal_requests,active_need_end,source_reach_end,phase0_service,phase1_service,phase2_service,phase3_service
96,persistent_damage,0.2,1.0,20,fixed,0.682764146642392,0.02322542434440073,0.0,0.0,0.0,0.0,0.0,0.0,0.0,0.0,35.0,1.0,0.9284199870602426,0.7362868272759387,0.6700143272249056,0.6623777160343621
96,persistent_damage,0.2,1.0,20,pulse_only,0.8644539205364277,0.4080923568393521,10602.4,357.95,251.45,6.0348,10602.4,0.0,357.95,0.0,12.25,1.0,0.9647587052572624,0.8577372683117149,0.8484903184198396,0.8757940477070782
96,persistent_damage,0.2,1.0,20,hybrid_75,0.8607391114928479,0.3928266363475849,8333.6,283.4,191.5,4.596,7867.2,466.4,265.25,18.15,13.6,1.0,0.9631040802224007,0.8474657206360356,0.8464760289474487,0.8745073481939538
96,persistent_damage,0.2,1.0,20,hybrid_50,0.8517125645124425,0.3517037716731683,6544.8,228.05,133.95,3.2147999999999994,5201.2,1343.6,177.3,50.75,14.55,1.0,0.956289082150571,0.8502261329208455,0.8333466944269536,0.8616387153509859
96,persistent_damage,0.2,1.0,20,hybrid_25,0.8370485994991977,0.3395283703702957,4725.2,169.7,81.55,1.9572000000000007,2558.8,2166.4,87.4,82.3,16.25,1.0,0.9535600441203833,0.8348237044409419,0.8234062881287596,0.8449822027135447
96,persistent_damage,0.2,1.0,20,signal_only,0.8067069387711433,0.2157641555447189,3622.0,139.5,34.25,0.8219999999999998,0.0,3622.0,0.0,139.5,21.05,1.0,0.9476827999910222,0.8134620303857011,0.7981265083658279,0.8076196081665218
96,persistent_damage,0.2,4.0,20,fixed,0.682764146642392,0.02322542434440073,0.0,0.0,0.0,0.0,0.0,0.0,0.0,0.0,35.0,1.0,0.9284199870602426,0.7362868272759387,0.6700143272249056,0.6623777160343621
96,persistent_damage,0.2,4.0,20,pulse_only,0.9218852300299598,0.6493342913515912,43160.0,1437.95,1081.15,25.9476,43160.0,0.0,1437.95,0.0,9.85,1.0,0.9796900391761738,0.9169610429122791,0.9192866554210081,0.9256466108932762
96,persistent_damage,0.2,4.0,20,hybrid_75,0.9109201192280546,0.6253800721315934,33598.4,1131.8,804.4,19.305600000000002,32060.4,1538.0,1072.7,59.1,10.3,1.0,0.9771501065484605,0.9022254397203753,0.9073688259828515,0.9170431056044961
96,persistent_damage,0.2,4.0,20,hybrid_50,0.9062310986430877,0.5945349280262601,24248.4,827.95,547.2,13.1328,21392.0,2856.4,715.75,112.2,10.5,1.0,0.9739534129672334,0.8918077772454096,0.9002068569912254,0.9164548801678578
96,persistent_damage,0.2,4.0,20,hybrid_25,0.8851418331378298,0.49480409453612156,15121.2,537.85,276.6,6.6384,10525.6,4595.6,356.2,181.65,11.9,1.0,0.9722068479014471,0.873526113096224,0.8769167062674686,0.8950622565938131
96,persistent_damage,0.2,4.0,20,signal_only,0.821975447061881,0.2644384278372807,9076.4,364.7,40.45,0.9708000000000003,0.0,9076.4,0.0,364.7,20.85,1.0,0.9512639419168503,0.828878661040861,0.8198168527683866,0.8196031372191379
96,repeated_damage,0.2,1.0,20,fixed,0.7557742516363272,0.14164409251203403,0.0,0.0,0.0,0.0,0.0,0.0,0.0,0.0,34.8,1.0,0.9284199870602426,0.7362868272759387,0.8742003090432563,0.7063049351130568
96,repeated_damage,0.2,1.0,20,pulse_only,0.8852664501967343,0.5583611037260956,10667.6,357.95,259.6,6.2304,10667.6,0.0,357.95,0.0,15.95,1.0,0.9647587052572624,0.8577372683117149,0.9550580364500629,0.8641352480125795
96,repeated_damage,0.2,1.0,20,hybrid_75,0.8777168596164374,0.5490125952572817,8445.2,285.65,198.7,4.768800000000001,7824.4,620.8,262.45,23.2,17.7,1.0,0.9631040802224007,0.8474657206360356,0.9518469357112332,0.8557773910592402
96,repeated_damage,0.2,1.0,20,hybrid_50,0.8767515743826259,0.5494426260422135,6657.6,229.65,143.25,3.438,5242.8,1414.8,176.8,52.85,17.85,1.0,0.956289082150571,0.8502261329208455,0.9497566816647932,0.8535117414724326
96,repeated_damage,0.2,1.0,20,hybrid_25,0.8599108625475044,0.44956375768416856,4839.6,171.9,89.25,2.142,2554.4,2285.2,86.5,85.4,21.3,1.0,0.9535600441203833,0.8348237044409419,0.9449445699821337,0.8299375878834706
96,repeated_damage,0.2,1.0,20,signal_only,0.8417628167560975,0.42586185505482793,3792.4,143.35,44.0,1.056,0.0,3792.4,0.0,143.35,24.45,1.0,0.9476827999910222,0.8134620303857011,0.9323571287083414,0.8106160539651736
96,repeated_damage,0.2,4.0,20,fixed,0.7557742516363272,0.14164409251203403,0.0,0.0,0.0,0.0,0.0,0.0,0.0,0.0,34.8,1.0,0.9284199870602426,0.7362868272759387,0.8742003090432563,0.7063049351130568
96,repeated_damage,0.2,4.0,20,pulse_only,0.9350719429748203,0.751967645150457,43290.4,1437.95,1097.45,26.338800000000003,43290.4,0.0,1437.95,0.0,10.45,1.0,0.9796900391761738,0.9169610429122791,0.9774758832136647,0.9229254228866688
96,repeated_damage,0.2,4.0,20,hybrid_75,0.9260059462651169,0.7193152504285789,33644.8,1126.1,827.3,19.855200000000004,32250.0,1394.8,1072.65,53.45,10.9,1.0,0.9771501065484605,0.9022254397203753,0.9756902442530798,0.9130540505435063
96,repeated_damage,0.2,4.0,20,hybrid_50,0.9162930356723129,0.676760316003531,24137.6,821.75,551.95,13.246800000000002,21421.2,2716.4,715.4,106.35,12.45,1.0,0.9739534129672334,0.8918077772454096,0.9732753560346532,0.9000445047045943
96,repeated_damage,0.2,4.0,20,hybrid_25,0.8995819830989242,0.618151576275301,15047.6,532.6,283.15,6.7956,10564.4,4483.2,356.1,176.5,15.0,1.0,0.9722068479014471,0.873526113096224,0.9649350893112574,0.8799333649941078
96,repeated_damage,0.2,4.0,20,signal_only,0.8582240118775089,0.48626482765738316,8422.4,332.3,55.9,1.3416000000000001,0.0,8422.4,0.0,332.3,21.8,1.0,0.9512639419168503,0.828878661040861,0.9428744508613324,0.8305714678039212
96,scarcity,0.2,1.0,20,fixed,0.6391212635107236,0.0,0.0,0.0,0.0,0.0,0.0,0.0,0.0,0.0,38.75,1.0,0.7408324442408467,0.6409132228367473,0.6388064175202246,0.6383827068429613
96,scarcity,0.2,1.0,20,pulse_only,0.6508800775893621,0.0019345046432571466,9056.0,357.95,58.15,1.3956000000000004,9056.0,0.0,357.95,0.0,41.7,1.0,0.7667980084599542,0.6562517455482979,0.6495453602604568,0.6488616022743465
96,scarcity,0.2,1.0,20,hybrid_75,0.6500504800217798,0.0005772784768247495,7806.8,309.45,47.5,1.1400000000000001,6786.0,1020.8,266.95,42.5,42.25,1.0,0.7644786675861857,0.6530761258666279,0.6483884526486009,0.6493686707859452
96,scarcity,0.2,1.0,20,hybrid_50,0.6503767253837317,0.0002915735889004392,7156.0,286.15,36.05,0.8652,4531.6,2624.4,177.5,108.65,41.0,1.0,0.7624281672078321,0.6557913159324353,0.6492201669938974,0.648247709304297
96,scarcity,0.2,1.0,20,hybrid_25,0.6500864325748867,0.006460757537729301,6897.2,277.55,29.5,0.708,2218.0,4679.2,86.95,190.6,43.1,1.0,0.7628833141567251,0.6541094954550256,0.6501321776228892,0.6480520286108165
96,scarcity,0.2,1.0,20,signal_only,0.6469216296777223,0.01838276094176492,7237.6,294.6,20.9,0.5016,0.0,7237.6,0.0,294.6,44.65,1.0,0.7600929222756481,0.6508651807129008,0.6464179583308374,0.6452016898335755
96,scarcity,0.2,4.0,20,fixed,0.6391212635107236,0.0,0.0,0.0,0.0,0.0,0.0,0.0,0.0,0.0,38.75,1.0,0.7408324442408467,0.6409132228367473,0.6388064175202246,0.6383827068429613
96,scarcity,0.2,4.0,20,pulse_only,0.6499528427708573,0.00844670853244742,35714.8,1437.95,150.5,3.6120000000000005,35714.8,0.0,1437.95,0.0,42.95,1.0,0.7735424793461931,0.6522099781078323,0.649533254646441,0.649034069164578
96,scarcity,0.2,4.0,20,hybrid_75,0.6502772430128634,0.009863762144953077,31147.2,1257.25,121.65,2.9196,26161.6,4985.6,1049.85,207.4,42.65,1.0,0.7733117125191948,0.6530276340825761,0.6498265518558577,0.6491273930565099
96,scarcity,0.2,4.0,20,hybrid_50,0.6501383828901808,0.02928823133113225,27466.4,1113.7,92.2,2.2128000000000005,17696.8,9769.6,708.0,405.7,43.2,1.0,0.7720563752797844,0.6529655624703412,0.6493226556072342,0.649132656741574
96,scarcity,0.2,4.0,20,hybrid_25,0.6506202992735408,0.002878147301287005,23549.6,961.2,60.1,1.4424,8872.8,14676.8,352.75,608.45,43.85,1.0,0.7707545190199208,0.6553071054770607,0.6494675229420751,0.6488532843375138
96,scarcity,0.2,4.0,20,signal_only,0.6467253135337139,0.015767854641673955,19962.0,824.5,21.75,0.522,0.0,19962.0,0.0,824.5,44.2,1.0,0.7626394638226374,0.6505756520146344,0.6459936154313602,0.64516599334443
96,uniform,0.2,1.0,20,fixed,0.9089907750544992,0.5716859508331946,0.0,0.0,0.0,0.0,0.0,0.0,0.0,0.0,10.1,1.0,0.9284199870602426,0.9083013024753088,0.9089834876810139,0.9093391550308365
96,uniform,0.2,1.0,20,pulse_only,0.9737658731039007,0.9381147143496292,10913.2,357.95,290.3,6.9672,10913.2,0.0,357.95,0.0,2.6,1.0,0.9647587052572624,0.9688854966831226,0.9716257891485514,0.9772761032919647
96,uniform,0.2,1.0,20,hybrid_75,0.9672870012829218,0.9056578006138409,8279.6,272.3,218.05,5.233199999999999,8117.2,162.4,266.2,6.1,4.25,1.0,0.9631040802224007,0.9620712842815886,0.9650877673643091,0.9709944767428945
96,uniform,0.2,1.0,20,hybrid_50,0.9692726903968355,0.9276625045080479,5849.6,193.1,151.9,3.6456000000000004,5428.0,421.6,177.25,15.85,3.65,1.0,0.956289082150571,0.9636694466773139,0.9677513372741048,0.9728349888179617
96,uniform,0.2,1.0,20,hybrid_25,0.9588362322842284,0.881384151798116,3556.8,120.85,82.05,1.9692,2669.6,887.2,87.7,33.15,4.1,1.0,0.9535600441203833,0.9507997539228443,0.9574822029049901,0.9635314861545392
96,uniform,0.2,1.0,20,signal_only,0.9334436448361336,0.7606128701157358,1679.6,65.65,13.0,0.3120000000000001,0.0,1679.6,0.0,65.65,8.65,1.0,0.9476827999910222,0.9319771461371081,0.933188593394434,0.9343044199064965
96,uniform,0.2,4.0,20,fixed,0.9089907750544992,0.5716859508331946,0.0,0.0,0.0,0.0,0.0,0.0,0.0,0.0,10.1,1.0,0.9284199870602426,0.9083013024753088,0.9089834876810139,0.9093391550308365
96,uniform,0.2,4.0,20,pulse_only,0.9846352986575531,0.9667173413775755,43525.6,1437.95,1126.85,27.044400000000003,43525.6,0.0,1437.95,0.0,2.6,1.0,0.9796900391761738,0.9800722778153581,0.9839765892089941,0.9872461638029302
96,uniform,0.2,4.0,20,hybrid_75,0.9810730007365353,0.951513439595195,33091.2,1096.65,846.45,20.314799999999998,32558.8,532.4,1076.3,20.35,1.65,1.0,0.9771501065484605,0.9757418228090012,0.9797004132861472,0.9844248834254961
96,uniform,0.2,4.0,20,hybrid_50,0.9801820675855332,0.9488288447994758,22832.8,759.05,576.95,13.846799999999998,21740.8,1092.0,717.25,41.8,2.55,1.0,0.9739534129672334,0.9743868466608786,0.9785898385308858,0.9838757925751844
96,uniform,0.2,4.0,20,hybrid_25,0.9772054272536993,0.9548778130613993,12342.8,415.15,297.4,7.137600000000001,10871.2,1471.6,357.55,57.6,2.25,1.0,0.9722068479014471,0.9695778404985843,0.9779429118393879,0.9806504783384125
96,uniform,0.2,4.0,20,signal_only,0.9350586459268226,0.7671290983897956,4058.0,164.75,13.0,0.312,0.0,4058.0,0.0,164.75,8.3,1.0,0.9512639419168503,0.9351373111140386,0.9349897302308813,0.9350537711811857
960,persistent_damage,0.2,1.0,20,fixed,0.6758583824833468,0.0037858627618938016,0.0,0.0,0.0,0.0,0.0,0.0,0.0,0.0,348.4,1.0,0.9133825890148544,0.7270067314223857,0.6628582975931211,0.6567842504589404
960,persistent_damage,0.2,1.0,20,pulse_only,0.8343028282221117,0.20426322052534812,104402.0,3582.15,2303.8,55.2912,104402.0,0.0,3582.15,0.0,163.85,1.0,0.9458769942891984,0.8299920835770184,0.8245408670029357,0.8413391811542462
960,persistent_damage,0.2,1.0,20,hybrid_75,0.8263806295652147,0.18306101760351934,83062.8,2873.7,1761.75,42.282000000000004,77801.2,5261.6,2666.0,207.7,171.25,1.0,0.9422126629114063,0.819774625469085,0.8144583211401042,0.8356447858258343
960,persistent_damage,0.2,1.0,20,hybrid_50,0.8200791015491351,0.17000568353415682,66404.4,2348.6,1254.75,30.113999999999994,51728.4,14676.0,1784.55,564.05,177.9,1.0,0.9379041380347667,0.8197657698254378,0.808412358205814,0.8260691390826441
960,persistent_damage,0.2,1.0,20,hybrid_25,0.8101386736050484,0.15404827891316858,49249.2,1799.85,756.6,18.1584,25244.4,24004.8,876.65,923.2,194.05,1.0,0.9371145752049665,0.8114384462219183,0.7971910014977089,0.8159626233502832
960,persistent_damage,0.2,1.0,20,signal_only,0.7916244279922534,0.1234435579723169,38641.6,1500.85,327.65,7.8636,0.0,38641.6,0.0,1500.85,226.4,1.0,0.9332450075705566,0.7998031262102756,0.7827913853673718,0.791951600195683
960,persistent_damage,0.2,4.0,20,fixed,0.6758583824833468,0.0037858627618938016,0.0,0.0,0.0,0.0,0.0,0.0,0.0,0.0,348.4,1.0,0.9133825890148544,0.7270067314223857,0.6628582975931211,0.6567842504589404
960,persistent_damage,0.2,4.0,20,pulse_only,0.8685442393902782,0.2946805353018449,418864.0,14382.15,9211.55,221.0772,418864.0,0.0,14382.15,0.0,148.1,1.0,0.9592625922737726,0.8719338420444848,0.8663801170194464,0.8679314992485911
960,persistent_damage,0.2,4.0,20,hybrid_75,0.8660978618519792,0.2838678136289066,330894.0,11445.95,7023.9,168.5736,312478.4,18415.6,10712.8,733.15,149.15,1.0,0.9571780179071135,0.8678961101663916,0.8645358285266272,0.8659797543574491
960,persistent_damage,0.2,4.0,20,hybrid_50,0.8603298868701899,0.2630774997342934,243934.0,8578.5,4756.25,114.15,208107.6,35826.4,7146.4,1432.1,152.5,1.0,0.9547425201681913,0.8585135575637445,0.8566230390432406,0.8630914754368872
960,persistent_damage,0.2,4.0,20,hybrid_25,0.8479580483782424,0.22647140646356284,159748.0,5826.65,2488.55,59.725199999999994,103468.4,56279.6,3564.75,2261.9,158.2,1.0,0.9504738706451372,0.8452903171693116,0.8414512460893706,0.8525453151271437
960,persistent_damage,0.2,4.0,20,signal_only,0.8003696633546078,0.13698388133664327,99577.2,4011.65,412.2,9.892800000000001,0.0,99577.2,0.0,4011.65,225.8,1.0,0.9363263770388391,0.8084615816707631,0.7957324510812949,0.7986423103331866
960,repeated_damage,0.2,1.0,20,fixed,0.7408343294790452,0.05243133320592992,0.0,0.0,0.0,0.0,0.0,0.0,0.0,0.0,344.45,1.0,0.9133825890148544,0.7270067314223857,0.8561795851391982,0.6900755006772983
960,repeated_damage,0.2,1.0,20,pulse_only,0.8495729127908923,0.4097189725390968,105099.2,3582.15,2390.95,57.382799999999996,105099.2,0.0,3582.15,0.0,191.35,1.0,0.9458769942891984,0.8299920835770184,0.9258719134989931,0.8212138270437791
960,repeated_damage,0.2,1.0,20,hybrid_75,0.846911879639501,0.39651815933133316,84144.0,2891.45,1843.65,44.2476,77952.0,6192.0,2653.1,238.35,195.1,1.0,0.9422126629114063,0.819774625469085,0.9208527675321012,0.8235100627784089
960,repeated_damage,0.2,1.0,20,hybrid_50,0.840646538061614,0.37970862895745894,67502.4,2368.25,1333.05,31.9932,52124.8,15377.6,1782.15,586.1,209.4,1.0,0.9379041380347667,0.8197657698254378,0.9204072881430522,0.8112065471389831
960,repeated_damage,0.2,1.0,20,hybrid_25,0.8320449419263914,0.3581377490297776,49975.6,1807.25,825.2,19.8048,25278.8,24696.8,868.25,939.0,233.85,1.0,0.9371145752049665,0.8114384462219183,0.9154320526169066,0.8006546344333707
960,repeated_damage,0.2,1.0,20,signal_only,0.8208267904238079,0.3148525929756232,39362.0,1507.3,398.35,9.5604,0.0,39362.0,0.0,1507.3,254.3,1.0,0.9332450075705566,0.7998031262102756,0.9093879286234927,0.7870580534307317
960,repeated_damage,0.2,4.0,20,fixed,0.7408343294790452,0.05243133320592992,0.0,0.0,0.0,0.0,0.0,0.0,0.0,0.0,344.45,1.0,0.9133825890148544,0.7270067314223857,0.8561795851391982,0.6900755006772983
960,repeated_damage,0.2,4.0,20,pulse_only,0.8819625286008652,0.5262235848672091,420326.0,14382.15,9394.3,225.4632,420326.0,0.0,14382.15,0.0,162.5,1.0,0.9592625922737726,0.8719338420444848,0.9399624418773925,0.8579769152407917
960,repeated_damage,0.2,4.0,20,hybrid_75,0.8791316923490401,0.5103873731835042,331580.0,11421.05,7184.35,172.42440000000002,313792.8,17787.2,10716.15,704.9,165.25,1.0,0.9571780179071135,0.8678961101663916,0.9383804509142472,0.8551251041577606
960,repeated_damage,0.2,4.0,20,hybrid_50,0.8739902330070134,0.4940321893660563,243660.4,8524.25,4884.8,117.23519999999999,209015.6,34644.8,7145.55,1378.7,171.1,1.0,0.9547425201681913,0.8585135575637445,0.9362595064291475,0.8505939340175805
960,repeated_damage,0.2,4.0,20,hybrid_25,0.8630884840547676,0.46559467664835974,158454.0,5742.5,2579.25,61.902,103948.4,54505.6,3563.4,2179.1,184.75,1.0,0.9504738706451372,0.8452903171693116,0.9314241910677673,0.8378197139909958
960,repeated_damage,0.2,4.0,20,signal_only,0.8266721560869215,0.34696082678250056,95326.4,3800.55,514.15,12.3396,0.0,95326.4,0.0,3800.55,255.25,1.0,0.9363263770388391,0.8084615816707631,0.9163560140215722,0.7909355143276755
960,scarcity,0.2,1.0,20,fixed,0.6287680934914237,0.0,0.0,0.0,0.0,0.0,0.0,0.0,0.0,0.0,402.5,1.0,0.7264180417304889,0.6297346888043915,0.628544949676615,0.6283963677423441
960,scarcity,0.2,1.0,20,pulse_only,0.6479503013405778,0.0,91856.0,3582.15,735.55,17.6532,91856.0,0.0,3582.15,0.0,413.95,1.0,0.7518717974739849,0.6509079221320067,0.647708327493395,0.6465924778684549
960,scarcity,0.2,1.0,20,hybrid_75,0.6478394489848533,0.0,79158.0,3098.75,598.5,14.363999999999999,69039.2,10118.8,2679.35,419.4,410.3,1.0,0.7493678556621272,0.6507931725321972,0.6474659206699032,0.6465493513686568
960,scarcity,0.2,1.0,20,hybrid_50,0.6474777891787085,0.0,72507.6,2872.4,446.25,10.71,46146.8,26360.8,1786.7,1085.7,409.35,1.0,0.7464711180678022,0.6515501838868212,0.646523244311734,0.6459188642581392
960,scarcity,0.2,1.0,20,hybrid_25,0.6463275939557472,0.0,69749.2,2797.85,325.1,7.802400000000001,22530.8,47218.4,872.65,1925.2,429.55,1.0,0.7470948774531335,0.6479478563927371,0.6462358561876694,0.6455633316212909
960,scarcity,0.2,1.0,20,signal_only,0.6397293377678597,0.0,72106.4,2946.15,174.85,4.196400000000001,0.0,72106.4,0.0,2946.15,440.4,1.0,0.7456593939913347,0.6424626896382089,0.6395027829629074,0.6384759392351615
960,scarcity,0.2,4.0,20,fixed,0.6287680934914237,0.0,0.0,0.0,0.0,0.0,0.0,0.0,0.0,0.0,402.5,1.0,0.7264180417304889,0.6297346888043915,0.628544949676615,0.6283963677423441
960,scarcity,0.2,4.0,20,pulse_only,0.6485171752393786,0.0,361649.6,14382.15,2059.75,49.434000000000005,361649.6,0.0,14382.15,0.0,422.75,1.0,0.7605444145169282,0.6511692271515044,0.6480708260838026,0.6474143238611035
960,scarcity,0.2,4.0,20,hybrid_75,0.6484914615303895,0.0,314850.0,12567.9,1652.55,39.661199999999994,265186.4,49663.6,10503.35,2064.55,420.85,1.0,0.760037141365922,0.6515051835504166,0.6478709690529016,0.6472948467591197
960,scarcity,0.2,4.0,20,hybrid_50,0.6485436066288149,0.0,275830.8,11088.75,1212.6,29.102400000000006,179246.8,96584.0,7082.5,4006.25,423.3,1.0,0.7589203987924594,0.6511166786151434,0.6485258529004185,0.6472659474998492
960,scarcity,0.2,4.0,20,hybrid_25,0.6482540092222888,0.0,235512.4,9562.3,752.15,18.0516,90070.0,145442.4,3532.7,6029.6,428.95,1.0,0.7557113494822353,0.6508314622091531,0.6480031608684109,0.6470907069057954
960,scarcity,0.2,4.0,20,signal_only,0.6399089866824385,0.0,200585.6,8293.5,192.7,4.6248000000000005,0.0,200585.6,0.0,8293.5,443.3,1.0,0.7477685481238938,0.6430479617048952,0.6393511476660176,0.6386184186794206
960,uniform,0.2,1.0,20,fixed,0.8896487143238865,0.3988180534655595,0.0,0.0,0.0,0.0,0.0,0.0,0.0,0.0,118.7,1.0,0.9133825890148544,0.8892810528637309,0.8896442701350944,0.8898347671483604
960,uniform,0.2,1.0,20,pulse_only,0.9421517529435862,0.9060695670124238,107138.4,3582.15,2645.85,63.5004,107138.4,0.0,3582.15,0.0,61.5,1.0,0.9458769942891984,0.9386670407833699,0.9413802213921876,0.9442798747993933
960,uniform,0.2,1.0,20,hybrid_75,0.9410804717541831,0.9122112669309453,82457.6,2757.9,2033.5,48.803999999999995,80312.4,2145.2,2674.55,83.35,62.35,1.0,0.9422126629114063,0.9363602693402804,0.9396317541302309,0.94416493177311
960,uniform,0.2,1.0,20,hybrid_50,0.9384882193448796,0.8962058824656014,59808.0,2021.0,1413.0,33.912,53689.6,6118.4,1786.15,234.85,65.65,1.0,0.9379041380347667,0.9328792359565089,0.9373220170940633,0.9418758121644736
960,uniform,0.2,1.0,20,hybrid_25,0.9324234568689846,0.8785348411001748,37610.8,1308.95,774.5,18.588000000000005,26472.0,11138.8,881.65,427.3,71.75,1.0,0.9371145752049665,0.9253565743572765,0.9310650431107694,0.936636105003946
960,uniform,0.2,1.0,20,signal_only,0.91221636967901,0.6858755553815519,19270.0,753.15,149.3,3.5832000000000006,0.0,19270.0,0.0,753.15,100.9,1.0,0.9332450075705566,0.9121374298196198,0.9123172406523885,0.9122054041220157
960,uniform,0.2,4.0,20,fixed,0.8896487143238865,0.3988180534655595,0.0,0.0,0.0,0.0,0.0,0.0,0.0,0.0,118.7,1.0,0.9133825890148544,0.8892810528637309,0.8896442701350944,0.8898347671483604
960,uniform,0.2,4.0,20,pulse_only,0.9513652296056074,0.9534047666734807,423880.0,14382.15,9838.55,236.1252,423880.0,0.0,14382.15,0.0,56.75,1.0,0.9592625922737726,0.9485882704492772,0.9511209944736757,0.952875826749738
960,uniform,0.2,4.0,20,hybrid_75,0.9499335920059432,0.9471610327201739,326122.0,11092.35,7488.2,179.7168,317414.8,8707.2,10746.6,345.75,56.5,1.0,0.9571780179071135,0.9473305887640523,0.9491515849758247,0.9516260971419477
960,uniform,0.2,4.0,20,hybrid_50,0.9477991234548785,0.9408038159499194,229302.8,7852.95,5104.0,122.49600000000001,211990.8,17312.0,7165.75,687.2,56.95,1.0,0.9547425201681913,0.9435971640384306,0.9470792969108903,0.9502600164350966
960,uniform,0.2,4.0,20,hybrid_25,0.9451180206911214,0.9419740627759028,132352.4,4612.15,2707.6,64.9824,106439.6,25912.8,3575.7,1036.45,61.75,1.0,0.9504738706451372,0.9413644459195387,0.9439536478316676,0.9475769945066397
960,uniform,0.2,4.0,20,signal_only,0.9139829851601776,0.7077603183218394,49255.6,1993.5,176.45,4.2348,0.0,49255.6,0.0,1993.5,100.1,1.0,0.9363263770388391,0.9146804952232275,0.913741828493443,0.9137548084620197
