n,scenario,seed,dt,rate,policy,service,p10,messages,requests,swaps,resource_cost,pulse_messages,signal_messages,pulse_requests,signal_requests,active_need_end,source_reach_end,max_mass_error,max_flow_ratio,max_message_budget_excess,minimum_request_gap,allowed_message_envelope,active_edges,phase0_service,phase0_messages,phase1_service,phase1_messages,phase2_service,phase2_messages,phase3_service,phase3_messages
960,repeated_damage,12250,0.2,4.0,hybrid_50,0.8749958005236363,0.5191082247111625,242376,8534,4695,112.68,208032,34344,7156,1378,157,1.0,4.547473508864641e-13,1.0000000000000004,0.0,7.999999999999986,483264.00000000006,1920,0.9509277974325284,58240,0.8531094145424745,47192,0.9305456549615552,43888,0.858164066295258,93056
960,repeated_damage,12250,0.2,2.3,pulse_only,0.871181399103181,0.5091809246285535,241168,8255,5381,129.144,241168,0,8255,0,169,1.0,4.547473508864641e-13,1.0000000000000004,0.0,13.0,287668.8,1920,0.9520459980132779,61808,0.8563905053937468,45192,0.9262666131746052,45256,0.8510342389221862,88912
960,repeated_damage,12250,0.2,4.0,hybrid_75,0.8749313375816026,0.5076659452452896,330632,11458,6955,166.92000000000002,311552,19080,10701,757,160,1.0,4.547473508864641e-13,1.0000000000000004,0.0,7.999999999999986,483264.00000000006,1920,0.9507132092535822,81544,0.8594537567082501,63104,0.9316991754555398,62224,0.8542862090813101,123760
960,repeated_damage,12250,0.2,3.15,pulse_only,0.8770973629212215,0.5096141499660244,329608,11314,7259,174.216,329608,0,11314,0,173,1.0,4.547473508864641e-13,1.0000000000000004,0.0,9.599999999999994,385466.4,1920,0.9509795140612491,84352,0.8570437374582387,61408,0.9319720198936386,61608,0.8596868471665047,122240
960,repeated_damage,12251,0.2,4.0,hybrid_50,0.8694204983834977,0.42762110621760185,247344,8591,5145,123.48,211376,35968,7156,1435,159,1.0,4.547473508864641e-13,1.0000000000000004,0.0,7.999999999999986,483264.00000000006,1920,0.9415248301766805,59512,0.8499570813840858,48688,0.9165530775527213,45192,0.855585917298592,93952
960,repeated_damage,12251,0.2,2.3,pulse_only,0.872303530885268,0.4284685766677289,243512,8259,5662,135.888,243512,0,8259,0,154,1.0,4.547473508864641e-13,1.0000000000000004,0.0,13.0,287668.8,1920,0.9427553278952325,62392,0.8596656417389266,44904,0.921104665598669,45920,0.8542219081017385,90296
960,repeated_damage,12251,0.2,4.0,hybrid_75,0.8711006572981549,0.4007614873218102,333504,11425,7413,177.912,315936,17568,10725,700,141,1.0,4.547473508864641e-13,1.0000000000000004,0.0,7.999999999999986,483264.00000000006,1920,0.9442588760743921,82920,0.8497404289074156,62536,0.9202567859923467,63352,0.8572027071464287,124696
960,repeated_damage,12251,0.2,3.15,pulse_only,0.8767431897673859,0.49792508268136787,332880,11318,7656,183.744,332880,0,11318,0,145,1.0,6.821210263296962e-13,1.0000000000000004,0.0,9.400000000000006,385466.4,1920,0.9428122322515357,85504,0.8586779370762271,61984,0.9216312246346309,62136,0.8633317986793427,123256
960,repeated_damage,12252,0.2,4.0,hybrid_50,0.9127127349522458,0.6785278104765659,235344,8093,5139,123.336,212048,23296,7156,937,141,1.0,4.547473508864641e-13,1.0000000000000004,0.0,7.999999999999986,483264.00000000006,1920,0.9719838854708528,57216,0.9171393944393933,45008,0.9599723037012671,43448,0.8868696208341612,89672
960,repeated_damage,12252,0.2,2.3,pulse_only,0.9083289352920865,0.6413306812363182,244704,8247,5847,140.328,244704,0,8247,0,141,1.0,4.547473508864641e-13,1.0000000000000004,0.0,13.0,287668.8,1920,0.9724827113332746,63352,0.910946216742734,45896,0.9583302339319776,46480,0.8820196452468172,88976
960,repeated_damage,12252,0.2,4.0,hybrid_75,0.9178084938082524,0.6986855988974127,330840,11196,7767,186.40800000000002,319120,11720,10728,468,141,1.0,4.547473508864641e-13,1.0000000000000004,0.0,7.999999999999986,483264.00000000006,1920,0.9708606879928946,83248,0.9203427164655564,62504,0.9611907728751067,61744,0.8948502429461734,123344
960,repeated_damage,12252,0.2,3.15,pulse_only,0.9122047098803614,0.6404367654282277,336080,11315,8065,193.56,336080,0,11315,0,137,1.0,4.547473508864641e-13,1.0000000000000004,0.0,9.400000000000006,385466.4,1920,0.9722493324349686,86744,0.9169141333005545,63384,0.9585105785373481,63112,0.8866970638417717,122840
960,repeated_damage,12253,0.2,4.0,hybrid_50,0.8758324515319938,0.5427021252751048,244072,8523,4940,118.56,209304,34768,7136,1387,165,1.0,3.410605131648481e-13,1.0000000000000004,0.0,7.999999999999986,483264.00000000006,1920,0.9538561304339906,58528,0.8588944643844476,47432,0.9425682864102658,44072,0.850933527666631,94040
960,repeated_damage,12253,0.2,2.3,pulse_only,0.8764653365038573,0.5508089206032482,242696,8251,5584,134.016,242696,0,8251,0,159,1.0,3.410605131648481e-13,1.0000000000000004,0.0,13.0,287668.8,1920,0.9496440071150747,62280,0.8606079744050811,45208,0.9447314470089622,46016,0.8502609623006931,89192
960,repeated_damage,12253,0.2,4.0,hybrid_75,0.8808858971659097,0.5317270242275179,331784,11426,7195,172.68,313768,18016,10713,713,178,1.0,3.410605131648481e-13,1.0000000000000004,0.0,7.999999999999986,483264.00000000006,1920,0.9576534066239545,82720,0.8720943624923574,62680,0.9476728903538486,62168,0.8518881679087162,124216
960,repeated_damage,12253,0.2,3.15,pulse_only,0.8857704515571334,0.5770561550280593,331360,11317,7469,179.256,331360,0,11317,0,165,1.0,3.410605131648481e-13,1.0000000000000004,0.0,9.599999999999994,385466.4,1920,0.9594813201848063,85192,0.8786100824566131,62144,0.953133311211191,62032,0.8556692062803648,121992
960,repeated_damage,12254,0.2,4.0,hybrid_50,0.8463397051870798,0.41214686062550754,246880,8805,4445,106.68,205064,41816,7134,1671,206,1.0,3.410605131648481e-13,1.0000000000000004,0.0,7.999999999999986,483264.00000000006,1920,0.94808532789413,58336,0.826872058497405,48104,0.9165924998912651,45048,0.8209471311798244,95392
960,repeated_damage,12254,0.2,2.3,pulse_only,0.845806893622479,0.38514821741002375,235608,8248,4707,112.968,235608,0,8248,0,204,1.0,3.410605131648481e-13,1.0000000000000002,0.0,13.0,287668.8,1920,0.9483404772343351,61608,0.8355422829072015,44296,0.9175239897897897,43824,0.8150806508964624,85880
960,repeated_damage,12254,0.2,4.0,hybrid_75,0.852513677115639,0.3986696413242318,328688,11551,6433,154.392,307632,21056,10708,843,194,1.0,3.410605131648481e-13,1.0000000000000002,0.0,7.999999999999986,483264.00000000006,1920,0.9513807280620566,81760,0.8336766589790793,62376,0.9230096384887818,61368,0.8266842054973473,123184
960,repeated_damage,12254,0.2,3.15,pulse_only,0.851947775695255,0.3844085351657981,324208,11304,6614,158.736,324208,0,11304,0,197,1.0,3.410605131648481e-13,1.0000000000000004,0.0,9.599999999999994,385466.4,1920,0.9482137756883364,84680,0.8311622439655539,60608,0.9178249828746979,60208,0.829401937970384,118712
960,repeated_damage,12255,0.2,4.0,hybrid_50,0.8629621672994807,0.4568120280964144,244288,8657,4565,109.56,206152,38136,7148,1509,196,1.0,3.410605131648481e-13,1.0000000000000004,0.0,7.999999999999986,483264.00000000006,1920,0.9643267395869292,58112,0.846729423249899,47768,0.9429080538635142,43616,0.8311055960422548,94792
960,repeated_damage,12255,0.2,2.3,pulse_only,0.8661702394955582,0.4892947286275873,238992,8250,5124,122.976,238992,0,8250,0,174,1.0,3.410605131648481e-13,1.0000000000000004,0.0,13.0,287668.8,1920,0.9601052135516882,62528,0.8434558451579206,44000,0.9408395545686201,44216,0.840192779127846,88248
960,repeated_damage,12255,0.2,4.0,hybrid_75,0.8676529003126049,0.4804276117774664,329680,11538,6596,158.304,309440,20240,10741,797,183,1.0,3.410605131648481e-13,1.0000000000000004,0.0,7.999999999999986,483264.00000000006,1920,0.9633293427697053,82704,0.845530773718955,62360,0.9467959064270125,60968,0.8391424605522261,123648
960,repeated_damage,12255,0.2,3.15,pulse_only,0.8766945136146487,0.5101594743539007,327608,11325,6976,167.424,327608,0,11325,0,176,1.0,3.410605131648481e-13,1.0000000000000004,0.0,9.599999999999994,385466.4,1920,0.9669499945890843,86088,0.860206369181195,60640,0.9473604669096813,61640,0.8496056091838592,119240
960,repeated_damage,12256,0.2,4.0,hybrid_50,0.8882654914996004,0.5579579778578302,242096,8377,5131,123.144,211368,30728,7153,1224,167,1.0,4.547473508864641e-13,1.0000000000000004,0.0,7.999999999999986,483264.00000000006,1920,0.9608912120928971,57832,0.8857739604495984,46248,0.9477738679082252,44520,0.8597570688202891,93496
960,repeated_damage,12256,0.2,2.3,pulse_only,0.8907266504842565,0.5930259054362349,243560,8238,5731,137.544,243560,0,8238,0,160,1.0,4.547473508864641e-13,1.0000000000000004,0.0,13.0,287668.8,1920,0.9578620241357315,62216,0.8829970785992884,45848,0.9475647949515226,46120,0.8661723641931074,89376
960,repeated_damage,12256,0.2,4.0,hybrid_75,0.8980802852515092,0.5928271143224986,333768,11343,7692,184.608,318328,15440,10732,611,136,1.0,6.821210263296962e-13,1.0000000000000004,0.0,7.999999999999986,483264.00000000006,1920,0.9577020125956693,82768,0.8929956687636076,62672,0.9511638357527964,63008,0.8740808182448164,125320
960,repeated_damage,12256,0.2,3.15,pulse_only,0.8922088392398556,0.5987556926431526,334800,11305,7935,190.44,334800,0,11305,0,152,1.0,4.547473508864641e-13,1.0000000000000004,0.0,9.400000000000006,385466.4,1920,0.9594903973088122,85760,0.8823474977856968,62520,0.9456747367197742,63336,0.8704065612269755,123184
960,repeated_damage,12257,0.2,4.0,hybrid_50,0.8827477539039146,0.5260224255394456,243992,8531,4906,117.744,208728,35264,7147,1384,169,1.0,3.410605131648481e-13,1.0000000000000004,0.0,7.999999999999986,483264.00000000006,1920,0.9602717622463014,58496,0.861846441189613,47536,0.9458691403340221,44672,0.8616377170460117,93288
960,repeated_damage,12257,0.2,2.3,pulse_only,0.8809006451929596,0.5487367693685337,241840,8262,5444,130.656,241840,0,8262,0,174,1.0,3.410605131648481e-13,1.0000000000000004,0.0,13.0,287668.8,1920,0.9597596283313533,62224,0.8717802330795922,45408,0.9502112669657024,45544,0.8508055403632717,88664
960,repeated_damage,12257,0.2,4.0,hybrid_75,0.8862112099722714,0.5705013715080103,331384,11434,7121,170.904,312992,18392,10711,723,156,1.0,3.410605131648481e-13,1.0000000000000004,0.0,7.999999999999986,483264.00000000006,1920,0.9627707830545065,82448,0.8760077444833485,63392,0.9498338297576964,62008,0.8595016328240205,123536
960,repeated_damage,12257,0.2,3.15,pulse_only,0.8909910361845533,0.5952606649193418,330016,11299,7355,176.52,330016,0,11299,0,167,1.0,3.410605131648481e-13,1.0000000000000004,0.0,9.400000000000006,385466.4,1920,0.9649190945788003,85768,0.879550546321448,61056,0.9513076210607564,62104,0.8665529886780042,121088
960,repeated_damage,12258,0.2,4.0,hybrid_50,0.9082214928385415,0.6620035109030132,238592,8146,5386,129.264,213352,25240,7150,996,130,1.0,4.547473508864641e-13,1.0000000000000004,0.0,7.999999999999986,483264.00000000006,1920,0.9533794284243068,58248,0.9037229776728917,46424,0.9485657263020818,43104,0.8902986336895962,90816
960,repeated_damage,12258,0.2,2.3,pulse_only,0.9045098757508943,0.6458000500570006,246896,8254,6100,146.4,246896,0,8254,0,130,1.0,6.821210263296962e-13,1.0000000000000004,0.0,13.0,287668.8,1920,0.9526720254568738,62648,0.8957400945974363,46536,0.9441781906625717,46352,0.8890606088717847,91360
960,repeated_damage,12258,0.2,4.0,hybrid_75,0.907427893361489,0.6404397982362533,333320,11275,7840,188.16,319624,13696,10733,542,124,1.0,6.821210263296962e-13,1.0000000000000004,0.0,7.999999999999986,483264.00000000006,1920,0.9572580694290329,83032,0.909237519630718,63184,0.9512982797812267,63416,0.8845878870170057,123688
960,repeated_damage,12258,0.2,3.15,pulse_only,0.907406416128114,0.6297322993652406,338680,11306,8417,202.008,338680,0,11306,0,121,1.0,4.547473508864641e-13,1.0000000000000004,0.0,9.400000000000006,385466.4,1920,0.9595932416580906,86136,0.904157136599844,63688,0.948814995721481,63696,0.8883267660955655,125160
960,repeated_damage,12259,0.2,4.0,hybrid_50,0.8816149053021709,0.5384621838731816,238736,8333,4843,116.232,209528,29208,7161,1172,164,1.0,4.547473508864641e-13,1.0000000000000002,0.0,7.999999999999986,483264.00000000006,1920,0.9672776489725494,58752,0.8927303560909189,45464,0.947281886730542,42776,0.8432236891936113,91744
960,repeated_damage,12259,0.2,2.3,pulse_only,0.8880851909848441,0.5744364995692706,243144,8278,5559,133.416,243144,0,8278,0,158,1.0,4.547473508864641e-13,1.0000000000000004,0.0,13.0,287668.8,1920,0.9639264169012267,62968,0.8872454592965873,45328,0.9487793395187563,45280,0.8581579825620161,89568
960,repeated_damage,12259,0.2,4.0,hybrid_75,0.8884945658332635,0.595923366371701,330072,11370,7149,171.576,314264,15808,10746,624,164,1.0,4.547473508864641e-13,1.0000000000000004,0.0,7.999999999999986,483264.00000000006,1920,0.9661072879252665,83224,0.9059603651242897,62576,0.9473968706541421,61720,0.8503105137773111,122552
960,repeated_damage,12259,0.2,3.15,pulse_only,0.8887923076458323,0.5961388985992019,331392,11335,7419,178.056,331392,0,11335,0,167,1.0,4.547473508864641e-13,1.0000000000000004,0.0,9.400000000000006,385466.4,1920,0.9644481845373446,86256,0.8980652448208007,62480,0.947479950964571,61984,0.8548120173989789,120672
960,repeated_damage,12260,0.2,4.0,hybrid_50,0.8873974642937962,0.567939923561481,240624,8388,4914,117.936,209200,31424,7149,1239,164,1.0,3.410605131648481e-13,1.0000000000000004,0.0,7.999999999999986,483264.00000000006,1920,0.9739247795149569,57312,0.8704279405656273,46848,0.957695590273628,43632,0.8607331631679643,92832
960,repeated_damage,12260,0.2,2.3,pulse_only,0.8866825810049113,0.5741221140708894,241128,8235,5436,130.464,241128,0,8235,0,155,1.0,3.410605131648481e-13,1.0000000000000002,0.0,13.0,287668.8,1920,0.9741209101618402,62336,0.8614049885398032,45008,0.9506584581824971,45032,0.8673334386486725,88752
960,repeated_damage,12260,0.2,4.0,hybrid_75,0.8902506703356139,0.5803887373258373,331200,11379,7263,174.312,314536,16664,10721,658,161,1.0,3.410605131648481e-13,1.0000000000000004,0.0,7.999999999999986,483264.00000000006,1920,0.9774318581771065,82536,0.8734281599457348,62040,0.953454637466847,62400,0.8670599419649369,124224
960,repeated_damage,12260,0.2,3.15,pulse_only,0.8877862228798505,0.5869661315739004,330144,11301,7365,176.76,330144,0,11301,0,153,1.0,3.410605131648481e-13,1.0000000000000004,0.0,9.599999999999994,385466.4,1920,0.9782514482537755,85088,0.8693019089459588,61080,0.95320114158435,62016,0.8643209204945467,121960
960,repeated_damage,12261,0.2,4.0,hybrid_50,0.8416724760927974,0.3858283170236595,245768,8785,4366,104.784,204768,41000,7135,1650,209,1.0,3.410605131648481e-13,1.0000000000000004,0.0,7.999999999999986,483264.00000000006,1920,0.9576288148197133,57792,0.8296437372807978,48384,0.9255452646490021,44808,0.805750451220695,94784
960,repeated_damage,12261,0.2,2.3,pulse_only,0.8439900483954982,0.38937735507613536,238064,8238,5044,121.056,238064,0,8238,0,203,1.0,3.410605131648481e-13,1.0000000000000004,0.0,13.0,287668.8,1920,0.9548550895984957,62032,0.8398064798009843,44584,0.9265754893656656,45008,0.8047891122076716,86440
960,repeated_damage,12261,0.2,4.0,hybrid_75,0.8542777966102627,0.4394146050711142,329424,11501,6675,160.20000000000002,309752,19672,10714,787,198,1.0,3.410605131648481e-13,1.0000000000000004,0.0,7.999999999999986,483264.00000000006,1920,0.9597512912857971,81808,0.8491791215483981,62008,0.9334344157020283,62344,0.8172488245953119,123264
960,repeated_damage,12261,0.2,3.15,pulse_only,0.8501701448788817,0.3936592709800647,325296,11290,6792,163.008,325296,0,11290,0,197,1.0,3.410605131648481e-13,1.0000000000000004,0.0,9.599999999999994,385466.4,1920,0.9595342677239745,84840,0.8462329401818254,60528,0.9343704585205924,60880,0.8100385904065543,119048
960,repeated_damage,12262,0.2,4.0,hybrid_50,0.8783478576997594,0.4973859154826302,243136,8505,4877,117.048,209064,34072,7135,1370,166,1.0,4.547473508864641e-13,1.0000000000000004,0.0,7.999999999999986,483264.00000000006,1920,0.9439531005245638,58488,0.8690491457569246,47672,0.9253879687270742,44304,0.8594771581575191,92672
960,repeated_damage,12262,0.2,2.3,pulse_only,0.8714917570355525,0.4340920524457812,243232,8259,5627,135.048,243232,0,8259,0,147,1.0,4.547473508864641e-13,1.0000000000000004,0.0,13.0,287668.8,1920,0.9391204355992756,62400,0.8506768030663601,45376,0.919533658292149,45904,0.8578782833918507,89552
960,repeated_damage,12262,0.2,4.0,hybrid_75,0.8807974735706384,0.4277251027978179,331224,11357,7332,175.96800000000002,315384,15840,10723,634,138,1.0,4.547473508864641e-13,1.0000000000000004,0.0,7.999999999999986,483264.00000000006,1920,0.9439069615507473,82592,0.8719890930053772,62768,0.9234317169242638,62856,0.8638845421764563,123008
960,repeated_damage,12262,0.2,3.15,pulse_only,0.8795658949710542,0.4147106423871444,332816,11324,7630,183.12,332816,0,11324,0,146,1.0,4.547473508864641e-13,1.0000000000000004,0.0,9.599999999999994,385466.4,1920,0.9445158463190749,85192,0.8660376193864686,62096,0.9246986600901409,62256,0.8637636502038035,123272
960,repeated_damage,12263,0.2,4.0,hybrid_50,0.8792273414907755,0.5408107387306776,243112,8462,5003,120.072,210128,32984,7152,1310,163,1.0,4.547473508864641e-13,1.0000000000000004,0.0,7.999999999999986,483264.00000000006,1920,0.9536554207247231,58728,0.8690791170179349,47752,0.9395863269648677,43680,0.8541219609901498,92952
960,repeated_damage,12263,0.2,2.3,pulse_only,0.8917574338941504,0.5889595197293281,244760,8251,5842,140.208,244760,0,8251,0,132,1.0,4.547473508864641e-13,1.0000000000000004,0.0,13.0,287668.8,1920,0.9512761425657553,62456,0.8837474065582378,45776,0.9411357557036805,46392,0.8710732866573416,90136
960,repeated_damage,12263,0.2,4.0,hybrid_75,0.8903014181912989,0.5608425168983945,334008,11371,7638,183.312,317608,16400,10726,645,137,1.0,6.821210263296962e-13,1.0000000000000004,0.0,7.999999999999986,483264.00000000006,1920,0.956647608542215,83240,0.8687180453266365,63200,0.941406364181427,63080,0.8755406316285662,124488
960,repeated_damage,12263,0.2,3.15,pulse_only,0.8888386212773265,0.5560426019834014,334240,11300,7880,189.12,334240,0,11300,0,139,1.0,4.547473508864641e-13,1.0000000000000004,0.0,9.400000000000006,385466.4,1920,0.9526218197716042,85696,0.8827871782534161,62784,0.9397014642487308,62584,0.8664329213035794,123176
960,repeated_damage,12264,0.2,4.0,hybrid_50,0.8912157296909724,0.5854377474219011,239264,8322,4942,118.608,209592,29672,7131,1191,150,1.0,4.547473508864641e-13,1.0000000000000004,0.0,7.999999999999986,483264.00000000006,1920,0.9628528498450205,56280,0.8893862673000416,46656,0.9451590868566283,43840,0.8651587823036101,92488
960,repeated_damage,12264,0.2,2.3,pulse_only,0.8899951225811992,0.5828639243701277,242352,8204,5682,136.368,242352,0,8204,0,151,1.0,4.547473508864641e-13,1.0000000000000004,0.0,13.0,287668.8,1920,0.9614109395527138,62000,0.890146110767572,46032,0.9480598435882608,45440,0.8608872679844817,88880
960,repeated_damage,12264,0.2,4.0,hybrid_75,0.8921552208940571,0.5707979014542869,331464,11327,7452,178.848,316136,15328,10719,608,140,1.0,4.547473508864641e-13,1.0000000000000004,0.0,7.999999999999986,483264.00000000006,1920,0.9673952320440447,81632,0.884846949921063,62568,0.9459004739265648,62568,0.8689367298643002,124696
960,repeated_damage,12264,0.2,3.15,pulse_only,0.9008574896597982,0.6039928854177191,332768,11271,7783,186.792,332768,0,11271,0,149,1.0,4.547473508864641e-13,1.0000000000000004,0.0,9.400000000000006,385466.4,1920,0.966707846558753,85272,0.8954668199408621,61752,0.9462175902316182,62712,0.8808727742333562,123032
960,repeated_damage,12265,0.2,4.0,hybrid_50,0.8817597353592544,0.5622652130174292,244872,8559,4932,118.36800000000001,209496,35376,7153,1406,165,1.0,3.410605131648481e-13,1.0000000000000004,0.0,7.999999999999986,483264.00000000006,1920,0.9611023035131384,58712,0.8597045522136896,48104,0.947466266467778,44512,0.8599340613777751,93544
960,repeated_damage,12265,0.2,2.3,pulse_only,0.874416194108279,0.5451618905535089,241736,8257,5446,130.704,241736,0,8257,0,186,1.0,3.410605131648481e-13,1.0000000000000004,0.0,13.0,287668.8,1920,0.9577972600878655,62296,0.861045122405442,44688,0.9469526244878269,45336,0.8448335147699236,89416
960,repeated_damage,12265,0.2,4.0,hybrid_75,0.880413927235445,0.5286837712785705,331632,11423,7185,172.44,313904,17728,10722,701,165,1.0,3.410605131648481e-13,1.0000000000000004,0.0,7.999999999999986,483264.00000000006,1920,0.9611770616889327,82648,0.8751144135617933,62656,0.9482474481820716,61792,0.8491469235989575,124536
960,repeated_damage,12265,0.2,3.15,pulse_only,0.8884550798023029,0.5584607583460166,331336,11326,7439,178.536,331336,0,11326,0,172,1.0,3.410605131648481e-13,1.0000000000000004,0.0,9.400000000000006,385466.4,1920,0.9613611031407225,85128,0.8821742649522184,61952,0.9505704017205842,62464,0.8605378262682044,121792
960,repeated_damage,12266,0.2,4.0,hybrid_50,0.8665672820503473,0.44847312889794305,243512,8596,4651,111.624,207328,36184,7149,1447,184,1.0,3.410605131648481e-13,1.0000000000000004,0.0,7.999999999999986,483264.00000000006,1920,0.9536735094764324,57768,0.8529391296190267,47848,0.9348624202224816,44192,0.8392337891799406,93704
960,repeated_damage,12266,0.2,2.3,pulse_only,0.8700263019059383,0.5262144030671502,239024,8235,5173,124.152,239024,0,8235,0,175,1.0,3.410605131648481e-13,1.0000000000000004,0.0,13.0,287668.8,1920,0.9561720099311741,61744,0.8663605547601141,45344,0.934683856505242,44640,0.8395303981791987,87296
960,repeated_damage,12266,0.2,4.0,hybrid_75,0.875871557168535,0.5056726245360518,328480,11403,6851,164.424,311424,17056,10718,685,163,1.0,4.547473508864641e-13,1.0000000000000004,0.0,7.999999999999986,483264.00000000006,1920,0.9544739728846924,81912,0.8689804763895712,62704,0.9358732612550414,61656,0.8493162455147635,122208
960,repeated_damage,12266,0.2,3.15,pulse_only,0.8750724058886191,0.5255321781670615,327792,11291,7101,170.424,327792,0,11291,0,164,1.0,3.410605131648481e-13,1.0000000000000004,0.0,9.599999999999994,385466.4,1920,0.9589315679144925,85216,0.8689504163747656,61048,0.9347733952740376,61600,0.8482829059528367,119928
960,repeated_damage,12267,0.2,4.0,hybrid_50,0.8868390419461359,0.588017108949542,243256,8451,5054,121.296,209936,33320,7144,1307,135,1.0,4.547473508864641e-13,1.0000000000000004,0.0,7.999999999999986,483264.00000000006,1920,0.967283609111386,57528,0.8562842355012367,48424,0.9442668451054508,44704,0.873402543588928,92600
960,repeated_damage,12267,0.2,2.3,pulse_only,0.8852113935780997,0.5524517599341208,241880,8236,5527,132.648,241880,0,8236,0,155,1.0,3.410605131648481e-13,1.0000000000000004,0.0,13.0,287668.8,1920,0.9653321738741091,62120,0.8583780261578239,44848,0.9469752230658698,45408,0.8677461625443528,89504
960,repeated_damage,12267,0.2,4.0,hybrid_75,0.892413570518106,0.5897442245751886,331488,11382,7290,174.96,314736,16752,10730,652,147,1.0,4.547473508864641e-13,1.0000000000000004,0.0,7.999999999999986,483264.00000000006,1920,0.9678375138997498,82464,0.8692002748220927,63072,0.9531524827980282,61760,0.8736507622261516,124192
960,repeated_damage,12267,0.2,3.15,pulse_only,0.8881983054250525,0.5493612939459707,331936,11297,7601,182.424,331936,0,11297,0,153,1.0,4.547473508864641e-13,1.0000000000000004,0.0,9.599999999999994,385466.4,1920,0.9687473433054323,85384,0.8705370987468094,62024,0.9539792828594338,62392,0.8641384200469836,122136
960,repeated_damage,12268,0.2,4.0,hybrid_50,0.8795542197694421,0.5705995429678228,240528,8443,4737,113.688,207960,32568,7143,1300,180,1.0,3.410605131648481e-13,1.0000000000000004,0.0,7.999999999999986,483264.00000000006,1920,0.9700414588469631,57504,0.8800096940469914,47120,0.955921521260956,42736,0.8411428318849103,93168
960,repeated_damage,12268,0.2,2.3,pulse_only,0.8800405416499872,0.5748890726782715,241616,8234,5500,132.0,241616,0,8234,0,167,1.0,3.410605131648481e-13,1.0000000000000004,0.0,13.0,287668.8,1920,0.9663068253223297,62264,0.8734872364515016,45520,0.9484264938876058,45744,0.8491242181304209,88088
960,repeated_damage,12268,0.2,4.0,hybrid_75,0.8829790448968923,0.5680674380143945,331304,11426,7135,171.24,313264,18040,10710,716,189,1.0,3.410605131648481e-13,1.0000000000000004,0.0,7.999999999999986,483264.00000000006,1920,0.9716425170347276,82624,0.8834959690989176,63120,0.9560314537158259,62416,0.8461943783864128,123144
960,repeated_damage,12268,0.2,3.15,pulse_only,0.8840044841864838,0.5606796026946014,331416,11296,7539,180.936,331416,0,11296,0,173,1.0,3.410605131648481e-13,1.0000000000000004,0.0,9.599999999999994,385466.4,1920,0.9700424386518602,85984,0.8846709718128544,61504,0.9552976639762812,62544,0.8480246504783999,121384
960,repeated_damage,12269,0.2,4.0,hybrid_50,0.8784260145711791,0.5938516032811133,239136,8488,4428,106.272,205680,33456,7148,1340,210,1.0,3.410605131648481e-13,1.0000000000000004,0.0,7.999999999999986,483264.00000000006,1920,0.985563910724759,56752,0.885688223296919,46520,0.9625207666527554,43040,0.8327475341675208,92824
960,repeated_damage,12269,0.2,2.3,pulse_only,0.8776246538885756,0.5743942333648703,238688,8245,5101,122.424,238688,0,8245,0,201,1.0,3.410605131648481e-13,1.0000000000000004,0.0,13.0,287668.8,1920,0.9855293845259092,62712,0.8782896107818994,44720,0.9616248247319338,45312,0.8352920900202347,85944
960,repeated_damage,12269,0.2,4.0,hybrid_75,0.887963608286939,0.5912651790652255,325960,11395,6560,157.44,309224,16736,10729,666,183,1.0,3.410605131648481e-13,1.0000000000000002,0.0,7.999999999999986,483264.00000000006,1920,0.985764265502461,83016,0.8886211238923853,61784,0.9636986987713163,60848,0.8497673052420269,120312
960,repeated_damage,12269,0.2,3.15,pulse_only,0.8840957514271472,0.5881764894137375,325968,11318,6792,163.008,325968,0,11318,0,185,1.0,3.410605131648481e-13,1.0000000000000004,0.0,9.400000000000006,385466.4,1920,0.9881667844891272,86024,0.8702999800612397,60320,0.967162116156204,61288,0.8494604547455724,118336
960,repeated_damage,12270,0.2,4.0,hybrid_50,0.8796741768009012,0.5549012634203256,241520,8490,4720,113.28,207672,33848,7138,1352,168,1.0,3.410605131648481e-13,1.0000000000000004,0.0,7.999999999999986,483264.00000000006,1920,0.9692571201007741,57152,0.8603118120060352,47824,0.9515207459477518,43664,0.853432074624909,92880
960,repeated_damage,12270,0.2,2.3,pulse_only,0.8770354593758997,0.496743343002226,238848,8237,5145,123.48,238848,0,8237,0,182,1.0,2.2737367544323206e-13,1.0000000000000004,0.0,13.0,287668.8,1920,0.9713247966467298,61536,0.8661474230749353,44856,0.9446529580832104,44960,0.8486707281727266,87496
960,repeated_damage,12270,0.2,4.0,hybrid_75,0.8907296591459415,0.5948631498417953,329376,11422,6906,165.744,311456,17920,10714,708,173,1.0,3.410605131648481e-13,1.0000000000000004,0.0,7.999999999999986,483264.00000000006,1920,0.9707490120369658,81608,0.8743843334575435,63104,0.9500198930879133,61664,0.8692572050191547,123000
960,repeated_damage,12270,0.2,3.15,pulse_only,0.8859072536098617,0.5598949818593331,328976,11282,7276,174.624,328976,0,11282,0,170,1.0,3.410605131648481e-13,1.0000000000000004,0.0,9.400000000000006,385466.4,1920,0.9703430593951166,85056,0.8646211592316959,61080,0.9508540146466284,62112,0.8640769202805612,120728
960,repeated_damage,12271,0.2,4.0,hybrid_50,0.8760430750003455,0.5138726428746033,245024,8551,4975,119.4,209600,35424,7149,1402,162,1.0,3.410605131648481e-13,1.0000000000000004,0.0,7.999999999999986,483264.00000000006,1920,0.9638308961449996,57576,0.8465181399741399,48304,0.9423208416065821,44928,0.8576666592103297,94216
960,repeated_damage,12271,0.2,2.3,pulse_only,0.8797413367096559,0.5428678506297161,241232,8220,5494,131.856,241232,0,8220,0,152,1.0,4.547473508864641e-13,1.0000000000000004,0.0,13.0,287668.8,1920,0.9635088652866212,62328,0.8510844407811671,45048,0.9442254188214841,45088,0.8618277436179863,88768
960,repeated_damage,12271,0.2,4.0,hybrid_75,0.8803927013652479,0.5657518510845118,332920,11474,7193,172.632,313984,18936,10726,748,176,1.0,4.547473508864641e-13,1.0000000000000004,0.0,7.999999999999986,483264.00000000006,1920,0.9647944546394344,82352,0.857281381157622,62984,0.9447876576722516,62048,0.859750883315559,125536
960,repeated_damage,12271,0.2,3.15,pulse_only,0.8839816559531579,0.5790282601556139,329664,11294,7326,175.824,329664,0,11294,0,176,1.0,3.410605131648481e-13,1.0000000000000004,0.0,9.400000000000006,385466.4,1920,0.9689339363662588,85120,0.869306339109923,61096,0.9467731097299117,61384,0.8599235874863984,122064
960,repeated_damage,12272,0.2,4.0,hybrid_50,0.9176096266769962,0.6884797103161265,237816,8110,5397,129.528,213688,24128,7152,958,119,1.0,3.410605131648481e-13,1.0000000000000004,0.0,7.999999999999986,483264.00000000006,1920,0.9698857562175975,57008,0.8995890947324622,45920,0.9620047158127867,43920,0.9044223480813679,90968
960,repeated_damage,12272,0.2,2.3,pulse_only,0.9114571030418677,0.664168325779645,245016,8220,5967,143.208,245016,0,8220,0,114,1.0,3.410605131648481e-13,1.0000000000000004,0.0,13.0,287668.8,1920,0.9722999891735211,62312,0.8939309285650879,46720,0.9615987777232899,46464,0.8951493529395463,89520
960,repeated_damage,12272,0.2,4.0,hybrid_75,0.9190731823843483,0.6791847097310614,333376,11239,7955,190.92000000000002,320568,12808,10738,501,114,1.0,4.547473508864641e-13,1.0000000000000004,0.0,7.999999999999986,483264.00000000006,1920,0.9704572925126633,82328,0.9052568673200608,63576,0.9602623063394471,62400,0.905386777938943,125072
960,repeated_damage,12272,0.2,3.15,pulse_only,0.921772550679698,0.726114241623779,338104,11280,8423,202.15200000000002,338104,0,11280,0,100,1.0,5.684341886080801e-13,1.0000000000000004,0.0,9.599999999999994,385466.4,1920,0.9704903463286866,85824,0.9095669410072106,63000,0.9583829007128044,63920,0.9095701804993884,125360
960,repeated_damage,12273,0.2,4.0,hybrid_50,0.8653575936324043,0.3949184169601163,246144,8584,5016,120.384,210256,35888,7143,1441,158,1.0,4.547473508864641e-13,1.0000000000000004,0.0,7.999999999999986,483264.00000000006,1920,0.9327929902040667,59424,0.8384880590693685,47584,0.9125510530765191,45784,0.8551956311918647,93352
960,repeated_damage,12273,0.2,2.3,pulse_only,0.8648046552932397,0.3660655499207168,242456,8240,5587,134.088,242456,0,8240,0,155,1.0,4.547473508864641e-13,1.0000000000000004,0.0,13.0,287668.8,1920,0.9362126976969289,61864,0.8368895842584505,45120,0.9119152916028853,45288,0.8552068726558114,90184
960,repeated_damage,12273,0.2,4.0,hybrid_75,0.8709437942088224,0.45150146507572086,332856,11438,7293,175.032,314744,18112,10710,728,165,1.0,4.547473508864641e-13,1.0000000000000004,0.0,7.999999999999986,483264.00000000006,1920,0.9366462136750983,82256,0.8597168414830137,62600,0.9142146369947857,61864,0.8549218491787453,126136
960,repeated_damage,12273,0.2,3.15,pulse_only,0.8724657860342359,0.4185898366851553,332104,11318,7559,181.416,332104,0,11318,0,144,1.0,6.821210263296962e-13,1.0000000000000004,0.0,9.599999999999994,385466.4,1920,0.936844069869851,84800,0.8600188452637063,61920,0.9162301405509742,61504,0.8568070791611314,123880
960,repeated_damage,12274,0.2,4.0,hybrid_50,0.8903316941420195,0.5764537203465572,242024,8392,5077,121.848,210648,31376,7147,1245,156,1.0,4.547473508864641e-13,1.0000000000000004,0.0,7.999999999999986,483264.00000000006,1920,0.9598040812695162,58440,0.8753691151606905,47096,0.9441935488470606,43920,0.8708820562801632,92568
960,repeated_damage,12274,0.2,2.3,pulse_only,0.8832423203034379,0.5577992171487154,243296,8240,5692,136.608,243296,0,8240,0,169,1.0,4.547473508864641e-13,1.0000000000000004,0.0,13.0,287668.8,1920,0.9602869662144603,62512,0.8693178580485869,45608,0.945897127064922,46296,0.8588771480501212,88880
960,repeated_damage,12274,0.2,4.0,hybrid_75,0.8930788486806321,0.5855448965375013,333856,11376,7604,182.496,317096,16760,10721,655,151,1.0,4.547473508864641e-13,1.0000000000000004,0.0,7.999999999999986,483264.00000000006,1920,0.9626495081699902,82656,0.8761388556079162,63672,0.945881568562195,62640,0.8751474852762087,124888
960,repeated_damage,12274,0.2,3.15,pulse_only,0.8951691357719317,0.6049646878244709,334504,11301,7910,189.84,334504,0,11301,0,141,1.0,4.547473508864641e-13,1.0000000000000004,0.0,9.400000000000006,385466.4,1920,0.9605295527844256,85928,0.8840824201216595,62512,0.9453799866334265,62656,0.8756070681663201,123408
960,repeated_damage,12275,0.2,4.0,hybrid_50,0.8803942945713,0.5459492754763426,243920,8436,5182,124.36800000000001,211176,32744,7145,1291,165,1.0,4.547473508864641e-13,1.0000000000000004,0.0,7.999999999999986,483264.00000000006,1920,0.9492497878600296,58856,0.8751516174662302,46296,0.9433797948426463,44952,0.8515228829881623,93816
960,repeated_damage,12275,0.2,2.3,pulse_only,0.8878660024687036,0.5683167918324875,245144,8245,5908,141.792,245144,0,8245,0,158,1.0,4.547473508864641e-13,1.0000000000000004,0.0,13.0,287668.8,1920,0.9466851380578298,62192,0.8820009429169925,46240,0.9404195384547138,46328,0.8645217642515542,90384
960,repeated_damage,12275,0.2,4.0,hybrid_75,0.8962311541355964,0.5978298989947713,334656,11356,7764,186.336,318360,16296,10717,639,142,1.0,6.821210263296962e-13,1.0000000000000004,0.0,7.999999999999986,483264.00000000006,1920,0.9506696850148807,82616,0.8836627832740095,63176,0.9435156456163752,62928,0.8788730938260004,125936
960,repeated_damage,12275,0.2,3.15,pulse_only,0.8920904996745108,0.5663538106537034,336472,11305,8144,195.45600000000002,336472,0,11305,0,143,1.0,4.547473508864641e-13,1.0000000000000004,0.0,9.400000000000006,385466.4,1920,0.9528258626602524,85344,0.8877958253921694,62936,0.9444292727445264,63568,0.8680684502806739,124624
960,repeated_damage,12276,0.2,4.0,hybrid_50,0.8232365573084253,0.31981208135110367,247696,8954,4100,98.4,202672,45024,7143,1811,225,1.0,3.410605131648481e-13,1.0000000000000004,0.0,7.999999999999986,483264.00000000006,1920,0.9331582573922639,60128,0.8187496363128945,48368,0.9090001209024731,44536,0.7825982360091666,94664
960,repeated_damage,12276,0.2,2.3,pulse_only,0.8217831879237548,0.27204367689771,235704,8275,4638,111.312,235704,0,8275,0,221,1.0,3.410605131648481e-13,1.0000000000000004,0.0,13.0,287668.8,1920,0.9363292617852865,61920,0.8106242543059853,43304,0.9028769655052786,44688,0.7868157659418779,85792
960,repeated_damage,12276,0.2,4.0,hybrid_75,0.8306638356377876,0.3215794415771366,328264,11651,6080,145.92000000000002,304720,23544,10708,943,219,1.0,3.410605131648481e-13,1.0000000000000002,0.0,7.999999999999986,483264.00000000006,1920,0.939781933706077,82384,0.8267283920846273,62840,0.9116949764334591,61480,0.7921159870165319,121560
960,repeated_damage,12276,0.2,3.15,pulse_only,0.8298315052428076,0.2876370105549025,322280,11326,6307,151.368,322280,0,11326,0,215,1.0,3.410605131648481e-13,1.0000000000000004,0.0,9.400000000000006,385466.4,1920,0.9343973500780963,84056,0.8193447840417587,60040,0.9068873589660461,60176,0.7965469389817126,118008
960,repeated_damage,12277,0.2,4.0,hybrid_50,0.8837712065298726,0.5533351592539594,243632,8487,4993,119.83200000000001,209568,34064,7132,1355,175,1.0,3.410605131648481e-13,1.0000000000000004,0.0,7.999999999999986,483264.00000000006,1920,0.9631711789959271,57440,0.8654089263807522,47904,0.9525104615076522,44360,0.8585827191155433,93928
960,repeated_damage,12277,0.2,2.3,pulse_only,0.8859604055037156,0.5627801612019068,242536,8232,5621,134.904,242536,0,8232,0,162,1.0,3.410605131648481e-13,1.0000000000000004,0.0,13.0,287668.8,1920,0.9628242359168476,61896,0.8682659662237554,45576,0.9468904174932332,46080,0.864342619148937,88984
960,repeated_damage,12277,0.2,4.0,hybrid_75,0.8949566654389643,0.5552502905975165,331304,11336,7405,177.72,315680,15624,10717,619,156,1.0,3.410605131648481e-13,1.0000000000000004,0.0,7.999999999999986,483264.00000000006,1920,0.9682512074810615,82080,0.8730892226529708,62768,0.9560667217085241,62704,0.8753353586971812,123752
960,repeated_damage,12277,0.2,3.15,pulse_only,0.8917906420554085,0.5518053036926895,334136,11299,7870,188.88,334136,0,11299,0,158,1.0,3.410605131648481e-13,1.0000000000000004,0.0,9.400000000000006,385466.4,1920,0.968623786437483,85184,0.8686441901703262,62016,0.9545267902427899,63224,0.8719957939042586,123712
960,repeated_damage,12278,0.2,4.0,hybrid_50,0.873364249110772,0.5739707200092627,243360,8581,4677,112.248,207600,35760,7146,1435,184,1.0,3.410605131648481e-13,1.0000000000000004,0.0,7.999999999999986,483264.00000000006,1920,0.9671061663709696,56984,0.8528301324960527,47896,0.9497948772665848,43520,0.8454159933402251,94960
960,repeated_damage,12278,0.2,2.3,pulse_only,0.8780105838046723,0.5455593061422112,239992,8241,5276,126.62400000000001,239992,0,8241,0,171,1.0,3.410605131648481e-13,1.0000000000000004,0.0,13.0,287668.8,1920,0.9649859915832992,61992,0.8624102523825673,44600,0.9487830038166486,44976,0.8504245395097368,88424
960,repeated_damage,12278,0.2,4.0,hybrid_75,0.8872140297941604,0.5998489614393003,329216,11444,6820,163.68,310696,18520,10716,728,185,1.0,4.547473508864641e-13,1.0000000000000004,0.0,7.999999999999986,483264.00000000006,1920,0.966797756189653,82320,0.8798932248222946,61888,0.9524236244659725,62392,0.8582696349441872,122616
960,repeated_damage,12278,0.2,3.15,pulse_only,0.8800819932264734,0.559247221711538,328376,11313,7108,170.592,328376,0,11313,0,183,1.0,3.410605131648481e-13,1.0000000000000004,0.0,9.400000000000006,385466.4,1920,0.9684981939516665,85320,0.868915777212511,61312,0.9529985343987158,61896,0.8492068306473333,119848
960,repeated_damage,12279,0.2,4.0,hybrid_50,0.9069528811775516,0.6312813463537936,241568,8281,5353,128.472,213040,28528,7160,1121,137,1.0,4.547473508864641e-13,1.0000000000000004,0.0,7.999999999999986,483264.00000000006,1920,0.9752977544386061,57536,0.898787781740009,46992,0.9652992898471946,44024,0.8818622265615016,93016
960,repeated_damage,12279,0.2,2.3,pulse_only,0.9239721047558569,0.7204988821187899,245880,8234,6033,144.792,245880,0,8234,0,126,1.0,4.547473508864641e-13,1.0000000000000004,0.0,13.0,287668.8,1920,0.9762214308295591,62712,0.9181348255198838,46032,0.9717914543727092,45904,0.9029810695654176,91232
960,repeated_damage,12279,0.2,4.0,hybrid_75,0.9224636569729345,0.6858770323631297,332688,11240,7866,188.784,319856,12832,10733,507,130,1.0,4.547473508864641e-13,1.0000000000000004,0.0,7.999999999999986,483264.00000000006,1920,0.9788700929574715,82952,0.9239678841055834,62456,0.9692392880549671,62624,0.8983237278655938,124656
960,repeated_damage,12279,0.2,3.15,pulse_only,0.9267884638177427,0.7202220341014124,337560,11303,8286,198.864,337560,0,11303,0,121,1.0,4.547473508864641e-13,1.0000000000000004,0.0,9.400000000000006,385466.4,1920,0.9767873957088261,86344,0.92834118825096,63536,0.9719887507437577,63936,0.9034119581381266,123744
