n,scenario,seed,dt,varied,detector,tp,fp,fn,tn
96,quiet,21000,0.2,0,level,290,1,0,1437
96,quiet,21000,0.2,0,persistent,290,1,0,1437
96,quiet,21000,0.2,0,two_signals,284,0,6,1438
96,quiet,21001,0.2,0,level,311,0,1,1416
96,quiet,21001,0.2,0,persistent,311,0,1,1416
96,quiet,21001,0.2,0,two_signals,308,0,4,1416
96,quiet,21002,0.2,0,level,351,0,1,1376
96,quiet,21002,0.2,0,persistent,350,0,2,1376
96,quiet,21002,0.2,0,two_signals,350,0,2,1376
96,quiet,21003,0.2,0,level,264,0,0,1464
96,quiet,21003,0.2,0,persistent,263,0,1,1464
96,quiet,21003,0.2,0,two_signals,253,0,11,1464
96,quiet,21004,0.2,0,level,72,0,0,1656
96,quiet,21004,0.2,0,persistent,72,0,0,1656
96,quiet,21004,0.2,0,two_signals,72,0,0,1656
96,quiet,21005,0.2,0,level,0,0,0,1728
96,quiet,21005,0.2,0,persistent,0,0,0,1728
96,quiet,21005,0.2,0,two_signals,0,0,0,1728
96,quiet,21006,0.2,0,level,361,1,1,1365
96,quiet,21006,0.2,0,persistent,360,1,2,1365
96,quiet,21006,0.2,0,two_signals,344,0,18,1366
96,quiet,21007,0.2,0,level,3,2,0,1723
96,quiet,21007,0.2,0,persistent,3,2,0,1723
96,quiet,21007,0.2,0,two_signals,0,0,3,1725
96,quiet,21008,0.2,0,level,210,0,4,1514
96,quiet,21008,0.2,0,persistent,209,0,5,1514
96,quiet,21008,0.2,0,two_signals,199,0,15,1514
96,quiet,21009,0.2,0,level,0,0,0,1728
96,quiet,21009,0.2,0,persistent,0,0,0,1728
96,quiet,21009,0.2,0,two_signals,0,0,0,1728
96,quiet,21010,0.2,0,level,280,0,6,1442
96,quiet,21010,0.2,0,persistent,276,0,10,1442
96,quiet,21010,0.2,0,two_signals,269,0,17,1442
96,quiet,21011,0.2,0,level,240,0,0,1488
96,quiet,21011,0.2,0,persistent,240,0,0,1488
96,quiet,21011,0.2,0,two_signals,232,0,8,1488
96,quiet,21012,0.2,0,level,35,2,0,1691
96,quiet,21012,0.2,0,persistent,35,2,0,1691
96,quiet,21012,0.2,0,two_signals,27,2,8,1691
96,quiet,21013,0.2,0,level,378,0,5,1345
96,quiet,21013,0.2,0,persistent,378,0,5,1345
96,quiet,21013,0.2,0,two_signals,370,0,13,1345
96,quiet,21014,0.2,0,level,642,0,4,1082
96,quiet,21014,0.2,0,persistent,640,0,6,1082
96,quiet,21014,0.2,0,two_signals,640,0,6,1082
96,quiet,21015,0.2,0,level,95,0,4,1629
96,quiet,21015,0.2,0,persistent,95,0,4,1629
96,quiet,21015,0.2,0,two_signals,91,0,8,1629
96,quiet,21016,0.2,0,level,168,0,0,1560
96,quiet,21016,0.2,0,persistent,168,0,0,1560
96,quiet,21016,0.2,0,two_signals,160,0,8,1560
96,quiet,21017,0.2,0,level,286,0,2,1440
96,quiet,21017,0.2,0,persistent,285,0,3,1440
96,quiet,21017,0.2,0,two_signals,285,0,3,1440
96,quiet,21018,0.2,0,level,441,1,3,1283
96,quiet,21018,0.2,0,persistent,441,1,3,1283
96,quiet,21018,0.2,0,two_signals,431,0,13,1284
96,quiet,21019,0.2,0,level,96,0,0,1632
96,quiet,21019,0.2,0,persistent,96,0,0,1632
96,quiet,21019,0.2,0,two_signals,94,0,2,1632
96,transient,21000,0.2,0,level,319,13,17,1379
96,transient,21000,0.2,0,persistent,315,13,21,1379
96,transient,21000,0.2,0,two_signals,284,3,52,1389
96,transient,21001,0.2,0,level,327,13,16,1372
96,transient,21001,0.2,0,persistent,326,13,17,1372
96,transient,21001,0.2,0,two_signals,297,7,46,1378
96,transient,21002,0.2,0,level,388,16,20,1304
96,transient,21002,0.2,0,persistent,388,15,20,1305
96,transient,21002,0.2,0,two_signals,339,7,69,1313
96,transient,21003,0.2,0,level,308,34,42,1344
96,transient,21003,0.2,0,persistent,303,31,47,1347
96,transient,21003,0.2,0,two_signals,258,14,92,1364
96,transient,21004,0.2,0,level,104,20,23,1581
96,transient,21004,0.2,0,persistent,101,18,26,1583
96,transient,21004,0.2,0,two_signals,82,6,45,1595
96,transient,21005,0.2,0,level,45,18,23,1642
96,transient,21005,0.2,0,persistent,39,17,29,1643
96,transient,21005,0.2,0,two_signals,16,4,52,1656
96,transient,21006,0.2,0,level,389,19,19,1301
96,transient,21006,0.2,0,persistent,384,19,24,1301
96,transient,21006,0.2,0,two_signals,333,6,75,1314
96,transient,21007,0.2,0,level,28,12,13,1675
96,transient,21007,0.2,0,persistent,25,12,16,1675
96,transient,21007,0.2,0,two_signals,11,1,30,1686
96,transient,21008,0.2,0,level,253,24,29,1422
96,transient,21008,0.2,0,persistent,245,21,37,1425
96,transient,21008,0.2,0,two_signals,197,5,85,1441
96,transient,21009,0.2,0,level,12,21,28,1667
96,transient,21009,0.2,0,persistent,8,14,32,1674
96,transient,21009,0.2,0,two_signals,4,4,36,1684
96,transient,21010,0.2,0,level,327,37,45,1319
96,transient,21010,0.2,0,persistent,315,36,57,1320
96,transient,21010,0.2,0,two_signals,264,12,108,1344
96,transient,21011,0.2,0,level,285,18,24,1401
96,transient,21011,0.2,0,persistent,278,18,31,1401
96,transient,21011,0.2,0,two_signals,241,6,68,1413
96,transient,21012,0.2,0,level,77,25,27,1599
96,transient,21012,0.2,0,persistent,68,24,36,1600
96,transient,21012,0.2,0,two_signals,33,8,71,1616
96,transient,21013,0.2,0,level,401,13,23,1291
96,transient,21013,0.2,0,persistent,397,13,27,1291
96,transient,21013,0.2,0,two_signals,344,5,80,1299
96,transient,21014,0.2,0,level,668,15,23,1022
96,transient,21014,0.2,0,persistent,662,15,29,1022
96,transient,21014,0.2,0,two_signals,614,6,77,1031
96,transient,21015,0.2,0,level,161,34,45,1488
96,transient,21015,0.2,0,persistent,153,30,53,1492
96,transient,21015,0.2,0,two_signals,129,9,77,1513
96,transient,21016,0.2,0,level,245,25,30,1428
96,transient,21016,0.2,0,persistent,238,24,37,1429
96,transient,21016,0.2,0,two_signals,177,9,98,1444
96,transient,21017,0.2,0,level,309,17,23,1379
96,transient,21017,0.2,0,persistent,303,16,29,1380
96,transient,21017,0.2,0,two_signals,288,8,44,1388
96,transient,21018,0.2,0,level,476,24,30,1198
96,transient,21018,0.2,0,persistent,470,24,36,1198
96,transient,21018,0.2,0,two_signals,429,9,77,1213
96,transient,21019,0.2,0,level,124,28,35,1541
96,transient,21019,0.2,0,persistent,122,27,37,1542
96,transient,21019,0.2,0,two_signals,95,9,64,1560
96,mixed,21000,0.2,0,level,397,17,21,1293
96,mixed,21000,0.2,0,persistent,392,16,26,1294
96,mixed,21000,0.2,0,two_signals,354,0,64,1310
96,mixed,21001,0.2,0,level,395,14,17,1302
96,mixed,21001,0.2,0,persistent,390,14,22,1302
96,mixed,21001,0.2,0,two_signals,349,6,63,1310
96,mixed,21002,0.2,0,level,492,33,42,1161
96,mixed,21002,0.2,0,persistent,481,33,53,1161
96,mixed,21002,0.2,0,two_signals,421,5,113,1189
96,mixed,21003,0.2,0,level,445,30,41,1212
96,mixed,21003,0.2,0,persistent,430,29,56,1213
96,mixed,21003,0.2,0,two_signals,378,4,108,1238
96,mixed,21004,0.2,0,level,187,26,35,1480
96,mixed,21004,0.2,0,persistent,176,25,46,1481
96,mixed,21004,0.2,0,two_signals,149,4,73,1502
96,mixed,21005,0.2,0,level,198,44,51,1435
96,mixed,21005,0.2,0,persistent,183,43,66,1436
96,mixed,21005,0.2,0,two_signals,135,10,114,1469
96,mixed,21006,0.2,0,level,458,13,16,1241
96,mixed,21006,0.2,0,persistent,452,13,22,1241
96,mixed,21006,0.2,0,two_signals,393,1,81,1253
96,mixed,21007,0.2,0,level,132,32,34,1530
96,mixed,21007,0.2,0,persistent,125,28,41,1534
96,mixed,21007,0.2,0,two_signals,91,2,75,1560
96,mixed,21008,0.2,0,level,351,25,42,1310
96,mixed,21008,0.2,0,persistent,342,25,51,1310
96,mixed,21008,0.2,0,two_signals,274,9,119,1326
96,mixed,21009,0.2,0,level,112,33,44,1539
96,mixed,21009,0.2,0,persistent,106,33,50,1539
96,mixed,21009,0.2,0,two_signals,85,7,71,1565
96,mixed,21010,0.2,0,level,471,38,51,1168
96,mixed,21010,0.2,0,persistent,451,38,71,1168
96,mixed,21010,0.2,0,two_signals,376,9,146,1197
96,mixed,21011,0.2,0,level,368,24,31,1305
96,mixed,21011,0.2,0,persistent,359,23,40,1306
96,mixed,21011,0.2,0,two_signals,303,4,96,1325
96,mixed,21012,0.2,0,level,215,29,45,1439
96,mixed,21012,0.2,0,persistent,206,27,54,1441
96,mixed,21012,0.2,0,two_signals,165,2,95,1466
96,mixed,21013,0.2,0,level,456,14,22,1236
96,mixed,21013,0.2,0,persistent,451,14,27,1236
96,mixed,21013,0.2,0,two_signals,389,2,89,1248
96,mixed,21014,0.2,0,level,766,32,40,890
96,mixed,21014,0.2,0,persistent,753,32,53,890
96,mixed,21014,0.2,0,two_signals,693,13,113,909
96,mixed,21015,0.2,0,level,358,42,61,1267
96,mixed,21015,0.2,0,persistent,348,41,71,1268
96,mixed,21015,0.2,0,two_signals,285,13,134,1296
96,mixed,21016,0.2,0,level,347,36,46,1299
96,mixed,21016,0.2,0,persistent,340,35,53,1300
96,mixed,21016,0.2,0,two_signals,281,7,112,1328
96,mixed,21017,0.2,0,level,380,26,31,1291
96,mixed,21017,0.2,0,persistent,371,25,40,1292
96,mixed,21017,0.2,0,two_signals,338,7,73,1310
96,mixed,21018,0.2,0,level,570,19,25,1114
96,mixed,21018,0.2,0,persistent,561,19,34,1114
96,mixed,21018,0.2,0,two_signals,502,4,93,1129
96,mixed,21019,0.2,0,level,294,42,49,1343
96,mixed,21019,0.2,0,persistent,281,42,62,1343
96,mixed,21019,0.2,0,two_signals,253,12,90,1373
96,recurrent,21000,0.2,0,level,391,37,40,1260
96,recurrent,21000,0.2,0,persistent,377,36,54,1261
96,recurrent,21000,0.2,0,two_signals,334,12,97,1285
96,recurrent,21001,0.2,0,level,413,37,39,1239
96,recurrent,21001,0.2,0,persistent,399,37,53,1239
96,recurrent,21001,0.2,0,two_signals,350,13,102,1263
96,recurrent,21002,0.2,0,level,456,39,48,1185
96,recurrent,21002,0.2,0,persistent,443,36,61,1188
96,recurrent,21002,0.2,0,two_signals,373,16,131,1208
96,recurrent,21003,0.2,0,level,412,55,62,1199
96,recurrent,21003,0.2,0,persistent,394,55,80,1199
96,recurrent,21003,0.2,0,two_signals,345,29,129,1225
96,recurrent,21004,0.2,0,level,209,51,57,1411
96,recurrent,21004,0.2,0,persistent,192,48,74,1414
96,recurrent,21004,0.2,0,two_signals,153,16,113,1446
96,recurrent,21005,0.2,0,level,236,69,79,1344
96,recurrent,21005,0.2,0,persistent,210,68,105,1345
96,recurrent,21005,0.2,0,two_signals,168,32,147,1381
96,recurrent,21006,0.2,0,level,462,28,29,1209
96,recurrent,21006,0.2,0,persistent,451,28,40,1209
96,recurrent,21006,0.2,0,two_signals,392,11,99,1226
96,recurrent,21007,0.2,0,level,175,61,70,1422
96,recurrent,21007,0.2,0,persistent,161,60,84,1423
96,recurrent,21007,0.2,0,two_signals,121,26,124,1457
96,recurrent,21008,0.2,0,level,401,53,70,1204
96,recurrent,21008,0.2,0,persistent,384,52,87,1205
96,recurrent,21008,0.2,0,two_signals,306,19,165,1238
96,recurrent,21009,0.2,0,level,206,107,119,1296
96,recurrent,21009,0.2,0,persistent,176,103,149,1300
96,recurrent,21009,0.2,0,two_signals,155,48,170,1355
96,recurrent,21010,0.2,0,level,411,57,67,1193
96,recurrent,21010,0.2,0,persistent,394,56,84,1194
96,recurrent,21010,0.2,0,two_signals,311,18,167,1232
96,recurrent,21011,0.2,0,level,404,56,72,1196
96,recurrent,21011,0.2,0,persistent,383,54,93,1198
96,recurrent,21011,0.2,0,two_signals,322,22,154,1230
96,recurrent,21012,0.2,0,level,240,80,92,1316
96,recurrent,21012,0.2,0,persistent,217,77,115,1319
96,recurrent,21012,0.2,0,two_signals,164,36,168,1360
96,recurrent,21013,0.2,0,level,489,49,65,1125
96,recurrent,21013,0.2,0,persistent,474,48,80,1126
96,recurrent,21013,0.2,0,two_signals,407,21,147,1153
96,recurrent,21014,0.2,0,level,724,32,38,934
96,recurrent,21014,0.2,0,persistent,710,28,52,938
96,recurrent,21014,0.2,0,two_signals,624,15,138,951
96,recurrent,21015,0.2,0,level,369,82,102,1175
96,recurrent,21015,0.2,0,persistent,345,82,126,1175
96,recurrent,21015,0.2,0,two_signals,309,32,162,1225
96,recurrent,21016,0.2,0,level,413,68,86,1161
96,recurrent,21016,0.2,0,persistent,397,67,102,1162
96,recurrent,21016,0.2,0,two_signals,331,26,168,1203
96,recurrent,21017,0.2,0,level,398,47,53,1230
96,recurrent,21017,0.2,0,persistent,383,46,68,1231
96,recurrent,21017,0.2,0,two_signals,353,23,98,1254
96,recurrent,21018,0.2,0,level,580,45,50,1053
96,recurrent,21018,0.2,0,persistent,563,45,67,1053
96,recurrent,21018,0.2,0,two_signals,505,17,125,1081
96,recurrent,21019,0.2,0,level,291,81,92,1264
96,recurrent,21019,0.2,0,persistent,265,81,118,1264
96,recurrent,21019,0.2,0,two_signals,240,30,143,1315
96,scarcity,21000,0.2,0,level,551,1,35,1141
96,scarcity,21000,0.2,0,persistent,544,1,42,1141
96,scarcity,21000,0.2,0,two_signals,538,0,48,1142
96,scarcity,21001,0.2,0,level,518,0,25,1185
96,scarcity,21001,0.2,0,persistent,513,0,30,1185
96,scarcity,21001,0.2,0,two_signals,510,0,33,1185
96,scarcity,21002,0.2,0,level,618,0,33,1077
96,scarcity,21002,0.2,0,persistent,610,0,41,1077
96,scarcity,21002,0.2,0,two_signals,610,0,41,1077
96,scarcity,21003,0.2,0,level,641,0,46,1041
96,scarcity,21003,0.2,0,persistent,624,0,63,1041
96,scarcity,21003,0.2,0,two_signals,620,0,67,1041
96,scarcity,21004,0.2,0,level,478,0,60,1190
96,scarcity,21004,0.2,0,persistent,464,0,74,1190
96,scarcity,21004,0.2,0,two_signals,464,0,74,1190
96,scarcity,21005,0.2,0,level,595,0,72,1061
96,scarcity,21005,0.2,0,persistent,570,0,97,1061
96,scarcity,21005,0.2,0,two_signals,570,0,97,1061
96,scarcity,21006,0.2,0,level,616,1,30,1081
96,scarcity,21006,0.2,0,persistent,610,1,36,1081
96,scarcity,21006,0.2,0,two_signals,597,0,49,1082
96,scarcity,21007,0.2,0,level,442,2,75,1209
96,scarcity,21007,0.2,0,persistent,424,2,93,1209
96,scarcity,21007,0.2,0,two_signals,421,0,96,1211
96,scarcity,21008,0.2,0,level,560,0,47,1121
96,scarcity,21008,0.2,0,persistent,546,0,61,1121
96,scarcity,21008,0.2,0,two_signals,536,0,71,1121
96,scarcity,21009,0.2,0,level,530,0,78,1120
96,scarcity,21009,0.2,0,persistent,512,0,96,1120
96,scarcity,21009,0.2,0,two_signals,512,0,96,1120
96,scarcity,21010,0.2,0,level,642,0,45,1041
96,scarcity,21010,0.2,0,persistent,629,0,58,1041
96,scarcity,21010,0.2,0,two_signals,621,0,66,1041
96,scarcity,21011,0.2,0,level,497,0,35,1196
96,scarcity,21011,0.2,0,persistent,488,0,44,1196
96,scarcity,21011,0.2,0,two_signals,479,0,53,1196
96,scarcity,21012,0.2,0,level,523,0,75,1130
96,scarcity,21012,0.2,0,persistent,510,0,88,1130
96,scarcity,21012,0.2,0,two_signals,503,0,95,1130
96,scarcity,21013,0.2,0,level,571,0,38,1119
96,scarcity,21013,0.2,0,persistent,568,0,41,1119
96,scarcity,21013,0.2,0,two_signals,558,0,51,1119
96,scarcity,21014,0.2,0,level,955,0,35,738
96,scarcity,21014,0.2,0,persistent,943,0,47,738
96,scarcity,21014,0.2,0,two_signals,942,0,48,738
96,scarcity,21015,0.2,0,level,559,0,60,1109
96,scarcity,21015,0.2,0,persistent,542,0,77,1109
96,scarcity,21015,0.2,0,two_signals,538,0,81,1109
96,scarcity,21016,0.2,0,level,630,0,57,1041
96,scarcity,21016,0.2,0,persistent,617,0,70,1041
96,scarcity,21016,0.2,0,two_signals,613,0,74,1041
96,scarcity,21017,0.2,0,level,632,0,51,1045
96,scarcity,21017,0.2,0,persistent,619,0,64,1045
96,scarcity,21017,0.2,0,two_signals,618,0,65,1045
96,scarcity,21018,0.2,0,level,724,1,37,966
96,scarcity,21018,0.2,0,persistent,721,1,40,966
96,scarcity,21018,0.2,0,two_signals,712,0,49,967
96,scarcity,21019,0.2,0,level,505,0,61,1162
96,scarcity,21019,0.2,0,persistent,495,0,71,1162
96,scarcity,21019,0.2,0,two_signals,493,0,73,1162
384,quiet,21000,0.2,0,level,1322,0,14,5576
384,quiet,21000,0.2,0,persistent,1319,0,17,5576
384,quiet,21000,0.2,0,two_signals,1314,0,22,5576
384,quiet,21001,0.2,0,level,692,6,9,6205
384,quiet,21001,0.2,0,persistent,688,6,13,6205
384,quiet,21001,0.2,0,two_signals,661,2,40,6209
384,quiet,21002,0.2,0,level,1425,0,7,5480
384,quiet,21002,0.2,0,persistent,1420,0,12,5480
384,quiet,21002,0.2,0,two_signals,1415,0,17,5480
384,quiet,21003,0.2,0,level,1302,0,12,5598
384,quiet,21003,0.2,0,persistent,1301,0,13,5598
384,quiet,21003,0.2,0,two_signals,1259,0,55,5598
384,quiet,21004,0.2,0,level,889,1,2,6020
384,quiet,21004,0.2,0,persistent,886,1,5,6020
384,quiet,21004,0.2,0,two_signals,853,0,38,6021
384,quiet,21005,0.2,0,level,730,4,2,6176
384,quiet,21005,0.2,0,persistent,727,4,5,6176
384,quiet,21005,0.2,0,two_signals,712,1,20,6179
384,quiet,21006,0.2,0,level,1541,5,22,5344
384,quiet,21006,0.2,0,persistent,1534,5,29,5344
384,quiet,21006,0.2,0,two_signals,1509,1,54,5348
384,quiet,21007,0.2,0,level,625,11,4,6272
384,quiet,21007,0.2,0,persistent,624,11,5,6272
384,quiet,21007,0.2,0,two_signals,597,5,32,6278
384,quiet,21008,0.2,0,level,978,1,3,5930
384,quiet,21008,0.2,0,persistent,976,1,5,5930
384,quiet,21008,0.2,0,two_signals,970,1,11,5930
384,quiet,21009,0.2,0,level,1239,1,19,5653
384,quiet,21009,0.2,0,persistent,1226,1,32,5653
384,quiet,21009,0.2,0,two_signals,1215,1,43,5653
384,quiet,21010,0.2,0,level,942,4,2,5964
384,quiet,21010,0.2,0,persistent,938,4,6,5964
384,quiet,21010,0.2,0,two_signals,932,2,12,5966
384,quiet,21011,0.2,0,level,1358,0,10,5544
384,quiet,21011,0.2,0,persistent,1355,0,13,5544
384,quiet,21011,0.2,0,two_signals,1349,0,19,5544
384,quiet,21012,0.2,0,level,957,3,8,5944
384,quiet,21012,0.2,0,persistent,953,3,12,5944
384,quiet,21012,0.2,0,two_signals,939,2,26,5945
384,quiet,21013,0.2,0,level,1115,1,18,5778
384,quiet,21013,0.2,0,persistent,1106,1,27,5778
384,quiet,21013,0.2,0,two_signals,1101,1,32,5778
384,quiet,21014,0.2,0,level,1550,2,3,5357
384,quiet,21014,0.2,0,persistent,1547,2,6,5357
384,quiet,21014,0.2,0,two_signals,1516,2,37,5357
384,quiet,21015,0.2,0,level,1382,0,7,5523
384,quiet,21015,0.2,0,persistent,1380,0,9,5523
384,quiet,21015,0.2,0,two_signals,1366,0,23,5523
384,quiet,21016,0.2,0,level,1313,4,15,5580
384,quiet,21016,0.2,0,persistent,1311,4,17,5580
384,quiet,21016,0.2,0,two_signals,1306,4,22,5580
384,quiet,21017,0.2,0,level,1177,0,14,5721
384,quiet,21017,0.2,0,persistent,1170,0,21,5721
384,quiet,21017,0.2,0,two_signals,1168,0,23,5721
384,quiet,21018,0.2,0,level,1279,3,12,5618
384,quiet,21018,0.2,0,persistent,1273,3,18,5618
384,quiet,21018,0.2,0,two_signals,1253,2,38,5619
384,quiet,21019,0.2,0,level,827,0,11,6074
384,quiet,21019,0.2,0,persistent,824,0,14,6074
384,quiet,21019,0.2,0,two_signals,808,0,30,6074
384,transient,21000,0.2,0,level,1427,69,86,5330
384,transient,21000,0.2,0,persistent,1406,67,107,5332
384,transient,21000,0.2,0,two_signals,1294,27,219,5372
384,transient,21001,0.2,0,level,857,86,104,5865
384,transient,21001,0.2,0,persistent,839,78,122,5873
384,transient,21001,0.2,0,two_signals,663,30,298,5921
384,transient,21002,0.2,0,level,1602,106,129,5075
384,transient,21002,0.2,0,persistent,1577,103,154,5078
384,transient,21002,0.2,0,two_signals,1365,37,366,5144
384,transient,21003,0.2,0,level,1371,44,56,5441
384,transient,21003,0.2,0,persistent,1360,43,67,5442
384,transient,21003,0.2,0,two_signals,1180,18,247,5467
384,transient,21004,0.2,0,level,972,62,76,5802
384,transient,21004,0.2,0,persistent,959,58,89,5806
384,transient,21004,0.2,0,two_signals,831,14,217,5850
384,transient,21005,0.2,0,level,909,94,106,5803
384,transient,21005,0.2,0,persistent,892,91,123,5806
384,transient,21005,0.2,0,two_signals,740,27,275,5870
384,transient,21006,0.2,0,level,1741,120,148,4903
384,transient,21006,0.2,0,persistent,1716,114,173,4909
384,transient,21006,0.2,0,two_signals,1558,44,331,4979
384,transient,21007,0.2,0,level,744,56,57,6055
384,transient,21007,0.2,0,persistent,736,50,65,6061
384,transient,21007,0.2,0,two_signals,602,15,199,6096
384,transient,21008,0.2,0,level,1068,52,64,5728
384,transient,21008,0.2,0,persistent,1056,49,76,5731
384,transient,21008,0.2,0,two_signals,962,14,170,5766
384,transient,21009,0.2,0,level,1366,85,124,5337
384,transient,21009,0.2,0,persistent,1334,83,156,5339
384,transient,21009,0.2,0,two_signals,1168,31,322,5391
384,transient,21010,0.2,0,level,1126,89,100,5597
384,transient,21010,0.2,0,persistent,1102,84,124,5602
384,transient,21010,0.2,0,two_signals,966,32,260,5654
384,transient,21011,0.2,0,level,1454,71,91,5296
384,transient,21011,0.2,0,persistent,1437,64,108,5303
384,transient,21011,0.2,0,two_signals,1272,24,273,5343
384,transient,21012,0.2,0,level,1125,103,124,5560
384,transient,21012,0.2,0,persistent,1104,97,145,5566
384,transient,21012,0.2,0,two_signals,955,38,294,5625
384,transient,21013,0.2,0,level,1245,85,111,5471
384,transient,21013,0.2,0,persistent,1219,81,137,5475
384,transient,21013,0.2,0,two_signals,1087,30,269,5526
384,transient,21014,0.2,0,level,1710,77,97,5028
384,transient,21014,0.2,0,persistent,1691,74,116,5031
384,transient,21014,0.2,0,two_signals,1479,29,328,5076
384,transient,21015,0.2,0,level,1490,74,93,5255
384,transient,21015,0.2,0,persistent,1474,73,109,5256
384,transient,21015,0.2,0,two_signals,1323,30,260,5299
384,transient,21016,0.2,0,level,1459,76,103,5274
384,transient,21016,0.2,0,persistent,1436,72,126,5278
384,transient,21016,0.2,0,two_signals,1316,29,246,5321
384,transient,21017,0.2,0,level,1391,129,157,5235
384,transient,21017,0.2,0,persistent,1357,124,191,5240
384,transient,21017,0.2,0,two_signals,1186,58,362,5306
384,transient,21018,0.2,0,level,1406,72,91,5343
384,transient,21018,0.2,0,persistent,1384,70,113,5345
384,transient,21018,0.2,0,two_signals,1249,25,248,5390
384,transient,21019,0.2,0,level,1081,110,130,5591
384,transient,21019,0.2,0,persistent,1049,104,162,5597
384,transient,21019,0.2,0,two_signals,894,33,317,5668
384,mixed,21000,0.2,0,level,1744,93,145,4930
384,mixed,21000,0.2,0,persistent,1707,91,182,4932
384,mixed,21000,0.2,0,two_signals,1557,21,332,5002
384,mixed,21001,0.2,0,level,1358,123,157,5274
384,mixed,21001,0.2,0,persistent,1312,120,203,5277
384,mixed,21001,0.2,0,two_signals,1099,27,416,5370
384,mixed,21002,0.2,0,level,1945,116,155,4696
384,mixed,21002,0.2,0,persistent,1908,115,192,4697
384,mixed,21002,0.2,0,two_signals,1668,28,432,4784
384,mixed,21003,0.2,0,level,1669,68,90,5085
384,mixed,21003,0.2,0,persistent,1645,68,114,5085
384,mixed,21003,0.2,0,two_signals,1433,19,326,5134
384,mixed,21004,0.2,0,level,1323,99,127,5363
384,mixed,21004,0.2,0,persistent,1287,98,163,5364
384,mixed,21004,0.2,0,two_signals,1142,17,308,5445
384,mixed,21005,0.2,0,level,1378,135,175,5224
384,mixed,21005,0.2,0,persistent,1337,129,216,5230
384,mixed,21005,0.2,0,two_signals,1157,19,396,5340
384,mixed,21006,0.2,0,level,2237,112,168,4395
384,mixed,21006,0.2,0,persistent,2201,111,204,4396
384,mixed,21006,0.2,0,two_signals,1970,24,435,4483
384,mixed,21007,0.2,0,level,1134,124,151,5503
384,mixed,21007,0.2,0,persistent,1091,121,194,5506
384,mixed,21007,0.2,0,two_signals,946,44,339,5583
384,mixed,21008,0.2,0,level,1357,97,125,5333
384,mixed,21008,0.2,0,persistent,1318,93,164,5337
384,mixed,21008,0.2,0,two_signals,1194,22,288,5408
384,mixed,21009,0.2,0,level,1854,134,193,4731
384,mixed,21009,0.2,0,persistent,1798,132,249,4733
384,mixed,21009,0.2,0,two_signals,1557,34,490,4831
384,mixed,21010,0.2,0,level,1619,170,209,4914
384,mixed,21010,0.2,0,persistent,1565,166,263,4918
384,mixed,21010,0.2,0,two_signals,1380,47,448,5037
384,mixed,21011,0.2,0,level,1776,103,145,4888
384,mixed,21011,0.2,0,persistent,1743,102,178,4889
384,mixed,21011,0.2,0,two_signals,1554,22,367,4969
384,mixed,21012,0.2,0,level,1680,109,156,4967
384,mixed,21012,0.2,0,persistent,1637,108,199,4968
384,mixed,21012,0.2,0,two_signals,1441,20,395,5056
384,mixed,21013,0.2,0,level,1581,127,170,5034
384,mixed,21013,0.2,0,persistent,1531,125,220,5036
384,mixed,21013,0.2,0,two_signals,1370,32,381,5129
384,mixed,21014,0.2,0,level,2103,123,136,4550
384,mixed,21014,0.2,0,persistent,2066,120,173,4553
384,mixed,21014,0.2,0,two_signals,1826,37,413,4636
384,mixed,21015,0.2,0,level,1835,111,147,4819
384,mixed,21015,0.2,0,persistent,1799,110,183,4820
384,mixed,21015,0.2,0,two_signals,1615,26,367,4904
384,mixed,21016,0.2,0,level,1881,108,158,4765
384,mixed,21016,0.2,0,persistent,1846,107,193,4766
384,mixed,21016,0.2,0,two_signals,1670,30,369,4843
384,mixed,21017,0.2,0,level,1867,127,178,4740
384,mixed,21017,0.2,0,persistent,1813,124,232,4743
384,mixed,21017,0.2,0,two_signals,1616,30,429,4837
384,mixed,21018,0.2,0,level,1816,108,144,4844
384,mixed,21018,0.2,0,persistent,1783,106,177,4846
384,mixed,21018,0.2,0,two_signals,1623,25,337,4927
384,mixed,21019,0.2,0,level,1574,136,197,5005
384,mixed,21019,0.2,0,persistent,1526,132,245,5009
384,mixed,21019,0.2,0,two_signals,1318,26,453,5115
384,recurrent,21000,0.2,0,level,1810,199,242,4661
384,recurrent,21000,0.2,0,persistent,1747,196,305,4664
384,recurrent,21000,0.2,0,two_signals,1579,86,473,4774
384,recurrent,21001,0.2,0,level,1411,213,248,5040
384,recurrent,21001,0.2,0,persistent,1324,208,335,5045
384,recurrent,21001,0.2,0,two_signals,1096,100,563,5153
384,recurrent,21002,0.2,0,level,2079,235,275,4323
384,recurrent,21002,0.2,0,persistent,2006,230,348,4328
384,recurrent,21002,0.2,0,two_signals,1709,90,645,4468
384,recurrent,21003,0.2,0,level,1689,141,166,4916
384,recurrent,21003,0.2,0,persistent,1642,134,213,4923
384,recurrent,21003,0.2,0,two_signals,1428,59,427,4998
384,recurrent,21004,0.2,0,level,1345,201,223,5143
384,recurrent,21004,0.2,0,persistent,1285,194,283,5150
384,recurrent,21004,0.2,0,two_signals,1135,67,433,5277
384,recurrent,21005,0.2,0,level,1530,256,299,4827
384,recurrent,21005,0.2,0,persistent,1440,248,389,4835
384,recurrent,21005,0.2,0,two_signals,1227,95,602,4988
384,recurrent,21006,0.2,0,level,2279,223,274,4136
384,recurrent,21006,0.2,0,persistent,2201,222,352,4137
384,recurrent,21006,0.2,0,two_signals,1973,98,580,4261
384,recurrent,21007,0.2,0,level,1104,171,188,5449
384,recurrent,21007,0.2,0,persistent,1057,161,235,5459
384,recurrent,21007,0.2,0,two_signals,894,74,398,5546
384,recurrent,21008,0.2,0,level,1367,159,189,5197
384,recurrent,21008,0.2,0,persistent,1327,141,229,5215
384,recurrent,21008,0.2,0,two_signals,1182,57,374,5299
384,recurrent,21009,0.2,0,level,1833,200,244,4635
384,recurrent,21009,0.2,0,persistent,1750,200,327,4635
384,recurrent,21009,0.2,0,two_signals,1475,84,602,4751
384,recurrent,21010,0.2,0,level,1625,215,245,4827
384,recurrent,21010,0.2,0,persistent,1550,207,320,4835
384,recurrent,21010,0.2,0,two_signals,1352,92,518,4950
384,recurrent,21011,0.2,0,level,1811,176,210,4715
384,recurrent,21011,0.2,0,persistent,1758,174,263,4717
384,recurrent,21011,0.2,0,two_signals,1523,72,498,4819
384,recurrent,21012,0.2,0,level,1629,219,262,4802
384,recurrent,21012,0.2,0,persistent,1549,216,342,4805
384,recurrent,21012,0.2,0,two_signals,1353,92,538,4929
384,recurrent,21013,0.2,0,level,1656,226,281,4749
384,recurrent,21013,0.2,0,persistent,1585,224,352,4751
384,recurrent,21013,0.2,0,two_signals,1408,103,529,4872
384,recurrent,21014,0.2,0,level,2183,190,221,4318
384,recurrent,21014,0.2,0,persistent,2111,184,293,4324
384,recurrent,21014,0.2,0,two_signals,1832,75,572,4433
384,recurrent,21015,0.2,0,level,1828,173,194,4717
384,recurrent,21015,0.2,0,persistent,1767,167,255,4723
384,recurrent,21015,0.2,0,two_signals,1534,72,488,4818
384,recurrent,21016,0.2,0,level,1883,189,239,4601
384,recurrent,21016,0.2,0,persistent,1825,185,297,4605
384,recurrent,21016,0.2,0,two_signals,1639,80,483,4710
384,recurrent,21017,0.2,0,level,1886,254,302,4470
384,recurrent,21017,0.2,0,persistent,1806,249,382,4475
384,recurrent,21017,0.2,0,two_signals,1569,123,619,4601
384,recurrent,21018,0.2,0,level,1822,184,231,4675
384,recurrent,21018,0.2,0,persistent,1751,179,302,4680
384,recurrent,21018,0.2,0,two_signals,1556,71,497,4788
384,recurrent,21019,0.2,0,level,1678,276,334,4624
384,recurrent,21019,0.2,0,persistent,1585,274,427,4626
384,recurrent,21019,0.2,0,two_signals,1316,117,696,4783
384,scarcity,21000,0.2,0,level,2591,0,176,4145
384,scarcity,21000,0.2,0,persistent,2540,0,227,4145
384,scarcity,21000,0.2,0,two_signals,2536,0,231,4145
384,scarcity,21001,0.2,0,level,2360,4,209,4339
384,scarcity,21001,0.2,0,persistent,2302,4,267,4339
384,scarcity,21001,0.2,0,two_signals,2285,0,284,4343
384,scarcity,21002,0.2,0,level,2849,0,169,3894
384,scarcity,21002,0.2,0,persistent,2799,0,219,3894
384,scarcity,21002,0.2,0,two_signals,2793,0,225,3894
384,scarcity,21003,0.2,0,level,2474,0,170,4268
384,scarcity,21003,0.2,0,persistent,2437,0,207,4268
384,scarcity,21003,0.2,0,two_signals,2408,0,236,4268
384,scarcity,21004,0.2,0,level,2157,0,197,4558
384,scarcity,21004,0.2,0,persistent,2095,0,259,4558
384,scarcity,21004,0.2,0,two_signals,2070,0,284,4558
384,scarcity,21005,0.2,0,level,2418,3,214,4277
384,scarcity,21005,0.2,0,persistent,2357,3,275,4277
384,scarcity,21005,0.2,0,two_signals,2348,1,284,4279
384,scarcity,21006,0.2,0,level,3185,5,206,3516
384,scarcity,21006,0.2,0,persistent,3136,5,255,3516
384,scarcity,21006,0.2,0,two_signals,3118,1,273,3520
384,scarcity,21007,0.2,0,level,2014,3,222,4673
384,scarcity,21007,0.2,0,persistent,1974,3,262,4673
384,scarcity,21007,0.2,0,two_signals,1952,0,284,4676
384,scarcity,21008,0.2,0,level,2074,0,178,4660
384,scarcity,21008,0.2,0,persistent,2027,0,225,4660
384,scarcity,21008,0.2,0,two_signals,2021,0,231,4660
384,scarcity,21009,0.2,0,level,2692,0,211,4009
384,scarcity,21009,0.2,0,persistent,2640,0,263,4009
384,scarcity,21009,0.2,0,two_signals,2628,0,275,4009
384,scarcity,21010,0.2,0,level,2649,1,202,4060
384,scarcity,21010,0.2,0,persistent,2593,1,258,4060
384,scarcity,21010,0.2,0,two_signals,2586,0,265,4061
384,scarcity,21011,0.2,0,level,2672,0,178,4062
384,scarcity,21011,0.2,0,persistent,2632,0,218,4062
384,scarcity,21011,0.2,0,two_signals,2624,0,226,4062
384,scarcity,21012,0.2,0,level,2431,1,202,4278
384,scarcity,21012,0.2,0,persistent,2375,1,258,4278
384,scarcity,21012,0.2,0,two_signals,2361,0,272,4279
384,scarcity,21013,0.2,0,level,2414,0,202,4296
384,scarcity,21013,0.2,0,persistent,2367,0,249,4296
384,scarcity,21013,0.2,0,two_signals,2361,0,255,4296
384,scarcity,21014,0.2,0,level,2768,2,141,4001
384,scarcity,21014,0.2,0,persistent,2727,2,182,4001
384,scarcity,21014,0.2,0,two_signals,2695,2,214,4001
384,scarcity,21015,0.2,0,level,2610,0,159,4143
384,scarcity,21015,0.2,0,persistent,2574,0,195,4143
384,scarcity,21015,0.2,0,two_signals,2561,0,208,4143
384,scarcity,21016,0.2,0,level,2727,1,194,3990
384,scarcity,21016,0.2,0,persistent,2692,1,229,3990
384,scarcity,21016,0.2,0,two_signals,2687,1,234,3990
384,scarcity,21017,0.2,0,level,2775,0,214,3923
384,scarcity,21017,0.2,0,persistent,2719,0,270,3923
384,scarcity,21017,0.2,0,two_signals,2718,0,271,3923
384,scarcity,21018,0.2,0,level,2439,1,145,4327
384,scarcity,21018,0.2,0,persistent,2391,1,193,4327
384,scarcity,21018,0.2,0,two_signals,2369,0,215,4328
384,scarcity,21019,0.2,0,level,2549,0,230,4133
384,scarcity,21019,0.2,0,persistent,2489,0,290,4133
384,scarcity,21019,0.2,0,two_signals,2473,0,306,4133
96,mixed,21000,0.2,1,level,394,16,24,1294
96,mixed,21000,0.2,1,persistent,389,16,29,1294
96,mixed,21000,0.2,1,two_signals,354,2,64,1308
96,mixed,21001,0.2,1,level,368,15,16,1329
96,mixed,21001,0.2,1,persistent,366,14,18,1330
96,mixed,21001,0.2,1,two_signals,329,2,55,1342
96,mixed,21002,0.2,1,level,366,43,55,1264
96,mixed,21002,0.2,1,persistent,360,42,61,1265
96,mixed,21002,0.2,1,two_signals,304,9,117,1298
96,mixed,21003,0.2,1,level,405,28,34,1261
96,mixed,21003,0.2,1,persistent,397,27,42,1262
96,mixed,21003,0.2,1,two_signals,342,4,97,1285
96,mixed,21004,0.2,1,level,248,26,31,1423
96,mixed,21004,0.2,1,persistent,241,24,38,1425
96,mixed,21004,0.2,1,two_signals,199,3,80,1446
96,mixed,21005,0.2,1,level,327,42,59,1300
96,mixed,21005,0.2,1,persistent,314,42,72,1300
96,mixed,21005,0.2,1,two_signals,246,15,140,1327
96,mixed,21006,0.2,1,level,444,12,17,1255
96,mixed,21006,0.2,1,persistent,439,12,22,1255
96,mixed,21006,0.2,1,two_signals,379,2,82,1265
96,mixed,21007,0.2,1,level,218,40,46,1424
96,mixed,21007,0.2,1,persistent,205,37,59,1427
96,mixed,21007,0.2,1,two_signals,153,6,111,1458
96,mixed,21008,0.2,1,level,352,34,43,1299
96,mixed,21008,0.2,1,persistent,346,34,49,1299
96,mixed,21008,0.2,1,two_signals,287,11,108,1322
96,mixed,21009,0.2,1,level,79,28,41,1580
96,mixed,21009,0.2,1,persistent,76,28,44,1580
96,mixed,21009,0.2,1,two_signals,63,7,57,1601
96,mixed,21010,0.2,1,level,405,39,56,1228
96,mixed,21010,0.2,1,persistent,387,39,74,1228
96,mixed,21010,0.2,1,two_signals,332,8,129,1259
96,mixed,21011,0.2,1,level,456,33,44,1195
96,mixed,21011,0.2,1,persistent,445,31,55,1197
96,mixed,21011,0.2,1,two_signals,385,6,115,1222
96,mixed,21012,0.2,1,level,227,29,41,1431
96,mixed,21012,0.2,1,persistent,221,29,47,1431
96,mixed,21012,0.2,1,two_signals,176,4,92,1456
96,mixed,21013,0.2,1,level,462,17,21,1228
96,mixed,21013,0.2,1,persistent,457,15,26,1230
96,mixed,21013,0.2,1,two_signals,390,2,93,1243
96,mixed,21014,0.2,1,level,778,25,31,894
96,mixed,21014,0.2,1,persistent,767,25,42,894
96,mixed,21014,0.2,1,two_signals,700,11,109,908
96,mixed,21015,0.2,1,level,430,36,50,1212
96,mixed,21015,0.2,1,persistent,421,34,59,1214
96,mixed,21015,0.2,1,two_signals,358,8,122,1240
96,mixed,21016,0.2,1,level,392,32,44,1260
96,mixed,21016,0.2,1,persistent,388,31,48,1261
96,mixed,21016,0.2,1,two_signals,308,9,128,1283
96,mixed,21017,0.2,1,level,372,39,46,1271
96,mixed,21017,0.2,1,persistent,359,38,59,1272
96,mixed,21017,0.2,1,two_signals,324,13,94,1297
96,mixed,21018,0.2,1,level,500,17,22,1189
96,mixed,21018,0.2,1,persistent,494,16,28,1190
96,mixed,21018,0.2,1,two_signals,439,0,83,1206
96,mixed,21019,0.2,1,level,314,46,57,1311
96,mixed,21019,0.2,1,persistent,303,45,68,1312
96,mixed,21019,0.2,1,two_signals,252,13,119,1344
96,mixed,21100,0.2,0,level,423,46,51,1208
96,mixed,21100,0.2,0,persistent,409,45,65,1209
96,mixed,21100,0.2,0,two_signals,339,10,135,1244
96,mixed,21100,0.1,0,level,424,44,52,1208
96,mixed,21100,0.1,0,persistent,409,43,67,1209
96,mixed,21100,0.1,0,two_signals,337,9,139,1243
96,mixed,21101,0.2,0,level,285,55,67,1321
96,mixed,21101,0.2,0,persistent,268,55,84,1321
96,mixed,21101,0.2,0,two_signals,214,16,138,1360
96,mixed,21101,0.1,0,level,286,55,66,1321
96,mixed,21101,0.1,0,persistent,266,55,86,1321
96,mixed,21101,0.1,0,two_signals,211,16,141,1360
96,mixed,21102,0.2,0,level,537,20,26,1145
96,mixed,21102,0.2,0,persistent,531,20,32,1145
96,mixed,21102,0.2,0,two_signals,469,2,94,1163
96,mixed,21102,0.1,0,level,537,20,27,1144
96,mixed,21102,0.1,0,persistent,530,20,34,1144
96,mixed,21102,0.1,0,two_signals,469,2,95,1162
96,mixed,21103,0.2,0,level,418,13,15,1282
96,mixed,21103,0.2,0,persistent,413,12,20,1283
96,mixed,21103,0.2,0,two_signals,382,2,51,1293
96,mixed,21103,0.1,0,level,418,14,15,1281
96,mixed,21103,0.1,0,persistent,413,13,20,1282
96,mixed,21103,0.1,0,two_signals,382,2,51,1293
96,mixed,21104,0.2,0,level,301,25,39,1363
96,mixed,21104,0.2,0,persistent,291,25,49,1363
96,mixed,21104,0.2,0,two_signals,252,8,88,1380
96,mixed,21104,0.1,0,level,301,25,39,1363
96,mixed,21104,0.1,0,persistent,290,25,50,1363
96,mixed,21104,0.1,0,two_signals,250,8,90,1380
96,mixed,21105,0.2,0,level,390,43,55,1240
96,mixed,21105,0.2,0,persistent,379,43,66,1240
96,mixed,21105,0.2,0,two_signals,315,15,130,1268
96,mixed,21105,0.1,0,level,392,42,54,1240
96,mixed,21105,0.1,0,persistent,379,42,67,1240
96,mixed,21105,0.1,0,two_signals,314,15,132,1267
