n,scenario,dt,varied,cohort,baseline,metric,delta,lower,upper,primary
96,mixed,0.1,0,step,autonomous,service,0.04067696643772841,0.029698144883005,0.05041941709646253,0
96,mixed,0.1,0,step,autonomous,p10,0.18189431804287426,0.09983834616154869,0.2681176219317102,0
96,mixed,0.1,0,step,autonomous,tail_deficit,-0.05248121351968151,-0.06760866528472383,-0.03676736301792011,0
96,mixed,0.1,0,step,autonomous,final_unserved_nodes,-5.833333333333333,-7.0,-4.833333333333333,0
96,mixed,0.1,0,step,autonomous,full_final_recovery,0.16666666666666666,0.0,0.5,0
96,mixed,0.1,0,step,autonomous,requests,182.33333333333334,141.0,227.51249999999982,0
96,mixed,0.1,0,step,autonomous,messages,4593.333333333333,3592.0,5704.0,0
96,mixed,0.1,0,step,autonomous,swaps,27.166666666666668,22.333333333333332,31.5,0
96,mixed,0.1,0,step,autonomous,resource_cost,3.2600000000000002,2.6799999999999997,3.78,0
96,mixed,0.1,0,step,level,service,-0.003310398509678255,-0.008521597531686001,0.0021325549037019553,0
96,mixed,0.1,0,step,level,p10,0.0307982911616706,-0.013420559117744821,0.08684163787782928,0
96,mixed,0.1,0,step,level,tail_deficit,-0.0013046831875934324,-0.007975581885424762,0.005021410393729016,0
96,mixed,0.1,0,step,level,final_unserved_nodes,-1.0,-2.3333333333333335,0.16666666666666666,0
96,mixed,0.1,0,step,level,full_final_recovery,0.16666666666666666,0.0,0.5,0
96,mixed,0.1,0,step,level,requests,-44.166666666666664,-56.666666666666664,-31.333333333333332,0
96,mixed,0.1,0,step,level,messages,-1116.0,-1417.3333333333333,-813.3333333333334,0
96,mixed,0.1,0,step,level,swaps,-7.0,-12.0,-1.8333333333333333,0
96,mixed,0.1,0,step,level,resource_cost,-0.8399999999999999,-1.4399999999999997,-0.21999999999999997,0
96,mixed,0.1,0,step,persistent,service,2.392424574337859e-06,-0.0015642361897421362,0.0015490464846569796,0
96,mixed,0.1,0,step,persistent,p10,0.004544751751286084,-0.0023082234347949946,0.013455126767631479,0
96,mixed,0.1,0,step,persistent,tail_deficit,0.0008998837351578323,-0.00416741406414195,0.005978413141711006,0
96,mixed,0.1,0,step,persistent,final_unserved_nodes,-0.5,-1.5,0.0,0
96,mixed,0.1,0,step,persistent,full_final_recovery,0.0,0.0,0.0,0
96,mixed,0.1,0,step,persistent,requests,-34.0,-41.833333333333336,-26.833333333333332,0
96,mixed,0.1,0,step,persistent,messages,-834.6666666666666,-1022.6666666666666,-665.3333333333334,0
96,mixed,0.1,0,step,persistent,swaps,-2.3333333333333335,-3.5,-1.3333333333333333,0
96,mixed,0.1,0,step,persistent,resource_cost,-0.28,-0.42,-0.16000000000000006,0
96,mixed,0.1,0,step,shuffled,service,-0.009562198253507867,-0.016651745702716898,-0.0036348966085369603,0
96,mixed,0.1,0,step,shuffled,p10,0.05120623608388238,-0.0199270556618642,0.12160130913979224,0
96,mixed,0.1,0,step,shuffled,tail_deficit,0.0006252714673588197,-0.007134164717909434,0.009357502762524802,0
96,mixed,0.1,0,step,shuffled,final_unserved_nodes,-0.6666666666666666,-1.8333333333333333,0.5,0
96,mixed,0.1,0,step,shuffled,full_final_recovery,0.0,0.0,0.0,0
96,mixed,0.1,0,step,shuffled,requests,0.0,0.0,0.0,0
96,mixed,0.1,0,step,shuffled,messages,-614.6666666666666,-736.0,-508.0,0
96,mixed,0.1,0,step,shuffled,swaps,-76.83333333333333,-92.0,-63.5,0
96,mixed,0.1,0,step,shuffled,resource_cost,-9.22,-11.040000000000001,-7.62,0
96,mixed,0.2,0,main,autonomous,service,0.04976907599498504,0.04055680430821445,0.05964570202622265,0
96,mixed,0.2,0,main,autonomous,p10,0.26095401102385185,0.1962655224983848,0.33448463557009916,0
96,mixed,0.2,0,main,autonomous,tail_deficit,-0.05281430930574264,-0.06547174301221809,-0.04090071573036088,0
96,mixed,0.2,0,main,autonomous,final_unserved_nodes,-4.7,-6.15,-3.3,0
96,mixed,0.2,0,main,autonomous,full_final_recovery,0.25,0.05,0.45,0
96,mixed,0.2,0,main,autonomous,requests,158.25,123.64875,198.85,0
96,mixed,0.2,0,main,autonomous,messages,4002.4,3166.78,4986.429999999999,0
96,mixed,0.2,0,main,autonomous,swaps,25.55,21.3,30.8,0
96,mixed,0.2,0,main,autonomous,resource_cost,3.066,2.5559999999999996,3.6959999999999993,0
96,mixed,0.2,0,main,level,service,-0.0012791731628325643,-0.005700470307434751,0.002921437628855545,0
96,mixed,0.2,0,main,level,p10,0.011579552771795015,-0.005656120058276763,0.03228101806910886,0
96,mixed,0.2,0,main,level,tail_deficit,-0.0010044754088447128,-0.006343178677849571,0.003795069914694292,0
96,mixed,0.2,0,main,level,final_unserved_nodes,-0.4,-1.1,0.25,0
96,mixed,0.2,0,main,level,full_final_recovery,0.05,0.0,0.15,0
96,mixed,0.2,0,main,level,requests,-38.5,-47.70125,-28.55,0
96,mixed,0.2,0,main,level,messages,-962.8,-1194.8,-714.3900000000001,0
96,mixed,0.2,0,main,level,swaps,-4.85,-7.9,-1.7,0
96,mixed,0.2,0,main,level,resource_cost,-0.5820000000000001,-0.9479999999999998,-0.20400000000000001,0
96,mixed,0.2,0,main,persistent,service,-0.001220565582917027,-0.0025537346093703357,-7.2296478401697955e-06,1
96,mixed,0.2,0,main,persistent,p10,-0.004241387543979399,-0.020403867120031553,0.013300869241112727,0
96,mixed,0.2,0,main,persistent,tail_deficit,0.0025631169028505598,0.0009032616025281649,0.00465158523159733,0
96,mixed,0.2,0,main,persistent,final_unserved_nodes,0.4,0.0,0.85,0
96,mixed,0.2,0,main,persistent,full_final_recovery,0.0,0.0,0.0,0
96,mixed,0.2,0,main,persistent,requests,-31.4,-35.45,-27.45,0
96,mixed,0.2,0,main,persistent,messages,-771.6,-866.8,-678.8,0
96,mixed,0.2,0,main,persistent,swaps,-2.25,-3.05,-1.5,0
96,mixed,0.2,0,main,persistent,resource_cost,-0.2699999999999999,-0.36599999999999994,-0.17999999999999997,0
96,mixed,0.2,0,main,shuffled,service,-0.002206846587695821,-0.00855902431906791,0.003950319966964782,0
96,mixed,0.2,0,main,shuffled,p10,0.018502327691125246,-0.010951188005062718,0.05135562346344764,0
96,mixed,0.2,0,main,shuffled,tail_deficit,0.0018851784968345164,-0.004277579785665175,0.008636323451239332,0
96,mixed,0.2,0,main,shuffled,final_unserved_nodes,0.65,-0.55,1.9,0
96,mixed,0.2,0,main,shuffled,full_final_recovery,0.05,-0.1,0.25,0
96,mixed,0.2,0,main,shuffled,requests,0.0,0.0,0.0,0
96,mixed,0.2,0,main,shuffled,messages,-496.8,-614.43,-393.1900000000001,0
96,mixed,0.2,0,main,shuffled,swaps,-62.1,-76.80375,-49.148750000000014,0
96,mixed,0.2,0,main,shuffled,resource_cost,-7.452,-9.21645,-5.897850000000002,0
96,mixed,0.2,0,step,autonomous,service,0.03876977152514094,0.032065209941732765,0.04578839598972096,0
96,mixed,0.2,0,step,autonomous,p10,0.15885537074549957,0.0990866642961264,0.21394628441208874,0
96,mixed,0.2,0,step,autonomous,tail_deficit,-0.05109024042240253,-0.06768586824683974,-0.03543257470841129,0
96,mixed,0.2,0,step,autonomous,final_unserved_nodes,-4.0,-5.166666666666667,-2.8333333333333335,0
96,mixed,0.2,0,step,autonomous,full_final_recovery,0.0,0.0,0.0,0
96,mixed,0.2,0,step,autonomous,requests,183.83333333333334,136.83333333333334,237.0,0
96,mixed,0.2,0,step,autonomous,messages,4608.0,3446.6666666666665,5909.333333333333,0
96,mixed,0.2,0,step,autonomous,swaps,24.5,20.0,29.170833333333274,0
96,mixed,0.2,0,step,autonomous,resource_cost,2.94,2.4,3.5004999999999926,0
96,mixed,0.2,0,step,level,service,-0.007562181621414328,-0.013636905822145606,-0.0027261452207699766,0
96,mixed,0.2,0,step,level,p10,0.01081586953008727,-0.0364822748414149,0.047469556710646725,0
96,mixed,0.2,0,step,level,tail_deficit,0.00632281420330925,0.0004947498534346702,0.015303781608711431,0
96,mixed,0.2,0,step,level,final_unserved_nodes,2.0,0.6666666666666666,4.166666666666667,0
96,mixed,0.2,0,step,level,full_final_recovery,-0.16666666666666666,-0.5,0.0,0
96,mixed,0.2,0,step,level,requests,-26.333333333333332,-36.68749999999999,-12.5,0
96,mixed,0.2,0,step,level,messages,-658.6666666666666,-925.3333333333334,-328.0,0
96,mixed,0.2,0,step,level,swaps,-3.3333333333333335,-5.5,-1.0,0
96,mixed,0.2,0,step,level,resource_cost,-0.40000000000000013,-0.66,-0.1200000000000001,0
96,mixed,0.2,0,step,persistent,service,-0.0013099895724938044,-0.0023115821019455605,-0.00031924801952173026,0
96,mixed,0.2,0,step,persistent,p10,-0.009208799163852676,-0.026999013505420003,0.0004522289736524354,0
96,mixed,0.2,0,step,persistent,tail_deficit,0.004941373499975088,0.0008792491400408201,0.008991670696117207,0
96,mixed,0.2,0,step,persistent,final_unserved_nodes,1.0,0.3333333333333333,1.8333333333333333,0
96,mixed,0.2,0,step,persistent,full_final_recovery,-0.16666666666666666,-0.5,0.0,0
96,mixed,0.2,0,step,persistent,requests,-33.333333333333336,-37.5,-29.0,0
96,mixed,0.2,0,step,persistent,messages,-822.6666666666666,-912.0,-718.6666666666666,0
96,mixed,0.2,0,step,persistent,swaps,-2.8333333333333335,-4.166666666666667,-1.5,0
96,mixed,0.2,0,step,persistent,resource_cost,-0.3400000000000001,-0.5,-0.18000000000000016,0
96,mixed,0.2,0,step,shuffled,service,-0.013235095406883371,-0.023301319736654783,-0.0025280221647273958,0
96,mixed,0.2,0,step,shuffled,p10,0.0026160546044027657,-0.055969483152406165,0.0673019771815081,0
96,mixed,0.2,0,step,shuffled,tail_deficit,0.009886457183030292,-0.0068556295159103555,0.0295570551782998,0
96,mixed,0.2,0,step,shuffled,final_unserved_nodes,2.8333333333333335,0.5,6.333333333333333,0
96,mixed,0.2,0,step,shuffled,full_final_recovery,-0.16666666666666666,-0.5,0.0,0
96,mixed,0.2,0,step,shuffled,requests,0.0,0.0,0.0,0
96,mixed,0.2,0,step,shuffled,messages,-598.6666666666666,-706.6666666666666,-486.6666666666667,0
96,mixed,0.2,0,step,shuffled,swaps,-74.83333333333333,-88.33333333333333,-60.833333333333336,0
96,mixed,0.2,0,step,shuffled,resource_cost,-8.979999999999999,-10.6,-7.3,0
96,mixed,0.2,1,main,autonomous,service,0.051555469818314784,0.04194936025611887,0.06160991167929158,0
96,mixed,0.2,1,main,autonomous,p10,0.2797341525078688,0.21121212277078857,0.35365661796442627,0
96,mixed,0.2,1,main,autonomous,tail_deficit,-0.05520072942380204,-0.06945975473947512,-0.04189502233027824,0
96,mixed,0.2,1,main,autonomous,final_unserved_nodes,-4.95,-6.15,-3.75,0
96,mixed,0.2,1,main,autonomous,full_final_recovery,0.1,0.0,0.25,0
96,mixed,0.2,1,main,autonomous,requests,165.35,133.0,204.40124999999998,0
96,mixed,0.2,1,main,autonomous,messages,4264.4,3448.78,5233.2,0
96,mixed,0.2,1,main,autonomous,swaps,37.0,26.6,51.20124999999999,0
96,mixed,0.2,1,main,autonomous,resource_cost,4.4399999999999995,3.192,6.144149999999998,0
96,mixed,0.2,1,main,level,service,-0.0004054227049977377,-0.005622011154701095,0.004455369547370745,0
96,mixed,0.2,1,main,level,p10,0.027916400428063527,-0.002822708966471536,0.05964826217421944,0
96,mixed,0.2,1,main,level,tail_deficit,0.0012006636343286803,-0.005627072787335357,0.007092058320257565,0
96,mixed,0.2,1,main,level,final_unserved_nodes,0.25,-0.6,1.0,0
96,mixed,0.2,1,main,level,full_final_recovery,-0.05,-0.15,0.0,0
96,mixed,0.2,1,main,level,requests,-48.45,-56.20125,-40.998750000000015,0
96,mixed,0.2,1,main,level,messages,-1225.6,-1418.41,-1042.7900000000002,0
96,mixed,0.2,1,main,level,swaps,-7.85,-10.75,-5.05,0
96,mixed,0.2,1,main,level,resource_cost,-0.9419999999999998,-1.2899999999999998,-0.6059999999999999,0
96,mixed,0.2,1,main,persistent,service,-0.0012378431120484922,-0.002850126158320981,0.00016765736573047776,0
96,mixed,0.2,1,main,persistent,p10,0.0016998300450024686,-0.006258045759823745,0.009407395588094314,0
96,mixed,0.2,1,main,persistent,tail_deficit,0.004037255205252633,0.0012679015934817107,0.007185642503870755,0
96,mixed,0.2,1,main,persistent,final_unserved_nodes,0.55,0.15,1.0,0
96,mixed,0.2,1,main,persistent,full_final_recovery,-0.05,-0.15,0.0,0
96,mixed,0.2,1,main,persistent,requests,-35.0,-38.95,-30.99875000000002,0
96,mixed,0.2,1,main,persistent,messages,-882.8,-983.21,-780.3900000000001,0
96,mixed,0.2,1,main,persistent,swaps,-5.35,-7.75,-3.3,0
96,mixed,0.2,1,main,persistent,resource_cost,-0.6419999999999997,-0.9299999999999995,-0.396,0
96,mixed,0.2,1,main,shuffled,service,-0.0006105709572508666,-0.006386769231045645,0.005405093830800484,0
96,mixed,0.2,1,main,shuffled,p10,0.033717952831267946,0.0013783865512630403,0.06784427547801826,0
96,mixed,0.2,1,main,shuffled,tail_deficit,-0.0013018413237047611,-0.005708437424821879,0.002912525912115622,0
96,mixed,0.2,1,main,shuffled,final_unserved_nodes,0.5,-0.2,1.3,0
96,mixed,0.2,1,main,shuffled,full_final_recovery,0.0,-0.2,0.2,0
96,mixed,0.2,1,main,shuffled,requests,0.0,0.0,0.0,0
96,mixed,0.2,1,main,shuffled,messages,-482.4,-637.2,-348.8,0
96,mixed,0.2,1,main,shuffled,swaps,-60.3,-79.65,-43.6,0
96,mixed,0.2,1,main,shuffled,resource_cost,-7.2360000000000015,-9.557999999999998,-5.232,0
96,quiet,0.2,0,main,autonomous,service,0.022938185685345586,0.0156106716637502,0.031278057719258484,0
96,quiet,0.2,0,main,autonomous,p10,0.15363965522263728,0.07353172879494756,0.2564207696947616,0
96,quiet,0.2,0,main,autonomous,tail_deficit,-0.022547498474028767,-0.0311475896197888,-0.01501660343567024,0
96,quiet,0.2,0,main,autonomous,final_unserved_nodes,-2.1,-3.35,-0.8,0
96,quiet,0.2,0,main,autonomous,full_final_recovery,0.05,0.0,0.15,0
96,quiet,0.2,0,main,autonomous,requests,107.75,66.54875,158.05249999999998,0
96,quiet,0.2,0,main,autonomous,messages,2658.0,1654.3300000000002,3880.0399999999995,0
96,quiet,0.2,0,main,autonomous,swaps,9.0,6.05,12.10124999999998,0
96,quiet,0.2,0,main,autonomous,resource_cost,1.08,0.7260000000000001,1.452149999999998,0
96,quiet,0.2,0,main,level,service,-0.0034791038601848954,-0.008319331623281783,0.0004082504833108069,0
96,quiet,0.2,0,main,level,p10,-0.0090675471307884,-0.030611095274559755,0.01762843854865441,0
96,quiet,0.2,0,main,level,tail_deficit,0.003549773570339687,-0.00023599221062534917,0.008254601879049398,0
96,quiet,0.2,0,main,level,final_unserved_nodes,0.3,-0.55,1.25,0
96,quiet,0.2,0,main,level,full_final_recovery,0.0,0.0,0.0,0
96,quiet,0.2,0,main,level,requests,1.55,-8.85,12.3,0
96,quiet,0.2,0,main,level,messages,45.2,-200.81,299.2199999999997,0
96,quiet,0.2,0,main,level,swaps,1.0,-0.8,2.85,0
96,quiet,0.2,0,main,level,resource_cost,0.11999999999999997,-0.09600000000000003,0.34199999999999997,0
96,quiet,0.2,0,main,persistent,service,-0.00023919583311744487,-0.0011865813182060203,0.0004246160154769585,0
96,quiet,0.2,0,main,persistent,p10,0.0023032048841541337,-0.0029547399644213046,0.008386984634673054,0
96,quiet,0.2,0,main,persistent,tail_deficit,7.743699894209866e-05,-0.000360859620287457,0.0006098913292728436,0
96,quiet,0.2,0,main,persistent,final_unserved_nodes,-0.1,-0.25,0.0,0
96,quiet,0.2,0,main,persistent,full_final_recovery,0.0,0.0,0.0,0
96,quiet,0.2,0,main,persistent,requests,-2.05,-3.8,-0.75,0
96,quiet,0.2,0,main,persistent,messages,-48.4,-89.6,-18.0,0
96,quiet,0.2,0,main,persistent,swaps,0.1,0.0,0.25,0
96,quiet,0.2,0,main,persistent,resource_cost,0.011999999999999988,0.0,0.02999999999999998,0
96,quiet,0.2,0,main,shuffled,service,-0.0018636791797220886,-0.007224678251065917,0.0034529068233600077,0
96,quiet,0.2,0,main,shuffled,p10,0.007910372068053357,-0.02933487912753482,0.04995430424269211,0
96,quiet,0.2,0,main,shuffled,tail_deficit,0.0021303004466924234,-0.0042620066201974945,0.008206465654840274,0
96,quiet,0.2,0,main,shuffled,final_unserved_nodes,0.4,-0.55,1.5,0
96,quiet,0.2,0,main,shuffled,full_final_recovery,0.05,0.0,0.15,0
96,quiet,0.2,0,main,shuffled,requests,0.0,0.0,0.0,0
96,quiet,0.2,0,main,shuffled,messages,-290.4,-429.61,-175.2,0
96,quiet,0.2,0,main,shuffled,swaps,-36.3,-53.70125,-21.9,0
96,quiet,0.2,0,main,shuffled,resource_cost,-4.356,-6.4441500000000005,-2.6279999999999997,0
96,recurrent,0.2,0,main,autonomous,service,0.05864081315437024,0.047259177021594,0.07232859320465708,0
96,recurrent,0.2,0,main,autonomous,p10,0.254845909106431,0.18083524597654274,0.3378415727187857,0
96,recurrent,0.2,0,main,autonomous,tail_deficit,-0.051647179252122435,-0.06570609708022848,-0.03951375178579827,0
96,recurrent,0.2,0,main,autonomous,final_unserved_nodes,-5.25,-6.9,-3.7,0
96,recurrent,0.2,0,main,autonomous,full_final_recovery,0.2,0.05,0.4,0
96,recurrent,0.2,0,main,autonomous,requests,162.65,130.3475,201.40249999999997,0
96,recurrent,0.2,0,main,autonomous,messages,4143.2,3376.8,5060.82,0
96,recurrent,0.2,0,main,autonomous,swaps,29.95,26.6,33.95124999999999,0
96,recurrent,0.2,0,main,autonomous,resource_cost,3.594,3.1919999999999997,4.074149999999998,0
96,recurrent,0.2,0,main,level,service,-0.00900466775314202,-0.012935315361022746,-0.0053430366088340255,0
96,recurrent,0.2,0,main,level,p10,-0.011249427874770106,-0.031749656335879506,0.010819836524859138,0
96,recurrent,0.2,0,main,level,tail_deficit,0.00564758017880671,0.0019101876100782306,0.010288058528156759,0
96,recurrent,0.2,0,main,level,final_unserved_nodes,0.65,-0.15,1.55,0
96,recurrent,0.2,0,main,level,full_final_recovery,-0.05,-0.15,0.0,0
96,recurrent,0.2,0,main,level,requests,-35.65,-43.45,-28.1,0
96,recurrent,0.2,0,main,level,messages,-895.2,-1086.41,-708.3900000000001,0
96,recurrent,0.2,0,main,level,swaps,-4.95,-8.0,-1.95,0
96,recurrent,0.2,0,main,level,resource_cost,-0.594,-0.9599999999999997,-0.23399999999999993,0
96,recurrent,0.2,0,main,persistent,service,-0.003213759058751231,-0.005067163089079918,-0.0015115442571557594,0
96,recurrent,0.2,0,main,persistent,p10,-0.0021993938218392004,-0.008238523001530277,0.0028914326411004433,0
96,recurrent,0.2,0,main,persistent,tail_deficit,0.003918937968504854,0.0005403666093235662,0.008610491865392578,0
96,recurrent,0.2,0,main,persistent,final_unserved_nodes,0.45,-0.1,1.25,0
96,recurrent,0.2,0,main,persistent,full_final_recovery,0.0,0.0,0.0,0
96,recurrent,0.2,0,main,persistent,requests,-32.05,-36.2,-27.9,0
96,recurrent,0.2,0,main,persistent,messages,-798.8,-902.8,-696.8,0
96,recurrent,0.2,0,main,persistent,swaps,-3.7,-5.1,-2.3,0
96,recurrent,0.2,0,main,persistent,resource_cost,-0.44399999999999995,-0.6119999999999999,-0.27599999999999997,0
96,recurrent,0.2,0,main,shuffled,service,-0.006227546293096758,-0.012918893681227528,0.00031470325056704725,0
96,recurrent,0.2,0,main,shuffled,p10,0.012505044208657185,-0.01762870068059777,0.044736551825186176,0
96,recurrent,0.2,0,main,shuffled,tail_deficit,0.0035418776559153374,-0.0046061431119488435,0.011767702196207808,0
96,recurrent,0.2,0,main,shuffled,final_unserved_nodes,0.7,-0.35,1.9,0
96,recurrent,0.2,0,main,shuffled,full_final_recovery,0.0,-0.2,0.2,0
96,recurrent,0.2,0,main,shuffled,requests,0.0,0.0,0.0,0
96,recurrent,0.2,0,main,shuffled,messages,-508.0,-634.8,-402.4,0
96,recurrent,0.2,0,main,shuffled,swaps,-63.5,-79.35,-50.3,0
96,recurrent,0.2,0,main,shuffled,resource_cost,-7.62,-9.522,-6.036,0
96,scarcity,0.2,0,main,autonomous,service,0.012772411327896865,0.0093882758020899,0.01638092259941288,0
96,scarcity,0.2,0,main,autonomous,p10,0.10846250591464883,0.07610331832241277,0.14409728727484103,0
96,scarcity,0.2,0,main,autonomous,tail_deficit,-0.00433527480581083,-0.0077143905765253915,-0.0015300695676641275,0
96,scarcity,0.2,0,main,autonomous,final_unserved_nodes,5.85,4.4,7.35,0
96,scarcity,0.2,0,main,autonomous,full_final_recovery,0.0,0.0,0.0,0
96,scarcity,0.2,0,main,autonomous,requests,387.25,365.99875,415.15374999999995,0
96,scarcity,0.2,0,main,autonomous,messages,9473.2,8957.59,10148.42,0
96,scarcity,0.2,0,main,autonomous,swaps,22.4,18.85,26.1,0
96,scarcity,0.2,0,main,autonomous,resource_cost,2.688,2.262,3.132,0
96,scarcity,0.2,0,main,level,service,-0.0026000090894966244,-0.004464933109835736,-0.0008531890272695283,0
96,scarcity,0.2,0,main,level,p10,0.012261072073406494,-0.004133543942833505,0.029586400838557993,0
96,scarcity,0.2,0,main,level,tail_deficit,0.0031718790887948047,0.00016442891234197445,0.006967586395583499,0
96,scarcity,0.2,0,main,level,final_unserved_nodes,0.05,-1.6,1.45,0
96,scarcity,0.2,0,main,level,full_final_recovery,0.0,0.0,0.0,0
96,scarcity,0.2,0,main,level,requests,-10.05,-20.4,-0.8487500000000182,0
96,scarcity,0.2,0,main,level,messages,-258.8,-508.01,-32.8,0
96,scarcity,0.2,0,main,level,swaps,-2.2,-4.15,-0.4,0
96,scarcity,0.2,0,main,level,resource_cost,-0.26399999999999996,-0.49799999999999994,-0.04799999999999997,0
96,scarcity,0.2,0,main,persistent,service,-5.344246828756227e-05,-0.0003501809148614921,0.00016463217513779105,0
96,scarcity,0.2,0,main,persistent,p10,-0.0023698479949812675,-0.006023760294073616,0.0003499954186299753,0
96,scarcity,0.2,0,main,persistent,tail_deficit,-6.204424234269035e-05,-0.0006219829369461582,0.00042553387522731523,0
96,scarcity,0.2,0,main,persistent,final_unserved_nodes,0.05,-0.5012499999999995,0.75,0
96,scarcity,0.2,0,main,persistent,full_final_recovery,0.0,0.0,0.0,0
96,scarcity,0.2,0,main,persistent,requests,-3.65,-8.7,0.9,0
96,scarcity,0.2,0,main,persistent,messages,-90.0,-220.4,25.61999999999971,0
96,scarcity,0.2,0,main,persistent,swaps,-0.3,-1.45,0.75,0
96,scarcity,0.2,0,main,persistent,resource_cost,-0.03600000000000001,-0.174,0.08999999999999994,0
96,scarcity,0.2,0,main,shuffled,service,-0.008238107160604908,-0.014278537480079366,-0.0031520626608350128,0
96,scarcity,0.2,0,main,shuffled,p10,0.024588530211555076,0.004332644374849049,0.04735620466064437,0
96,scarcity,0.2,0,main,shuffled,tail_deficit,0.0031702313058127097,-0.0024970253087620536,0.010293823605504359,0
96,scarcity,0.2,0,main,shuffled,final_unserved_nodes,3.3,1.7,4.95,0
96,scarcity,0.2,0,main,shuffled,full_final_recovery,0.0,0.0,0.0,0
96,scarcity,0.2,0,main,shuffled,requests,0.0,0.0,0.0,0
96,scarcity,0.2,0,main,shuffled,messages,-589.2,-774.81,-421.6,0
96,scarcity,0.2,0,main,shuffled,swaps,-73.65,-96.85125,-52.7,0
96,scarcity,0.2,0,main,shuffled,resource_cost,-8.838000000000001,-11.622150000000001,-6.324,0
96,transient,0.2,0,main,autonomous,service,0.04168011762971844,0.0300922740187239,0.05433431906966395,0
96,transient,0.2,0,main,autonomous,p10,0.2225952574333036,0.12967858403794022,0.3272574606535661,0
96,transient,0.2,0,main,autonomous,tail_deficit,-0.04266464330816065,-0.05730811313829518,-0.02917923382394412,0
96,transient,0.2,0,main,autonomous,final_unserved_nodes,-4.5,-6.25125,-2.85,0
96,transient,0.2,0,main,autonomous,full_final_recovery,0.25,0.1,0.45,0
96,transient,0.2,0,main,autonomous,requests,107.2,68.95,151.65624999999991,0
96,transient,0.2,0,main,autonomous,messages,2730.8,1809.54,3804.149999999998,0
96,transient,0.2,0,main,autonomous,swaps,19.75,16.85,23.05,0
96,transient,0.2,0,main,autonomous,resource_cost,2.37,2.022,2.7659999999999996,0
96,transient,0.2,0,main,level,service,-0.004228542860540729,-0.007688585539514396,-0.0010355880024987799,0
96,transient,0.2,0,main,level,p10,0.007435468038596074,-0.025912953229589676,0.05595871833380813,0
96,transient,0.2,0,main,level,tail_deficit,0.003515698324710875,0.00016686801531955696,0.00668480855917863,0
96,transient,0.2,0,main,level,final_unserved_nodes,0.35,-0.15,0.85,0
96,transient,0.2,0,main,level,full_final_recovery,-0.1,-0.25,0.0,0
96,transient,0.2,0,main,level,requests,-16.55,-25.80125,-7.15,0
96,transient,0.2,0,main,level,messages,-404.0,-628.4699999999999,-177.6,0
96,transient,0.2,0,main,level,swaps,-0.85,-3.6,1.7,0
96,transient,0.2,0,main,level,resource_cost,-0.10200000000000005,-0.4320000000000002,0.2039999999999999,0
96,transient,0.2,0,main,persistent,service,-0.0016933824189650226,-0.003243059090884736,-0.00036210233166781306,0
96,transient,0.2,0,main,persistent,p10,-0.001003419931097875,-0.024644202526728994,0.02835246936750458,0
96,transient,0.2,0,main,persistent,tail_deficit,0.0019183996093501744,2.7012799506795083e-05,0.004261850115077741,0
96,transient,0.2,0,main,persistent,final_unserved_nodes,0.25,0.0,0.55,0
96,transient,0.2,0,main,persistent,full_final_recovery,-0.05,-0.15,0.0,0
96,transient,0.2,0,main,persistent,requests,-13.8,-17.10125,-10.4,0
96,transient,0.2,0,main,persistent,messages,-346.0,-424.81,-263.9900000000001,0
96,transient,0.2,0,main,persistent,swaps,-1.85,-2.65,-1.1,0
96,transient,0.2,0,main,persistent,resource_cost,-0.22199999999999998,-0.31799999999999995,-0.13200000000000003,0
96,transient,0.2,0,main,shuffled,service,-0.002550828738825911,-0.009215000856329189,0.0038381735341465263,0
96,transient,0.2,0,main,shuffled,p10,0.002869799116548874,-0.05380583985957101,0.062472787474710696,0
96,transient,0.2,0,main,shuffled,tail_deficit,0.002327850752456001,-0.006137295975375529,0.011095916032386181,0
96,transient,0.2,0,main,shuffled,final_unserved_nodes,0.6,-0.55,1.9,0
96,transient,0.2,0,main,shuffled,full_final_recovery,-0.1,-0.3,0.1,0
96,transient,0.2,0,main,shuffled,requests,0.0,0.0,0.0,0
96,transient,0.2,0,main,shuffled,messages,-294.0,-411.2,-186.4,0
96,transient,0.2,0,main,shuffled,swaps,-36.75,-51.4,-23.3,0
96,transient,0.2,0,main,shuffled,resource_cost,-4.41,-6.167999999999999,-2.796,0
384,mixed,0.2,0,main,autonomous,service,0.03978487409412729,0.035625673822915906,0.04403764875646341,0
384,mixed,0.2,0,main,autonomous,p10,0.2520077637839343,0.2167668314004377,0.290377755914002,0
384,mixed,0.2,0,main,autonomous,tail_deficit,-0.044316983979547045,-0.049212027974822575,-0.03913324012464585,0
384,mixed,0.2,0,main,autonomous,final_unserved_nodes,-17.15,-20.25,-13.95,0
384,mixed,0.2,0,main,autonomous,full_final_recovery,0.0,0.0,0.0,0
384,mixed,0.2,0,main,autonomous,requests,790.95,717.39375,860.40375,0
384,mixed,0.2,0,main,autonomous,messages,19749.2,17974.93,21426.079999999998,0
384,mixed,0.2,0,main,autonomous,swaps,95.8,87.75,103.7,0
384,mixed,0.2,0,main,autonomous,resource_cost,11.495999999999999,10.53,12.443999999999999,0
384,mixed,0.2,0,main,level,service,-0.002940530023847493,-0.004434783478096008,-0.0012552477485884357,0
384,mixed,0.2,0,main,level,p10,-0.010771686733838664,-0.028655578281722067,0.005678068723850184,0
384,mixed,0.2,0,main,level,tail_deficit,0.0032422436006053212,0.0008031091264586753,0.005810229156430541,0
384,mixed,0.2,0,main,level,final_unserved_nodes,0.95,-1.0,2.9,0
384,mixed,0.2,0,main,level,full_final_recovery,0.0,0.0,0.0,0
384,mixed,0.2,0,main,level,requests,-155.0,-173.55125,-138.15,0
384,mixed,0.2,0,main,level,messages,-3888.8,-4360.03,-3461.1600000000003,0
384,mixed,0.2,0,main,level,swaps,-21.1,-27.7,-14.75,0
384,mixed,0.2,0,main,level,resource_cost,-2.5320000000000005,-3.3240000000000003,-1.7700000000000002,0
384,mixed,0.2,0,main,persistent,service,-0.0013274231816912507,-0.002115731497203886,-0.000543079207578053,0
384,mixed,0.2,0,main,persistent,p10,-0.007257051673794227,-0.014407650673469882,-0.0006964849894089873,0
384,mixed,0.2,0,main,persistent,tail_deficit,0.0019317536892690223,9.643890673011733e-05,0.0035311349991368974,0
384,mixed,0.2,0,main,persistent,final_unserved_nodes,0.2,-0.8,1.15,0
384,mixed,0.2,0,main,persistent,full_final_recovery,0.0,0.0,0.0,0
384,mixed,0.2,0,main,persistent,requests,-115.95,-124.3,-106.74875000000002,0
384,mixed,0.2,0,main,persistent,messages,-2836.4,-3038.01,-2616.7900000000004,0
384,mixed,0.2,0,main,persistent,swaps,-6.7,-8.65,-4.95,0
384,mixed,0.2,0,main,persistent,resource_cost,-0.8039999999999999,-1.0379999999999998,-0.5939999999999996,0
384,mixed,0.2,0,main,shuffled,service,-0.005727682444978277,-0.009999799697948598,-0.001182586790084593,0
384,mixed,0.2,0,main,shuffled,p10,-0.0006225765551514135,-0.0393594954828694,0.03417038554434415,0
384,mixed,0.2,0,main,shuffled,tail_deficit,-0.0006741240045597452,-0.005174662904733922,0.0037838546112759935,0
384,mixed,0.2,0,main,shuffled,final_unserved_nodes,2.2,-0.05,4.5,0
384,mixed,0.2,0,main,shuffled,full_final_recovery,0.0,0.0,0.0,0
384,mixed,0.2,0,main,shuffled,requests,0.0,0.0,0.0,0
384,mixed,0.2,0,main,shuffled,messages,-2489.2,-2688.8,-2268.7900000000004,0
384,mixed,0.2,0,main,shuffled,swaps,-311.15,-336.1,-283.59875000000005,0
384,mixed,0.2,0,main,shuffled,resource_cost,-37.338,-40.332,-34.03185,0
384,quiet,0.2,0,main,autonomous,service,0.023940090887418376,0.020368389415128422,0.02761973283898171,0
384,quiet,0.2,0,main,autonomous,p10,0.19668363731963445,0.13759969923556598,0.257725539279262,0
384,quiet,0.2,0,main,autonomous,tail_deficit,-0.022945360262649928,-0.026645253050972307,-0.01927508683856022,0
384,quiet,0.2,0,main,autonomous,final_unserved_nodes,-8.25,-11.15,-5.15,0
384,quiet,0.2,0,main,autonomous,full_final_recovery,0.0,0.0,0.0,0
384,quiet,0.2,0,main,autonomous,requests,555.35,477.64875,627.70375,0
384,quiet,0.2,0,main,autonomous,messages,13640.4,11768.76,15372.82,0
384,quiet,0.2,0,main,autonomous,swaps,39.0,34.3,44.4,0
384,quiet,0.2,0,main,autonomous,resource_cost,4.68,4.116,5.328,0
384,quiet,0.2,0,main,level,service,-0.0016604017693662653,-0.003048903203436639,-0.0003718538253174933,0
384,quiet,0.2,0,main,level,p10,0.025303686744204218,0.004112485256970653,0.04993522357339606,0
384,quiet,0.2,0,main,level,tail_deficit,0.001615882189999296,0.00012641231134941032,0.0032118449843016672,0
384,quiet,0.2,0,main,level,final_unserved_nodes,0.75,-1.85,3.15,0
384,quiet,0.2,0,main,level,full_final_recovery,0.0,0.0,0.0,0
384,quiet,0.2,0,main,level,requests,-10.4,-40.40125,17.551249999999982,0
384,quiet,0.2,0,main,level,messages,-262.0,-985.68,423.6199999999997,0
384,quiet,0.2,0,main,level,swaps,-1.55,-7.8,3.951249999999982,0
384,quiet,0.2,0,main,level,resource_cost,-0.18599999999999986,-0.9359999999999996,0.4741499999999983,0
384,quiet,0.2,0,main,persistent,service,-0.0006311779370882398,-0.0018381735190726382,0.0002688284773431229,0
384,quiet,0.2,0,main,persistent,p10,0.0010516089018607732,-9.386330360264817e-05,0.0029624003153758596,0
384,quiet,0.2,0,main,persistent,tail_deficit,0.0007799578207179803,-0.00033044996661883014,0.0022456025292391657,0
384,quiet,0.2,0,main,persistent,final_unserved_nodes,0.3,-0.4,1.1,0
384,quiet,0.2,0,main,persistent,full_final_recovery,0.0,0.0,0.0,0
384,quiet,0.2,0,main,persistent,requests,-2.65,-9.25,5.002499999999964,0
384,quiet,0.2,0,main,persistent,messages,-63.2,-236.01,142.4199999999997,0
384,quiet,0.2,0,main,persistent,swaps,0.05,-2.35,2.95,0
384,quiet,0.2,0,main,persistent,resource_cost,0.006000000000000005,-0.282,0.35400000000000004,0
384,quiet,0.2,0,main,shuffled,service,0.0008372671912263763,-0.003253018690530191,0.004802174016223897,0
384,quiet,0.2,0,main,shuffled,p10,-0.0008596161991379359,-0.05082207863033501,0.041755245511172816,0
384,quiet,0.2,0,main,shuffled,tail_deficit,0.0022017643366443905,-0.0026417280209108528,0.007167756126923517,0
384,quiet,0.2,0,main,shuffled,final_unserved_nodes,3.85,0.9,6.9,0
384,quiet,0.2,0,main,shuffled,full_final_recovery,0.0,0.0,0.0,0
384,quiet,0.2,0,main,shuffled,requests,0.0,0.0,0.0,0
384,quiet,0.2,0,main,shuffled,messages,-1532.8,-1770.0,-1296.0,0
384,quiet,0.2,0,main,shuffled,swaps,-191.6,-221.25,-162.0,0
384,quiet,0.2,0,main,shuffled,resource_cost,-22.991999999999997,-26.549999999999994,-19.44,0
384,recurrent,0.2,0,main,autonomous,service,0.054059969130234545,0.04794132525337178,0.06044195959156163,0
384,recurrent,0.2,0,main,autonomous,p10,0.32594245402856703,0.2796685062666631,0.36962059529311,0
384,recurrent,0.2,0,main,autonomous,tail_deficit,-0.04987313994529214,-0.055709297638982656,-0.04412044516317842,0
384,recurrent,0.2,0,main,autonomous,final_unserved_nodes,-19.55,-23.00125,-16.0,0
384,recurrent,0.2,0,main,autonomous,full_final_recovery,0.0,0.0,0.0,0
384,recurrent,0.2,0,main,autonomous,requests,768.8,701.69875,835.85375,0
384,recurrent,0.2,0,main,autonomous,messages,19318.8,17712.739999999998,20932.49,0
384,recurrent,0.2,0,main,autonomous,swaps,108.45,100.4,116.85,0
384,recurrent,0.2,0,main,autonomous,resource_cost,13.014000000000001,12.048,14.022,0
384,recurrent,0.2,0,main,level,service,-0.005620010247467467,-0.007103901132342454,-0.004278194949344204,0
384,recurrent,0.2,0,main,level,p10,-0.012590979159387127,-0.030696791155318485,0.0056378399716236136,0
384,recurrent,0.2,0,main,level,tail_deficit,0.0029272849986046955,0.0010852790103218375,0.004837952341595665,0
384,recurrent,0.2,0,main,level,final_unserved_nodes,1.15,-1.3,3.6,0
384,recurrent,0.2,0,main,level,full_final_recovery,0.0,0.0,0.0,0
384,recurrent,0.2,0,main,level,requests,-156.75,-178.0,-136.79875000000004,0
384,recurrent,0.2,0,main,level,messages,-3894.8,-4408.8,-3401.57,0
384,recurrent,0.2,0,main,level,swaps,-16.6,-21.25,-12.1,0
384,recurrent,0.2,0,main,level,resource_cost,-1.9920000000000002,-2.55,-1.452,0
384,recurrent,0.2,0,main,persistent,service,-0.001035045469968393,-0.001698396134112362,-0.00033448630435936545,0
384,recurrent,0.2,0,main,persistent,p10,-0.0027079773887788787,-0.012455682013762983,0.005784015491697231,0
384,recurrent,0.2,0,main,persistent,tail_deficit,0.0021832406137232475,0.0010279700690241124,0.00339099819360122,0
384,recurrent,0.2,0,main,persistent,final_unserved_nodes,0.8,0.0,1.6,0
384,recurrent,0.2,0,main,persistent,full_final_recovery,0.0,0.0,0.0,0
384,recurrent,0.2,0,main,persistent,requests,-133.75,-145.65,-121.95,0
384,recurrent,0.2,0,main,persistent,messages,-3291.6,-3579.61,-3011.5800000000004,0
384,recurrent,0.2,0,main,persistent,swaps,-10.2,-12.5,-7.8,0
384,recurrent,0.2,0,main,persistent,resource_cost,-1.2239999999999998,-1.4999999999999998,-0.9359999999999999,0
384,recurrent,0.2,0,main,shuffled,service,-0.0014035346252342484,-0.004779848141028098,0.0019806164408013435,0
384,recurrent,0.2,0,main,shuffled,p10,0.041320392982797424,0.011809483422346513,0.07170655600233944,0
384,recurrent,0.2,0,main,shuffled,tail_deficit,-0.003227389202206954,-0.0065113903646657366,-3.7877201097866477e-06,0
384,recurrent,0.2,0,main,shuffled,final_unserved_nodes,0.35,-2.05,2.55,0
384,recurrent,0.2,0,main,shuffled,full_final_recovery,0.0,0.0,0.0,0
384,recurrent,0.2,0,main,shuffled,requests,0.0,0.0,0.0,0
384,recurrent,0.2,0,main,shuffled,messages,-2422.0,-2653.61,-2183.9800000000005,0
384,recurrent,0.2,0,main,shuffled,swaps,-302.75,-331.70125,-272.99750000000006,0
384,recurrent,0.2,0,main,shuffled,resource_cost,-36.33,-39.80415,-32.75970000000001,0
384,scarcity,0.2,0,main,autonomous,service,0.013204925382888982,0.01116332893803713,0.015310707448326966,0
384,scarcity,0.2,0,main,autonomous,p10,0.09565627720609834,0.07547307501785103,0.11863850172579873,0
384,scarcity,0.2,0,main,autonomous,tail_deficit,-0.010140929879190297,-0.01236214567434788,-0.007964566970006241,0
384,scarcity,0.2,0,main,autonomous,final_unserved_nodes,16.8,13.6,20.2,0
384,scarcity,0.2,0,main,autonomous,full_final_recovery,0.0,0.0,0.0,0
384,scarcity,0.2,0,main,autonomous,requests,1611.1,1551.0987499999999,1667.6512500000001,0
384,scarcity,0.2,0,main,autonomous,messages,39371.2,37910.93,40748.03,0
384,scarcity,0.2,0,main,autonomous,swaps,88.1,81.25,95.35,0
384,scarcity,0.2,0,main,autonomous,resource_cost,10.572,9.75,11.441999999999998,0
384,scarcity,0.2,0,main,level,service,-0.0002465607284764415,-0.0010514241448980589,0.0004763637374340393,0
384,scarcity,0.2,0,main,level,p10,0.00012213988157145224,-0.012716171459800375,0.012574376393608628,0
384,scarcity,0.2,0,main,level,tail_deficit,-0.00041925879057011506,-0.001738610624972035,0.000930386427106376,0
384,scarcity,0.2,0,main,level,final_unserved_nodes,0.1,-1.9,2.2,0
384,scarcity,0.2,0,main,level,full_final_recovery,0.0,0.0,0.0,0
384,scarcity,0.2,0,main,level,requests,-59.85,-72.1,-46.398750000000014,0
384,scarcity,0.2,0,main,level,messages,-1527.2,-1834.01,-1191.2,0
384,scarcity,0.2,0,main,level,swaps,-11.35,-17.1,-5.4,0
384,scarcity,0.2,0,main,level,resource_cost,-1.3619999999999997,-2.0520000000000005,-0.6479999999999998,0
384,scarcity,0.2,0,main,persistent,service,1.2500538532150828e-05,-0.00020247699633953704,0.00020472243481691434,0
384,scarcity,0.2,0,main,persistent,p10,0.004120319680308138,-0.00026844869728750444,0.010236908977062566,0
384,scarcity,0.2,0,main,persistent,tail_deficit,0.00014621691767401356,-0.00016650706414228402,0.00042326977931185283,0
384,scarcity,0.2,0,main,persistent,final_unserved_nodes,0.25,-0.25,0.9,0
384,scarcity,0.2,0,main,persistent,full_final_recovery,0.0,0.0,0.0,0
384,scarcity,0.2,0,main,persistent,requests,-9.3,-13.1,-5.05,0
384,scarcity,0.2,0,main,persistent,messages,-219.6,-320.40999999999997,-99.19000000000015,0
384,scarcity,0.2,0,main,persistent,swaps,0.45,-1.75,3.05,0
384,scarcity,0.2,0,main,persistent,resource_cost,0.05400000000000018,-0.21000000000000005,0.36600000000000027,0
384,scarcity,0.2,0,main,shuffled,service,-0.009031253560007607,-0.01167092703941416,-0.006328880126263879,0
384,scarcity,0.2,0,main,shuffled,p10,0.01670607124134396,-0.0019897198191800797,0.03718470730604311,0
384,scarcity,0.2,0,main,shuffled,tail_deficit,0.0038787721822301003,0.0003159967545894373,0.00756441310033288,0
384,scarcity,0.2,0,main,shuffled,final_unserved_nodes,7.5,5.1,9.9,0
384,scarcity,0.2,0,main,shuffled,full_final_recovery,0.0,0.0,0.0,0
384,scarcity,0.2,0,main,shuffled,requests,0.0,0.0,0.0,0
384,scarcity,0.2,0,main,shuffled,messages,-2879.2,-3150.0,-2603.19,0
384,scarcity,0.2,0,main,shuffled,swaps,-359.9,-393.75,-325.39875,0
384,scarcity,0.2,0,main,shuffled,resource_cost,-43.188,-47.25,-39.04785,0
384,transient,0.2,0,main,autonomous,service,0.03942635073086462,0.034338610028271,0.04466329166023798,0
384,transient,0.2,0,main,autonomous,p10,0.30751198745493613,0.24070871402264674,0.3750293639756368,0
384,transient,0.2,0,main,autonomous,tail_deficit,-0.04111573481388327,-0.047135939310615445,-0.03516863034604325,0
384,transient,0.2,0,main,autonomous,final_unserved_nodes,-16.75,-20.45,-13.05,0
384,transient,0.2,0,main,autonomous,full_final_recovery,0.0,0.0,0.0,0
384,transient,0.2,0,main,autonomous,requests,567.1,490.8,639.90375,0
384,transient,0.2,0,main,autonomous,messages,14180.8,12334.779999999999,15926.449999999999,0
384,transient,0.2,0,main,autonomous,swaps,71.3,64.65,78.0,0
384,transient,0.2,0,main,autonomous,resource_cost,8.556000000000001,7.758000000000001,9.36,0
384,transient,0.2,0,main,level,service,-0.0020301230945356684,-0.0036138622369365162,-0.00047997976522682836,0
384,transient,0.2,0,main,level,p10,-0.003747238079830825,-0.03243811970837577,0.026880426695957457,0
384,transient,0.2,0,main,level,tail_deficit,-0.00030528673330800226,-0.0028825295608486405,0.0022922008288850434,0
384,transient,0.2,0,main,level,final_unserved_nodes,-0.15,-2.4,1.95,0
384,transient,0.2,0,main,level,full_final_recovery,0.0,0.0,0.0,0
384,transient,0.2,0,main,level,requests,-84.75,-109.85,-62.3,0
384,transient,0.2,0,main,level,messages,-2102.4,-2709.62,-1551.2,0
384,transient,0.2,0,main,level,swaps,-8.55,-15.0,-2.35,0
384,transient,0.2,0,main,level,resource_cost,-1.0259999999999998,-1.7999999999999996,-0.28199999999999975,0
384,transient,0.2,0,main,persistent,service,-0.0007070345126872323,-0.001197439783491494,-0.00023580391775406063,0
384,transient,0.2,0,main,persistent,p10,-0.006110217949783417,-0.01687846626962313,0.0026874499851965716,0
384,transient,0.2,0,main,persistent,tail_deficit,0.0009721233189350975,5.33841029509917e-05,0.0018865982929532027,0
384,transient,0.2,0,main,persistent,final_unserved_nodes,0.5,-0.05,1.1,0
384,transient,0.2,0,main,persistent,full_final_recovery,0.0,0.0,0.0,0
384,transient,0.2,0,main,persistent,requests,-60.35,-65.95,-54.75,0
384,transient,0.2,0,main,persistent,messages,-1475.6,-1611.21,-1342.4,0
384,transient,0.2,0,main,persistent,swaps,-3.4,-4.8,-1.95,0
384,transient,0.2,0,main,persistent,resource_cost,-0.4079999999999999,-0.5759999999999998,-0.23399999999999962,0
384,transient,0.2,0,main,shuffled,service,0.0025540212273942207,-0.0004572939801869266,0.0056157553510522516,0
384,transient,0.2,0,main,shuffled,p10,0.011570619391614665,-0.011303890479681361,0.034409773654942556,0
384,transient,0.2,0,main,shuffled,tail_deficit,-0.0042123641932613086,-0.007787178027046058,-0.0006365702345484635,0
384,transient,0.2,0,main,shuffled,final_unserved_nodes,0.45,-1.9,2.85,0
384,transient,0.2,0,main,shuffled,full_final_recovery,0.0,0.0,0.0,0
384,transient,0.2,0,main,shuffled,requests,0.0,0.0,0.0,0
384,transient,0.2,0,main,shuffled,messages,-1712.4,-1930.0,-1481.6,0
384,transient,0.2,0,main,shuffled,swaps,-214.05,-241.25,-185.2,0
384,transient,0.2,0,main,shuffled,resource_cost,-25.686,-28.95,-22.223999999999997,0
