n,scenario,dt,varied,cohort,policy,worlds,service,p10,tail_deficit,final_unserved_nodes,full_final_recovery,requests,messages,swaps,resource_cost
96,mixed,0.1,0,step,autonomous,6,0.831068169061901,0.38343596864110435,0.11052088170476175,11.5,0.0,0.0,0.0,0.0,0.0
96,mixed,0.1,0,step,level,6,0.8750555340093076,0.534531995522308,0.059344351372673666,6.666666666666667,0.0,226.5,5709.333333333333,34.166666666666664,4.1
96,mixed,0.1,0,step,persistent,6,0.8717427430750551,0.5607855349326925,0.057139784449922404,6.166666666666667,0.16666666666666666,216.33333333333334,5428.0,29.5,3.5399999999999996
96,mixed,0.1,0,step,two_signals,6,0.8717451354996292,0.5653302866839786,0.05803966818508024,5.666666666666667,0.16666666666666666,182.33333333333334,4593.333333333333,27.166666666666668,3.2600000000000002
96,mixed,0.1,0,step,shuffled,6,0.8813073337531373,0.5141240506000962,0.057414396717721417,6.333333333333333,0.16666666666666666,182.33333333333334,5208.0,104.0,12.479999999999999
96,mixed,0.2,0,main,autonomous,20,0.8447274411550849,0.3832092241507131,0.09740746120588016,10.15,0.05,0.0,0.0,0.0,0.0
96,mixed,0.2,0,main,level,20,0.8957756903129024,0.6325836824027699,0.04559762730898223,5.85,0.25,196.75,4965.2,30.4,3.6479999999999997
96,mixed,0.2,0,main,persistent,20,0.8957170827329868,0.6484046227185443,0.042030034997286955,5.05,0.3,189.65,4774.0,27.8,3.336
96,mixed,0.2,0,main,two_signals,20,0.89449651715007,0.6441632351745649,0.04459315190013752,5.45,0.3,158.25,4002.4,25.55,3.066
96,mixed,0.2,0,main,shuffled,20,0.8967033637377659,0.6256609074834396,0.042707973403303,4.8,0.25,158.25,4499.2,87.65,10.517999999999997
96,mixed,0.2,0,step,autonomous,6,0.8311803482516146,0.3842724500097383,0.11055441689808215,11.5,0.0,0.0,0.0,0.0,0.0
96,mixed,0.2,0,step,level,6,0.8775123013981697,0.5323119512251506,0.053141362272370374,5.5,0.16666666666666666,210.16666666666666,5266.666666666667,27.833333333333332,3.34
96,mixed,0.2,0,step,persistent,6,0.8712601093492492,0.5523366199190906,0.05452280297570453,6.5,0.16666666666666666,217.16666666666666,5430.666666666667,27.333333333333332,3.28
96,mixed,0.2,0,step,two_signals,6,0.8699501197767554,0.5431278207552378,0.05946417647567962,7.5,0.0,183.83333333333334,4608.0,24.5,2.94
96,mixed,0.2,0,step,shuffled,6,0.8831852151836389,0.5405117661508351,0.049577719292649335,4.666666666666667,0.16666666666666666,183.83333333333334,5206.666666666667,99.33333333333333,11.92
96,mixed,0.2,1,main,autonomous,20,0.8382826272267276,0.36452106044649946,0.10235794267893272,10.55,0.05,0.0,0.0,0.0,0.0
96,mixed,0.2,1,main,level,20,0.89024351975004,0.6163388125263047,0.045956549620802,5.35,0.2,213.8,5490.0,44.85,5.381999999999999
96,mixed,0.2,1,main,persistent,20,0.8910759401570909,0.642555382909366,0.043119958049878046,5.05,0.2,200.35,5147.2,42.35,5.081999999999999
96,mixed,0.2,1,main,two_signals,20,0.8898380970450424,0.6442552129543684,0.047157213255130684,5.6,0.15,165.35,4264.4,37.0,4.4399999999999995
96,mixed,0.2,1,main,shuffled,20,0.8904486680022933,0.6105372601231004,0.04845905457883544,5.1,0.15,165.35,4746.8,97.3,11.676
96,quiet,0.2,0,main,autonomous,20,0.9152523583661661,0.6216408504023457,0.08460098257974728,9.55,0.15,0.0,0.0,0.0,0.0
96,quiet,0.2,0,main,level,20,0.9416696479116965,0.7843480527557716,0.05850371053537884,7.15,0.2,106.2,2612.8,8.0,0.9600000000000002
96,quiet,0.2,0,main,persistent,20,0.9384297398846291,0.7729773007408289,0.061976047106776434,7.55,0.2,109.8,2706.4,8.9,1.068
96,quiet,0.2,0,main,two_signals,20,0.9381905440515117,0.775280505624983,0.06205348410571852,7.45,0.2,107.75,2658.0,9.0,1.08
96,quiet,0.2,0,main,shuffled,20,0.9400542232312334,0.7673701335569297,0.059923183659026116,7.05,0.15,107.75,2948.4,45.3,5.436
96,recurrent,0.2,0,main,autonomous,20,0.8356272311852881,0.38276892420470887,0.10413545815414338,11.1,0.0,0.0,0.0,0.0,0.0
96,recurrent,0.2,0,main,level,20,0.9032727120928005,0.6488642611859101,0.046840698723214225,5.2,0.25,198.3,5038.4,34.9,4.188
96,recurrent,0.2,0,main,persistent,20,0.8974818033984098,0.639814227132979,0.04856934093351608,5.4,0.2,194.7,4942.0,33.65,4.038
96,recurrent,0.2,0,main,two_signals,20,0.8942680443396585,0.6376148333111399,0.05248827890202092,5.85,0.2,162.65,4143.2,29.95,3.594
96,recurrent,0.2,0,main,shuffled,20,0.9004955906327551,0.6251097891024826,0.048946401246105595,5.15,0.2,162.65,4651.2,93.45,11.214
96,scarcity,0.2,0,main,autonomous,20,0.7569184077337396,0.23060699933947237,0.346213687903816,37.85,0.0,0.0,0.0,0.0,0.0
96,scarcity,0.2,0,main,level,20,0.772290828151133,0.32680843318071473,0.33870653400921036,43.65,0.0,397.3,9732.0,24.6,2.9519999999999995
96,scarcity,0.2,0,main,persistent,20,0.769744261529924,0.3414393532491025,0.3419404573403479,43.65,0.0,390.9,9563.2,22.7,2.724
96,scarcity,0.2,0,main,two_signals,20,0.7696908190616365,0.3390695052541213,0.3418784130980052,43.7,0.0,387.25,9473.2,22.4,2.688
96,scarcity,0.2,0,main,shuffled,20,0.7779289262222412,0.3144809750425662,0.33870818179219253,40.4,0.0,387.25,10062.4,96.05,11.526
96,transient,0.2,0,main,autonomous,20,0.8939525018604236,0.5486676056111848,0.08576460977485265,9.6,0.1,0.0,0.0,0.0,0.0
96,transient,0.2,0,main,level,20,0.939861162350683,0.7638273950058923,0.03958426814198111,4.75,0.45,123.75,3134.8,20.6,2.472
96,transient,0.2,0,main,persistent,20,0.9373260019091072,0.7722662829755862,0.04118156685734181,4.85,0.4,121.0,3076.8,21.6,2.592
96,transient,0.2,0,main,two_signals,20,0.9356326194901421,0.7712628630444882,0.04309996646669199,5.1,0.35,107.2,2730.8,19.75,2.37
96,transient,0.2,0,main,shuffled,20,0.9381834482289679,0.7683930639279394,0.04077211571423599,4.5,0.45,107.2,3024.8,56.5,6.779999999999999
384,mixed,0.2,0,main,autonomous,20,0.8246603782504494,0.2533994267989462,0.11901662999783444,51.75,0.0,0.0,0.0,0.0,0.0
384,mixed,0.2,0,main,level,20,0.8673857823684241,0.5161788773167191,0.07145740241768206,33.65,0.0,945.95,23638.0,116.9,14.027999999999997
384,mixed,0.2,0,main,persistent,20,0.8657726755262679,0.5126642422566747,0.07276789232901837,34.4,0.0,906.9,22585.6,102.5,12.299999999999997
384,mixed,0.2,0,main,two_signals,20,0.8644452523445768,0.5054071905828805,0.07469964601828738,34.6,0.0,790.95,19749.2,95.8,11.495999999999999
384,mixed,0.2,0,main,shuffled,20,0.870172934789555,0.5060297671380319,0.07537377002284713,32.4,0.0,790.95,22238.4,406.95,48.833999999999996
384,quiet,0.2,0,main,autonomous,20,0.8949906904394744,0.5420438233928047,0.10511601161234693,47.8,0.0,0.0,0.0,0.0,0.0
384,quiet,0.2,0,main,level,20,0.9205911830962592,0.7134237739682349,0.0805547691596977,38.8,0.0,565.75,13902.4,40.55,4.866
384,quiet,0.2,0,main,persistent,20,0.9195619592639812,0.7376758518105785,0.08139069352897901,39.25,0.0,558.0,13703.6,38.95,4.6739999999999995
384,quiet,0.2,0,main,two_signals,20,0.9189307813268928,0.7387274607124391,0.08217065134969699,39.55,0.0,555.35,13640.4,39.0,4.68
384,quiet,0.2,0,main,shuffled,20,0.9180935141356665,0.7395870769115771,0.0799688870130526,35.7,0.0,555.35,15173.2,230.6,27.671999999999997
384,recurrent,0.2,0,main,autonomous,20,0.8192970601894398,0.2143905687009628,0.1244193787808752,53.45,0.0,0.0,0.0,0.0,0.0
384,recurrent,0.2,0,main,level,20,0.8789770395671418,0.5529240018889169,0.07161895383697833,32.75,0.0,925.55,23213.6,125.05,15.006000000000004
384,recurrent,0.2,0,main,persistent,20,0.8743920747896429,0.5430410001183088,0.07236299822185979,33.1,0.0,902.55,22610.4,118.65,14.237999999999996
384,recurrent,0.2,0,main,two_signals,20,0.8733570293196744,0.5403330227295299,0.07454623883558305,33.9,0.0,768.8,19318.8,108.45,13.014000000000001
384,recurrent,0.2,0,main,shuffled,20,0.8747605639449085,0.49901262974673244,0.07777362803778998,33.55,0.0,768.8,21740.8,411.2,49.343999999999994
384,scarcity,0.2,0,main,autonomous,20,0.7394469886525116,0.1436464236226582,0.3551404073888518,155.9,0.0,0.0,0.0,0.0,0.0
384,scarcity,0.2,0,main,level,20,0.7528984747638772,0.2391805609471851,0.34541873630023157,172.6,0.0,1670.95,40898.4,99.45,11.934000000000001
384,scarcity,0.2,0,main,persistent,20,0.7526394134968685,0.23518238114844844,0.34485326059198745,172.45,0.0,1620.4,39590.8,87.65,10.518
384,scarcity,0.2,0,main,two_signals,20,0.7526519140354007,0.23930270082875654,0.3449994775096615,172.7,0.0,1611.1,39371.2,88.1,10.572
384,scarcity,0.2,0,main,shuffled,20,0.7616831675954083,0.2225966295874126,0.34112070532743133,165.2,0.0,1611.1,42250.4,448.0,53.760000000000005
384,transient,0.2,0,main,autonomous,20,0.8738228849946923,0.419862524486119,0.10700560042538002,48.5,0.0,0.0,0.0,0.0,0.0
384,transient,0.2,0,main,level,20,0.9152793588200927,0.731121750020886,0.06619515234480475,31.9,0.0,651.85,16283.2,79.85,9.581999999999999
384,transient,0.2,0,main,persistent,20,0.9139562702382442,0.7334847298908385,0.06491774229256164,31.25,0.0,627.45,15656.4,74.7,8.964000000000002
384,transient,0.2,0,main,two_signals,20,0.913249235725557,0.7273745119410551,0.06588986561149675,31.75,0.0,567.1,14180.8,71.3,8.556000000000001
384,transient,0.2,0,main,shuffled,20,0.9106952144981625,0.7158038925494403,0.07010222980475805,31.3,0.0,567.1,15893.2,285.35,34.242000000000004
