policy,scenario,seed,time,a,b,c,d,fee
random_swap,uniform,5000,2.0,4,12,22,15,0.024
random_swap,uniform,5000,4.0,3,22,21,20,0.024
random_swap,uniform,5000,6.0,11,6,8,20,0.024
random_swap,uniform,5000,8.0,22,4,1,7,0.024
random_swap,uniform,5000,10.0,12,23,11,5,0.024
random_swap,uniform,5000,12.0,15,0,2,9,0.024
random_swap,uniform,5000,14.0,6,22,10,5,0.024
random_swap,uniform,5000,16.0,8,4,6,10,0.024
random_swap,uniform,5000,18.0,18,10,1,17,0.024
random_swap,uniform,5000,20.0,13,20,23,8,0.024
random_swap,uniform,5000,22.0,5,18,2,10,0.024
random_swap,uniform,5000,24.0,16,20,11,12,0.024
random_swap,uniform,5000,26.0,2,18,22,14,0.024
random_swap,uniform,5000,28.0,0,9,21,16,0.024
random_swap,uniform,5000,30.0,1,18,20,6,0.024
random_swap,uniform,5000,32.0,17,2,16,11,0.024
random_swap,uniform,5000,34.0,14,12,9,17,0.024
random_swap,uniform,5000,36.0,20,8,17,7,0.024
random_swap,uniform,5000,38.0,21,0,23,4,0.024
random_swap,uniform,5000,40.0,10,4,11,8,0.024
random_swap,uniform,5000,42.0,7,9,16,23,0.024
random_swap,uniform,5000,44.0,23,5,2,15,0.024
random_swap,uniform,5000,46.0,19,10,16,8,0.024
random_swap,uniform,5000,48.0,9,14,5,19,0.024
random_swap,uniform,5000,50.0,4,3,13,7,0.024
random_swap,uniform,5000,52.0,3,14,6,0,0.024
random_swap,uniform,5000,54.0,11,2,3,7,0.024
random_swap,uniform,5000,56.0,22,5,4,7,0.024
random_swap,uniform,5000,58.0,12,20,19,16,0.024
random_swap,uniform,5000,60.0,15,12,20,1,0.024
random_swap,uniform,5000,62.0,6,18,2,5,0.024
random_swap,uniform,5000,64.0,8,7,5,18,0.024
random_swap,uniform,5000,66.0,18,10,22,1,0.024
random_swap,uniform,5000,68.0,13,1,10,17,0.024
random_swap,uniform,5000,70.0,5,7,17,1,0.024
random_swap,uniform,5000,72.0,16,20,13,4,0.024
random_swap,uniform,5000,74.0,2,7,10,11,0.024
random_swap,uniform,5000,76.0,0,19,21,23,0.024
random_swap,uniform,5000,78.0,1,12,4,8,0.024
random_swap,uniform,5000,80.0,17,16,22,4,0.024
random_swap,uniform,5000,82.0,14,18,9,23,0.024
random_swap,uniform,5000,84.0,20,22,6,3,0.024
random_swap,uniform,5000,86.0,21,1,14,0,0.024
random_swap,uniform,5000,88.0,10,2,5,8,0.024
random_swap,uniform,5000,90.0,7,1,8,12,0.024
random_swap,uniform,5000,92.0,23,13,5,17,0.024
random_swap,uniform,5000,94.0,19,14,22,2,0.024
random_swap,uniform,5000,96.0,9,14,8,10,0.024
random_swap,uniform,5000,98.0,4,0,18,7,0.024
random_swap,uniform,5000,100.0,3,11,8,2,0.024
random_swap,uniform,5000,102.0,11,7,4,18,0.024
random_swap,uniform,5000,104.0,22,19,2,14,0.024
random_swap,uniform,5000,106.0,12,3,14,15,0.024
random_swap,uniform,5000,108.0,15,5,0,7,0.024
random_swap,uniform,5000,110.0,6,8,17,12,0.024
random_swap,uniform,5000,112.0,8,9,4,20,0.024
random_swap,uniform,5000,114.0,18,22,11,0,0.024
random_swap,uniform,5000,116.0,13,17,1,4,0.024
random_swap,uniform,5000,118.0,5,7,0,22,0.024
recent_contact,uniform,5000,2.0,4,12,17,2,0.024
recent_contact,uniform,5000,4.0,3,4,23,12,0.024
recent_contact,uniform,5000,6.0,11,5,20,21,0.024
recent_contact,uniform,5000,8.0,22,3,8,4,0.024
recent_contact,uniform,5000,10.0,12,4,22,8,0.024
recent_contact,uniform,5000,12.0,15,6,16,23,0.024
recent_contact,uniform,5000,14.0,6,0,15,16,0.024
recent_contact,uniform,5000,16.0,8,20,5,10,0.024
recent_contact,uniform,5000,18.0,18,5,20,11,0.024
recent_contact,uniform,5000,20.0,13,20,23,8,0.024
recent_contact,uniform,5000,22.0,5,8,14,22,0.024
recent_contact,uniform,5000,24.0,16,21,2,12,0.024
recent_contact,uniform,5000,26.0,2,16,22,15,0.024
recent_contact,uniform,5000,28.0,0,11,6,23,0.024
recent_contact,uniform,5000,30.0,1,13,4,8,0.024
recent_contact,uniform,5000,32.0,17,7,2,18,0.024
recent_contact,uniform,5000,34.0,14,5,19,10,0.024
recent_contact,uniform,5000,36.0,20,8,21,5,0.024
recent_contact,uniform,5000,38.0,21,12,17,4,0.024
recent_contact,uniform,5000,40.0,10,18,9,2,0.024
recent_contact,uniform,5000,42.0,7,1,23,13,0.024
recent_contact,uniform,5000,44.0,23,4,8,13,0.024
recent_contact,uniform,5000,46.0,19,0,23,11,0.024
recent_contact,uniform,5000,48.0,9,10,2,17,0.024
recent_contact,uniform,5000,50.0,4,13,8,23,0.024
recent_contact,uniform,5000,52.0,3,4,19,23,0.024
recent_contact,uniform,5000,54.0,11,5,3,14,0.024
recent_contact,uniform,5000,56.0,22,12,3,19,0.024
recent_contact,uniform,5000,58.0,12,4,21,20,0.024
recent_contact,uniform,5000,60.0,15,6,13,23,0.024
recent_contact,uniform,5000,62.0,6,11,4,20,0.024
recent_contact,uniform,5000,64.0,8,4,1,17,0.024
recent_contact,uniform,5000,66.0,18,7,10,20,0.024
recent_contact,uniform,5000,68.0,13,1,4,23,0.024
recent_contact,uniform,5000,70.0,5,10,18,9,0.024
recent_contact,uniform,5000,72.0,16,20,21,13,0.024
recent_contact,uniform,5000,74.0,2,9,17,21,0.024
recent_contact,uniform,5000,76.0,0,16,19,11,0.024
recent_contact,uniform,5000,78.0,1,21,7,20,0.024
recent_contact,uniform,5000,80.0,17,4,1,8,0.024
recent_contact,uniform,5000,82.0,14,5,11,16,0.024
recent_contact,uniform,5000,84.0,20,18,7,23,0.024
recent_contact,uniform,5000,86.0,21,9,1,23,0.024
recent_contact,uniform,5000,88.0,10,2,7,9,0.024
recent_contact,uniform,5000,90.0,7,20,15,16,0.024
recent_contact,uniform,5000,92.0,23,6,20,11,0.024
recent_contact,uniform,5000,94.0,19,12,11,6,0.024
recent_contact,uniform,5000,96.0,9,2,7,10,0.024
recent_contact,uniform,5000,98.0,4,6,3,11,0.024
recent_contact,uniform,5000,100.0,3,4,11,19,0.024
recent_contact,uniform,5000,102.0,11,0,20,16,0.024
recent_contact,uniform,5000,104.0,22,2,12,3,0.024
recent_contact,uniform,5000,106.0,12,21,3,11,0.024
recent_contact,uniform,5000,108.0,15,14,22,8,0.024
recent_contact,uniform,5000,110.0,6,22,4,8,0.024
recent_contact,uniform,5000,112.0,8,14,19,5,0.024
recent_contact,uniform,5000,114.0,18,23,0,6,0.024
recent_contact,uniform,5000,116.0,13,7,3,23,0.024
recent_contact,uniform,5000,118.0,5,14,11,6,0.024
experience_swap,uniform,5000,2.0,4,8,9,7,0.024
experience_swap,uniform,5000,4.0,3,14,18,10,0.024
experience_swap,uniform,5000,6.0,11,5,22,14,0.024
experience_swap,uniform,5000,8.0,22,11,10,5,0.024
experience_swap,uniform,5000,10.0,12,4,13,7,0.024
experience_swap,uniform,5000,12.0,15,22,19,11,0.024
experience_swap,uniform,5000,14.0,6,0,7,1,0.024
experience_swap,uniform,5000,16.0,8,7,1,13,0.024
experience_swap,uniform,5000,18.0,18,3,15,14,0.024
experience_swap,uniform,5000,20.0,13,7,23,8,0.024
experience_swap,uniform,5000,22.0,5,11,10,19,0.024
experience_swap,uniform,5000,24.0,16,20,5,14,0.024
experience_swap,uniform,5000,26.0,2,18,4,3,0.024
experience_swap,uniform,5000,28.0,0,19,2,10,0.024
experience_swap,uniform,5000,30.0,1,21,13,23,0.024
experience_swap,uniform,5000,32.0,17,1,20,21,0.024
experience_swap,uniform,5000,34.0,14,20,8,16,0.024
experience_swap,uniform,5000,36.0,20,8,21,16,0.024
experience_swap,uniform,5000,38.0,21,23,16,8,0.024
experience_swap,uniform,5000,40.0,10,5,6,11,0.024
experience_swap,uniform,5000,42.0,7,17,2,0,0.024
experience_swap,uniform,5000,44.0,23,12,7,4,0.024
experience_swap,uniform,5000,46.0,19,15,4,12,0.024
experience_swap,uniform,5000,48.0,9,2,11,0,0.024
experience_swap,uniform,5000,50.0,4,9,0,2,0.024
experience_swap,uniform,5000,52.0,3,18,4,0,0.024
experience_swap,uniform,5000,54.0,11,9,2,4,0.024
experience_swap,uniform,5000,56.0,22,3,15,18,0.024
experience_swap,uniform,5000,58.0,12,14,6,15,0.024
experience_swap,uniform,5000,60.0,15,0,19,11,0.024
experience_swap,uniform,5000,62.0,6,12,19,5,0.024
experience_swap,uniform,5000,64.0,8,1,20,17,0.024
experience_swap,uniform,5000,66.0,18,3,11,22,0.024
experience_swap,uniform,5000,68.0,13,21,22,10,0.024
experience_swap,uniform,5000,70.0,5,18,19,15,0.024
experience_swap,uniform,5000,72.0,16,21,8,23,0.024
experience_swap,uniform,5000,74.0,2,11,10,19,0.024
experience_swap,uniform,5000,76.0,0,18,14,3,0.024
experience_swap,uniform,5000,78.0,1,13,8,7,0.024
experience_swap,uniform,5000,80.0,17,0,7,6,0.024
experience_swap,uniform,5000,82.0,14,0,12,15,0.024
experience_swap,uniform,5000,84.0,20,16,14,15,0.024
experience_swap,uniform,5000,86.0,21,23,14,12,0.024
experience_swap,uniform,5000,88.0,10,21,4,23,0.024
experience_swap,uniform,5000,90.0,7,2,8,20,0.024
experience_swap,uniform,5000,92.0,23,7,4,10,0.024
experience_swap,uniform,5000,94.0,19,4,13,7,0.024
experience_swap,uniform,5000,96.0,9,2,8,7,0.024
experience_swap,uniform,5000,98.0,4,23,10,7,0.024
experience_swap,uniform,5000,100.0,3,12,16,15,0.024
experience_swap,uniform,5000,102.0,11,18,6,10,0.024
experience_swap,uniform,5000,104.0,22,15,11,5,0.024
experience_swap,uniform,5000,106.0,12,23,19,13,0.024
experience_swap,uniform,5000,108.0,15,5,22,13,0.024
experience_swap,uniform,5000,110.0,6,0,10,2,0.024
experience_swap,uniform,5000,112.0,8,9,20,21,0.024
experience_swap,uniform,5000,114.0,18,10,12,5,0.024
experience_swap,uniform,5000,116.0,13,20,1,17,0.024
experience_swap,uniform,5000,118.0,5,19,18,15,0.024
random_swap,persistent_damage,5000,2.0,4,12,22,15,0.024
random_swap,persistent_damage,5000,4.0,3,22,21,20,0.024
random_swap,persistent_damage,5000,6.0,11,6,8,20,0.024
random_swap,persistent_damage,5000,8.0,22,4,1,7,0.024
random_swap,persistent_damage,5000,10.0,12,23,11,5,0.024
random_swap,persistent_damage,5000,12.0,15,0,2,9,0.024
random_swap,persistent_damage,5000,14.0,6,22,10,5,0.024
random_swap,persistent_damage,5000,16.0,8,4,6,10,0.024
random_swap,persistent_damage,5000,18.0,18,10,1,17,0.024
random_swap,persistent_damage,5000,20.0,13,20,23,8,0.024
random_swap,persistent_damage,5000,22.0,5,18,2,10,0.024
random_swap,persistent_damage,5000,24.0,16,20,11,12,0.024
random_swap,persistent_damage,5000,26.0,2,18,22,14,0.024
random_swap,persistent_damage,5000,28.0,0,9,21,16,0.024
random_swap,persistent_damage,5000,30.0,1,18,20,6,0.024
random_swap,persistent_damage,5000,32.0,17,2,16,11,0.024
random_swap,persistent_damage,5000,34.0,14,12,9,17,0.024
random_swap,persistent_damage,5000,36.0,20,8,17,7,0.024
random_swap,persistent_damage,5000,38.0,21,0,23,4,0.024
random_swap,persistent_damage,5000,40.0,10,4,11,8,0.024
random_swap,persistent_damage,5000,42.0,7,9,16,23,0.024
random_swap,persistent_damage,5000,44.0,23,5,2,15,0.024
random_swap,persistent_damage,5000,46.0,19,10,16,8,0.024
random_swap,persistent_damage,5000,48.0,9,14,5,19,0.024
random_swap,persistent_damage,5000,50.0,4,3,13,7,0.024
random_swap,persistent_damage,5000,52.0,3,14,6,0,0.024
random_swap,persistent_damage,5000,54.0,11,2,3,7,0.024
random_swap,persistent_damage,5000,56.0,22,5,4,7,0.024
random_swap,persistent_damage,5000,58.0,12,20,19,16,0.024
random_swap,persistent_damage,5000,60.0,15,12,20,1,0.024
random_swap,persistent_damage,5000,62.0,6,18,2,5,0.024
random_swap,persistent_damage,5000,64.0,8,7,5,18,0.024
random_swap,persistent_damage,5000,66.0,18,10,22,1,0.024
random_swap,persistent_damage,5000,68.0,13,1,10,17,0.024
random_swap,persistent_damage,5000,70.0,5,7,17,1,0.024
random_swap,persistent_damage,5000,72.0,16,20,13,4,0.024
random_swap,persistent_damage,5000,74.0,2,7,10,11,0.024
random_swap,persistent_damage,5000,76.0,0,19,21,23,0.024
random_swap,persistent_damage,5000,78.0,1,12,4,8,0.024
random_swap,persistent_damage,5000,80.0,17,16,22,4,0.024
random_swap,persistent_damage,5000,82.0,14,18,9,23,0.024
random_swap,persistent_damage,5000,84.0,20,22,6,3,0.024
random_swap,persistent_damage,5000,86.0,21,1,14,0,0.024
random_swap,persistent_damage,5000,88.0,10,2,5,8,0.024
random_swap,persistent_damage,5000,90.0,7,1,8,12,0.024
random_swap,persistent_damage,5000,92.0,23,13,5,17,0.024
random_swap,persistent_damage,5000,94.0,19,14,22,2,0.024
random_swap,persistent_damage,5000,96.0,9,14,8,10,0.024
random_swap,persistent_damage,5000,98.0,4,0,18,7,0.024
random_swap,persistent_damage,5000,100.0,3,11,8,2,0.024
random_swap,persistent_damage,5000,102.0,11,7,4,18,0.024
random_swap,persistent_damage,5000,104.0,22,19,2,14,0.024
random_swap,persistent_damage,5000,106.0,12,3,14,15,0.024
random_swap,persistent_damage,5000,108.0,15,5,0,7,0.024
random_swap,persistent_damage,5000,110.0,6,8,17,12,0.024
random_swap,persistent_damage,5000,112.0,8,9,4,20,0.024
random_swap,persistent_damage,5000,114.0,18,22,11,0,0.024
random_swap,persistent_damage,5000,116.0,13,17,1,4,0.024
random_swap,persistent_damage,5000,118.0,5,7,0,22,0.024
recent_contact,persistent_damage,5000,2.0,4,12,17,2,0.024
recent_contact,persistent_damage,5000,4.0,3,4,23,12,0.024
recent_contact,persistent_damage,5000,6.0,11,5,20,21,0.024
recent_contact,persistent_damage,5000,8.0,22,3,8,4,0.024
recent_contact,persistent_damage,5000,10.0,12,4,22,8,0.024
recent_contact,persistent_damage,5000,12.0,15,6,16,23,0.024
recent_contact,persistent_damage,5000,14.0,6,0,15,16,0.024
recent_contact,persistent_damage,5000,16.0,8,20,5,10,0.024
recent_contact,persistent_damage,5000,18.0,18,5,20,11,0.024
recent_contact,persistent_damage,5000,20.0,13,20,23,8,0.024
recent_contact,persistent_damage,5000,22.0,5,8,14,22,0.024
recent_contact,persistent_damage,5000,24.0,16,21,2,12,0.024
recent_contact,persistent_damage,5000,26.0,2,16,22,15,0.024
recent_contact,persistent_damage,5000,28.0,0,11,6,23,0.024
recent_contact,persistent_damage,5000,30.0,1,13,4,8,0.024
recent_contact,persistent_damage,5000,32.0,17,7,2,18,0.024
recent_contact,persistent_damage,5000,34.0,14,5,19,10,0.024
recent_contact,persistent_damage,5000,36.0,20,8,21,5,0.024
recent_contact,persistent_damage,5000,38.0,21,12,17,4,0.024
recent_contact,persistent_damage,5000,40.0,10,18,9,2,0.024
recent_contact,persistent_damage,5000,42.0,7,1,23,13,0.024
recent_contact,persistent_damage,5000,44.0,23,4,8,13,0.024
recent_contact,persistent_damage,5000,46.0,19,5,21,20,0.024
recent_contact,persistent_damage,5000,48.0,9,17,5,8,0.024
recent_contact,persistent_damage,5000,50.0,4,1,22,12,0.024
recent_contact,persistent_damage,5000,52.0,3,23,13,1,0.024
recent_contact,persistent_damage,5000,54.0,11,19,22,4,0.024
recent_contact,persistent_damage,5000,56.0,22,11,14,12,0.024
recent_contact,persistent_damage,5000,58.0,12,4,8,17,0.024
recent_contact,persistent_damage,5000,60.0,15,14,20,5,0.024
recent_contact,persistent_damage,5000,62.0,6,0,8,23,0.024
recent_contact,persistent_damage,5000,64.0,8,6,0,23,0.024
recent_contact,persistent_damage,5000,66.0,18,7,10,20,0.024
recent_contact,persistent_damage,5000,68.0,13,21,10,2,0.024
recent_contact,persistent_damage,5000,70.0,5,14,19,21,0.024
recent_contact,persistent_damage,5000,72.0,16,20,21,14,0.024
recent_contact,persistent_damage,5000,74.0,2,21,3,12,0.024
recent_contact,persistent_damage,5000,76.0,0,19,21,17,0.024
recent_contact,persistent_damage,5000,78.0,1,21,4,13,0.024
recent_contact,persistent_damage,5000,80.0,17,19,12,8,0.024
recent_contact,persistent_damage,5000,82.0,14,22,15,20,0.024
recent_contact,persistent_damage,5000,84.0,20,22,10,9,0.024
recent_contact,persistent_damage,5000,86.0,21,0,8,19,0.024
recent_contact,persistent_damage,5000,88.0,10,13,3,2,0.024
recent_contact,persistent_damage,5000,90.0,7,20,15,16,0.024
recent_contact,persistent_damage,5000,92.0,23,11,18,20,0.024
recent_contact,persistent_damage,5000,94.0,19,4,17,12,0.024
recent_contact,persistent_damage,5000,96.0,9,22,20,10,0.024
recent_contact,persistent_damage,5000,98.0,4,1,19,0,0.024
recent_contact,persistent_damage,5000,100.0,3,10,17,19,0.024
recent_contact,persistent_damage,5000,102.0,11,5,3,17,0.024
recent_contact,persistent_damage,5000,104.0,22,8,19,10,0.024
recent_contact,persistent_damage,5000,106.0,12,21,19,22,0.024
recent_contact,persistent_damage,5000,108.0,15,6,22,21,0.024
recent_contact,persistent_damage,5000,110.0,6,21,15,0,0.024
recent_contact,persistent_damage,5000,112.0,8,10,19,14,0.024
recent_contact,persistent_damage,5000,114.0,18,2,20,14,0.024
recent_contact,persistent_damage,5000,116.0,13,7,5,17,0.024
recent_contact,persistent_damage,5000,118.0,5,19,16,21,0.024
experience_swap,persistent_damage,5000,2.0,4,8,9,7,0.024
experience_swap,persistent_damage,5000,4.0,3,14,18,10,0.024
experience_swap,persistent_damage,5000,6.0,11,5,22,14,0.024
experience_swap,persistent_damage,5000,8.0,22,11,10,5,0.024
experience_swap,persistent_damage,5000,10.0,12,4,13,7,0.024
experience_swap,persistent_damage,5000,12.0,15,22,19,11,0.024
experience_swap,persistent_damage,5000,14.0,6,0,7,1,0.024
experience_swap,persistent_damage,5000,16.0,8,7,1,13,0.024
experience_swap,persistent_damage,5000,18.0,18,3,15,14,0.024
experience_swap,persistent_damage,5000,20.0,13,7,23,8,0.024
experience_swap,persistent_damage,5000,22.0,5,11,10,19,0.024
experience_swap,persistent_damage,5000,24.0,16,20,5,14,0.024
experience_swap,persistent_damage,5000,26.0,2,18,4,3,0.024
experience_swap,persistent_damage,5000,28.0,0,19,2,10,0.024
experience_swap,persistent_damage,5000,30.0,1,21,13,23,0.024
experience_swap,persistent_damage,5000,32.0,17,1,20,21,0.024
experience_swap,persistent_damage,5000,34.0,14,20,8,16,0.024
experience_swap,persistent_damage,5000,36.0,20,8,21,16,0.024
experience_swap,persistent_damage,5000,38.0,21,23,16,8,0.024
experience_swap,persistent_damage,5000,40.0,10,5,6,11,0.024
experience_swap,persistent_damage,5000,42.0,7,8,9,18,0.024
experience_swap,persistent_damage,5000,44.0,23,8,18,15,0.024
experience_swap,persistent_damage,5000,46.0,19,10,21,20,0.024
experience_swap,persistent_damage,5000,48.0,9,7,18,5,0.024
experience_swap,persistent_damage,5000,50.0,4,23,8,15,0.024
experience_swap,persistent_damage,5000,52.0,3,18,6,10,0.024
experience_swap,persistent_damage,5000,54.0,11,22,8,18,0.024
experience_swap,persistent_damage,5000,56.0,22,18,13,12,0.024
experience_swap,persistent_damage,5000,58.0,12,14,10,22,0.024
experience_swap,persistent_damage,5000,60.0,15,19,14,10,0.024
experience_swap,persistent_damage,5000,62.0,6,15,19,10,0.024
experience_swap,persistent_damage,5000,64.0,8,1,21,19,0.024
experience_swap,persistent_damage,5000,66.0,18,12,21,1,0.024
experience_swap,persistent_damage,5000,68.0,13,1,4,9,0.024
experience_swap,persistent_damage,5000,70.0,5,7,6,19,0.024
experience_swap,persistent_damage,5000,72.0,16,23,2,0,0.024
experience_swap,persistent_damage,5000,74.0,2,9,10,15,0.024
experience_swap,persistent_damage,5000,76.0,0,23,19,1,0.024
experience_swap,persistent_damage,5000,78.0,1,9,6,7,0.024
experience_swap,persistent_damage,5000,80.0,17,7,1,12,0.024
experience_swap,persistent_damage,5000,82.0,14,3,9,18,0.024
experience_swap,persistent_damage,5000,84.0,20,17,12,7,0.024
experience_swap,persistent_damage,5000,86.0,21,18,0,1,0.024
experience_swap,persistent_damage,5000,88.0,10,2,7,9,0.024
experience_swap,persistent_damage,5000,90.0,7,19,5,16,0.024
experience_swap,persistent_damage,5000,92.0,23,15,5,19,0.024
experience_swap,persistent_damage,5000,94.0,19,16,4,8,0.024
experience_swap,persistent_damage,5000,96.0,9,15,5,11,0.024
experience_swap,persistent_damage,5000,98.0,4,2,3,18,0.024
experience_swap,persistent_damage,5000,100.0,3,12,17,1,0.024
experience_swap,persistent_damage,5000,102.0,11,15,3,17,0.024
experience_swap,persistent_damage,5000,104.0,22,3,1,18,0.024
experience_swap,persistent_damage,5000,106.0,12,20,4,3,0.024
experience_swap,persistent_damage,5000,108.0,15,17,13,20,0.024
experience_swap,persistent_damage,5000,110.0,6,22,7,5,0.024
experience_swap,persistent_damage,5000,112.0,8,11,22,1,0.024
experience_swap,persistent_damage,5000,114.0,18,3,9,14,0.024
experience_swap,persistent_damage,5000,116.0,13,15,11,1,0.024
experience_swap,persistent_damage,5000,118.0,5,6,14,15,0.024
random_swap,temporary_damage,5000,2.0,4,12,22,15,0.024
random_swap,temporary_damage,5000,4.0,3,22,21,20,0.024
random_swap,temporary_damage,5000,6.0,11,6,8,20,0.024
random_swap,temporary_damage,5000,8.0,22,4,1,7,0.024
random_swap,temporary_damage,5000,10.0,12,23,11,5,0.024
random_swap,temporary_damage,5000,12.0,15,0,2,9,0.024
random_swap,temporary_damage,5000,14.0,6,22,10,5,0.024
random_swap,temporary_damage,5000,16.0,8,4,6,10,0.024
random_swap,temporary_damage,5000,18.0,18,10,1,17,0.024
random_swap,temporary_damage,5000,20.0,13,20,23,8,0.024
random_swap,temporary_damage,5000,22.0,5,18,2,10,0.024
random_swap,temporary_damage,5000,24.0,16,20,11,12,0.024
random_swap,temporary_damage,5000,26.0,2,18,22,14,0.024
random_swap,temporary_damage,5000,28.0,0,9,21,16,0.024
random_swap,temporary_damage,5000,30.0,1,18,20,6,0.024
random_swap,temporary_damage,5000,32.0,17,2,16,11,0.024
random_swap,temporary_damage,5000,34.0,14,12,9,17,0.024
random_swap,temporary_damage,5000,36.0,20,8,17,7,0.024
random_swap,temporary_damage,5000,38.0,21,0,23,4,0.024
random_swap,temporary_damage,5000,40.0,10,4,11,8,0.024
random_swap,temporary_damage,5000,42.0,7,9,16,23,0.024
random_swap,temporary_damage,5000,44.0,23,5,2,15,0.024
random_swap,temporary_damage,5000,46.0,19,10,16,8,0.024
random_swap,temporary_damage,5000,48.0,9,14,5,19,0.024
random_swap,temporary_damage,5000,50.0,4,3,13,7,0.024
random_swap,temporary_damage,5000,52.0,3,14,6,0,0.024
random_swap,temporary_damage,5000,54.0,11,2,3,7,0.024
random_swap,temporary_damage,5000,56.0,22,5,4,7,0.024
random_swap,temporary_damage,5000,58.0,12,20,19,16,0.024
random_swap,temporary_damage,5000,60.0,15,12,20,1,0.024
random_swap,temporary_damage,5000,62.0,6,18,2,5,0.024
random_swap,temporary_damage,5000,64.0,8,7,5,18,0.024
random_swap,temporary_damage,5000,66.0,18,10,22,1,0.024
random_swap,temporary_damage,5000,68.0,13,1,10,17,0.024
random_swap,temporary_damage,5000,70.0,5,7,17,1,0.024
random_swap,temporary_damage,5000,72.0,16,20,13,4,0.024
random_swap,temporary_damage,5000,74.0,2,7,10,11,0.024
random_swap,temporary_damage,5000,76.0,0,19,21,23,0.024
random_swap,temporary_damage,5000,78.0,1,12,4,8,0.024
random_swap,temporary_damage,5000,80.0,17,16,22,4,0.024
random_swap,temporary_damage,5000,82.0,14,18,9,23,0.024
random_swap,temporary_damage,5000,84.0,20,22,6,3,0.024
random_swap,temporary_damage,5000,86.0,21,1,14,0,0.024
random_swap,temporary_damage,5000,88.0,10,2,5,8,0.024
random_swap,temporary_damage,5000,90.0,7,1,8,12,0.024
random_swap,temporary_damage,5000,92.0,23,13,5,17,0.024
random_swap,temporary_damage,5000,94.0,19,14,22,2,0.024
random_swap,temporary_damage,5000,96.0,9,14,8,10,0.024
random_swap,temporary_damage,5000,98.0,4,0,18,7,0.024
random_swap,temporary_damage,5000,100.0,3,11,8,2,0.024
random_swap,temporary_damage,5000,102.0,11,7,4,18,0.024
random_swap,temporary_damage,5000,104.0,22,19,2,14,0.024
random_swap,temporary_damage,5000,106.0,12,3,14,15,0.024
random_swap,temporary_damage,5000,108.0,15,5,0,7,0.024
random_swap,temporary_damage,5000,110.0,6,8,17,12,0.024
random_swap,temporary_damage,5000,112.0,8,9,4,20,0.024
random_swap,temporary_damage,5000,114.0,18,22,11,0,0.024
random_swap,temporary_damage,5000,116.0,13,17,1,4,0.024
random_swap,temporary_damage,5000,118.0,5,7,0,22,0.024
recent_contact,temporary_damage,5000,2.0,4,12,17,2,0.024
recent_contact,temporary_damage,5000,4.0,3,4,23,12,0.024
recent_contact,temporary_damage,5000,6.0,11,5,20,21,0.024
recent_contact,temporary_damage,5000,8.0,22,3,8,4,0.024
recent_contact,temporary_damage,5000,10.0,12,4,22,8,0.024
recent_contact,temporary_damage,5000,12.0,15,6,16,23,0.024
recent_contact,temporary_damage,5000,14.0,6,0,15,16,0.024
recent_contact,temporary_damage,5000,16.0,8,20,5,10,0.024
recent_contact,temporary_damage,5000,18.0,18,5,20,11,0.024
recent_contact,temporary_damage,5000,20.0,13,20,23,8,0.024
recent_contact,temporary_damage,5000,22.0,5,8,14,22,0.024
recent_contact,temporary_damage,5000,24.0,16,21,2,12,0.024
recent_contact,temporary_damage,5000,26.0,2,16,22,15,0.024
recent_contact,temporary_damage,5000,28.0,0,11,6,23,0.024
recent_contact,temporary_damage,5000,30.0,1,13,4,8,0.024
recent_contact,temporary_damage,5000,32.0,17,7,2,18,0.024
recent_contact,temporary_damage,5000,34.0,14,5,19,10,0.024
recent_contact,temporary_damage,5000,36.0,20,8,21,5,0.024
recent_contact,temporary_damage,5000,38.0,21,12,17,4,0.024
recent_contact,temporary_damage,5000,40.0,10,18,9,2,0.024
recent_contact,temporary_damage,5000,42.0,7,1,23,13,0.024
recent_contact,temporary_damage,5000,44.0,23,4,8,13,0.024
recent_contact,temporary_damage,5000,46.0,19,5,21,20,0.024
recent_contact,temporary_damage,5000,48.0,9,17,5,8,0.024
recent_contact,temporary_damage,5000,50.0,4,1,22,12,0.024
recent_contact,temporary_damage,5000,52.0,3,23,13,1,0.024
recent_contact,temporary_damage,5000,54.0,11,19,22,4,0.024
recent_contact,temporary_damage,5000,56.0,22,11,14,12,0.024
recent_contact,temporary_damage,5000,58.0,12,4,8,17,0.024
recent_contact,temporary_damage,5000,60.0,15,14,20,5,0.024
recent_contact,temporary_damage,5000,62.0,6,0,8,23,0.024
recent_contact,temporary_damage,5000,64.0,8,6,0,23,0.024
recent_contact,temporary_damage,5000,66.0,18,7,10,20,0.024
recent_contact,temporary_damage,5000,68.0,13,21,10,2,0.024
recent_contact,temporary_damage,5000,70.0,5,14,19,21,0.024
recent_contact,temporary_damage,5000,72.0,16,20,7,13,0.024
recent_contact,temporary_damage,5000,74.0,2,17,16,0,0.024
recent_contact,temporary_damage,5000,76.0,0,17,22,2,0.024
recent_contact,temporary_damage,5000,78.0,1,21,4,13,0.024
recent_contact,temporary_damage,5000,80.0,17,2,0,22,0.024
recent_contact,temporary_damage,5000,82.0,14,3,8,22,0.024
recent_contact,temporary_damage,5000,84.0,20,18,10,5,0.024
recent_contact,temporary_damage,5000,86.0,21,2,1,17,0.024
recent_contact,temporary_damage,5000,88.0,10,13,3,4,0.024
recent_contact,temporary_damage,5000,90.0,7,23,13,20,0.024
recent_contact,temporary_damage,5000,92.0,23,11,15,0,0.024
recent_contact,temporary_damage,5000,94.0,19,14,21,17,0.024
recent_contact,temporary_damage,5000,96.0,9,7,15,23,0.024
recent_contact,temporary_damage,5000,98.0,4,19,8,14,0.024
recent_contact,temporary_damage,5000,100.0,3,13,7,20,0.024
recent_contact,temporary_damage,5000,102.0,11,6,23,1,0.024
recent_contact,temporary_damage,5000,104.0,22,6,0,17,0.024
recent_contact,temporary_damage,5000,106.0,12,1,23,7,0.024
recent_contact,temporary_damage,5000,108.0,15,20,23,12,0.024
recent_contact,temporary_damage,5000,110.0,6,23,11,12,0.024
recent_contact,temporary_damage,5000,112.0,8,12,1,4,0.024
recent_contact,temporary_damage,5000,114.0,18,5,22,14,0.024
recent_contact,temporary_damage,5000,116.0,13,7,2,18,0.024
recent_contact,temporary_damage,5000,118.0,5,19,18,22,0.024
experience_swap,temporary_damage,5000,2.0,4,8,9,7,0.024
experience_swap,temporary_damage,5000,4.0,3,14,18,10,0.024
experience_swap,temporary_damage,5000,6.0,11,5,22,14,0.024
experience_swap,temporary_damage,5000,8.0,22,11,10,5,0.024
experience_swap,temporary_damage,5000,10.0,12,4,13,7,0.024
experience_swap,temporary_damage,5000,12.0,15,22,19,11,0.024
experience_swap,temporary_damage,5000,14.0,6,0,7,1,0.024
experience_swap,temporary_damage,5000,16.0,8,7,1,13,0.024
experience_swap,temporary_damage,5000,18.0,18,3,15,14,0.024
experience_swap,temporary_damage,5000,20.0,13,7,23,8,0.024
experience_swap,temporary_damage,5000,22.0,5,11,10,19,0.024
experience_swap,temporary_damage,5000,24.0,16,20,5,14,0.024
experience_swap,temporary_damage,5000,26.0,2,18,4,3,0.024
experience_swap,temporary_damage,5000,28.0,0,19,2,10,0.024
experience_swap,temporary_damage,5000,30.0,1,21,13,23,0.024
experience_swap,temporary_damage,5000,32.0,17,1,20,21,0.024
experience_swap,temporary_damage,5000,34.0,14,20,8,16,0.024
experience_swap,temporary_damage,5000,36.0,20,8,21,16,0.024
experience_swap,temporary_damage,5000,38.0,21,23,16,8,0.024
experience_swap,temporary_damage,5000,40.0,10,5,6,11,0.024
experience_swap,temporary_damage,5000,42.0,7,8,9,18,0.024
experience_swap,temporary_damage,5000,44.0,23,8,18,15,0.024
experience_swap,temporary_damage,5000,46.0,19,10,21,20,0.024
experience_swap,temporary_damage,5000,48.0,9,7,18,5,0.024
experience_swap,temporary_damage,5000,50.0,4,23,8,15,0.024
experience_swap,temporary_damage,5000,52.0,3,18,6,10,0.024
experience_swap,temporary_damage,5000,54.0,11,22,8,18,0.024
experience_swap,temporary_damage,5000,56.0,22,18,13,12,0.024
experience_swap,temporary_damage,5000,58.0,12,14,10,22,0.024
experience_swap,temporary_damage,5000,60.0,15,19,14,10,0.024
experience_swap,temporary_damage,5000,62.0,6,15,19,10,0.024
experience_swap,temporary_damage,5000,64.0,8,1,21,19,0.024
experience_swap,temporary_damage,5000,66.0,18,12,21,1,0.024
experience_swap,temporary_damage,5000,68.0,13,1,4,9,0.024
experience_swap,temporary_damage,5000,70.0,5,7,6,19,0.024
experience_swap,temporary_damage,5000,72.0,16,23,2,0,0.024
experience_swap,temporary_damage,5000,74.0,2,16,21,8,0.024
experience_swap,temporary_damage,5000,76.0,0,23,19,1,0.024
experience_swap,temporary_damage,5000,78.0,1,23,15,0,0.024
experience_swap,temporary_damage,5000,80.0,17,7,1,12,0.024
experience_swap,temporary_damage,5000,82.0,14,3,9,18,0.024
experience_swap,temporary_damage,5000,84.0,20,17,12,7,0.024
experience_swap,temporary_damage,5000,86.0,21,2,19,11,0.024
experience_swap,temporary_damage,5000,88.0,10,15,5,19,0.024
experience_swap,temporary_damage,5000,90.0,7,19,5,11,0.024
experience_swap,temporary_damage,5000,92.0,23,15,22,6,0.024
experience_swap,temporary_damage,5000,94.0,19,15,23,0,0.024
experience_swap,temporary_damage,5000,96.0,9,14,10,20,0.024
experience_swap,temporary_damage,5000,98.0,4,2,3,18,0.024
experience_swap,temporary_damage,5000,100.0,3,12,17,1,0.024
experience_swap,temporary_damage,5000,102.0,11,2,9,10,0.024
experience_swap,temporary_damage,5000,104.0,22,23,0,15,0.024
experience_swap,temporary_damage,5000,106.0,12,23,11,0,0.024
experience_swap,temporary_damage,5000,108.0,15,23,0,22,0.024
experience_swap,temporary_damage,5000,110.0,6,3,22,14,0.024
experience_swap,temporary_damage,5000,112.0,8,14,3,22,0.024
experience_swap,temporary_damage,5000,114.0,18,10,14,20,0.024
experience_swap,temporary_damage,5000,116.0,13,22,8,3,0.024
experience_swap,temporary_damage,5000,118.0,5,16,19,23,0.024
random_swap,rapid_change,5000,2.0,4,12,22,15,0.024
random_swap,rapid_change,5000,4.0,3,22,21,20,0.024
random_swap,rapid_change,5000,6.0,11,6,8,20,0.024
random_swap,rapid_change,5000,8.0,22,4,1,7,0.024
random_swap,rapid_change,5000,10.0,12,23,11,5,0.024
random_swap,rapid_change,5000,12.0,15,0,2,9,0.024
random_swap,rapid_change,5000,14.0,6,22,10,5,0.024
random_swap,rapid_change,5000,16.0,8,4,6,10,0.024
random_swap,rapid_change,5000,18.0,18,10,1,17,0.024
random_swap,rapid_change,5000,20.0,13,20,23,8,0.024
random_swap,rapid_change,5000,22.0,5,18,2,10,0.024
random_swap,rapid_change,5000,24.0,16,20,11,12,0.024
random_swap,rapid_change,5000,26.0,2,18,22,14,0.024
random_swap,rapid_change,5000,28.0,0,9,21,16,0.024
random_swap,rapid_change,5000,30.0,1,18,20,6,0.024
random_swap,rapid_change,5000,32.0,17,2,16,11,0.024
random_swap,rapid_change,5000,34.0,14,12,9,17,0.024
random_swap,rapid_change,5000,36.0,20,8,17,7,0.024
random_swap,rapid_change,5000,38.0,21,0,23,4,0.024
random_swap,rapid_change,5000,40.0,10,4,11,8,0.024
random_swap,rapid_change,5000,42.0,7,9,16,23,0.024
random_swap,rapid_change,5000,44.0,23,5,2,15,0.024
random_swap,rapid_change,5000,46.0,19,10,16,8,0.024
random_swap,rapid_change,5000,48.0,9,14,5,19,0.024
random_swap,rapid_change,5000,50.0,4,3,13,7,0.024
random_swap,rapid_change,5000,52.0,3,14,6,0,0.024
random_swap,rapid_change,5000,54.0,11,2,3,7,0.024
random_swap,rapid_change,5000,56.0,22,5,4,7,0.024
random_swap,rapid_change,5000,58.0,12,20,19,16,0.024
random_swap,rapid_change,5000,60.0,15,12,20,1,0.024
random_swap,rapid_change,5000,62.0,6,18,2,5,0.024
random_swap,rapid_change,5000,64.0,8,7,5,18,0.024
random_swap,rapid_change,5000,66.0,18,10,22,1,0.024
random_swap,rapid_change,5000,68.0,13,1,10,17,0.024
random_swap,rapid_change,5000,70.0,5,7,17,1,0.024
random_swap,rapid_change,5000,72.0,16,20,13,4,0.024
random_swap,rapid_change,5000,74.0,2,7,10,11,0.024
random_swap,rapid_change,5000,76.0,0,19,21,23,0.024
random_swap,rapid_change,5000,78.0,1,12,4,8,0.024
random_swap,rapid_change,5000,80.0,17,16,22,4,0.024
random_swap,rapid_change,5000,82.0,14,18,9,23,0.024
random_swap,rapid_change,5000,84.0,20,22,6,3,0.024
random_swap,rapid_change,5000,86.0,21,1,14,0,0.024
random_swap,rapid_change,5000,88.0,10,2,5,8,0.024
random_swap,rapid_change,5000,90.0,7,1,8,12,0.024
random_swap,rapid_change,5000,92.0,23,13,5,17,0.024
random_swap,rapid_change,5000,94.0,19,14,22,2,0.024
random_swap,rapid_change,5000,96.0,9,14,8,10,0.024
random_swap,rapid_change,5000,98.0,4,0,18,7,0.024
random_swap,rapid_change,5000,100.0,3,11,8,2,0.024
random_swap,rapid_change,5000,102.0,11,7,4,18,0.024
random_swap,rapid_change,5000,104.0,22,19,2,14,0.024
random_swap,rapid_change,5000,106.0,12,3,14,15,0.024
random_swap,rapid_change,5000,108.0,15,5,0,7,0.024
random_swap,rapid_change,5000,110.0,6,8,17,12,0.024
random_swap,rapid_change,5000,112.0,8,9,4,20,0.024
random_swap,rapid_change,5000,114.0,18,22,11,0,0.024
random_swap,rapid_change,5000,116.0,13,17,1,4,0.024
random_swap,rapid_change,5000,118.0,5,7,0,22,0.024
recent_contact,rapid_change,5000,2.0,4,12,17,2,0.024
recent_contact,rapid_change,5000,4.0,3,4,23,12,0.024
recent_contact,rapid_change,5000,6.0,11,5,20,21,0.024
recent_contact,rapid_change,5000,8.0,22,3,8,4,0.024
recent_contact,rapid_change,5000,10.0,12,4,22,8,0.024
recent_contact,rapid_change,5000,12.0,15,6,16,23,0.024
recent_contact,rapid_change,5000,14.0,6,0,15,16,0.024
recent_contact,rapid_change,5000,16.0,8,20,5,10,0.024
recent_contact,rapid_change,5000,18.0,18,5,20,11,0.024
recent_contact,rapid_change,5000,20.0,13,20,23,8,0.024
recent_contact,rapid_change,5000,22.0,5,8,14,22,0.024
recent_contact,rapid_change,5000,24.0,16,21,2,12,0.024
recent_contact,rapid_change,5000,26.0,2,16,22,15,0.024
recent_contact,rapid_change,5000,28.0,0,11,6,23,0.024
recent_contact,rapid_change,5000,30.0,1,13,4,8,0.024
recent_contact,rapid_change,5000,32.0,17,7,2,18,0.024
recent_contact,rapid_change,5000,34.0,14,5,19,10,0.024
recent_contact,rapid_change,5000,36.0,20,8,21,5,0.024
recent_contact,rapid_change,5000,38.0,21,12,17,4,0.024
recent_contact,rapid_change,5000,40.0,10,18,9,2,0.024
recent_contact,rapid_change,5000,42.0,7,1,23,13,0.024
recent_contact,rapid_change,5000,44.0,23,4,8,13,0.024
recent_contact,rapid_change,5000,46.0,19,5,21,20,0.024
recent_contact,rapid_change,5000,48.0,9,17,5,8,0.024
recent_contact,rapid_change,5000,50.0,4,1,22,12,0.024
recent_contact,rapid_change,5000,52.0,3,23,20,16,0.024
recent_contact,rapid_change,5000,54.0,11,5,7,13,0.024
recent_contact,rapid_change,5000,56.0,22,4,21,1,0.024
recent_contact,rapid_change,5000,58.0,12,1,7,11,0.024
recent_contact,rapid_change,5000,60.0,15,16,18,9,0.024
recent_contact,rapid_change,5000,62.0,6,0,23,7,0.024
recent_contact,rapid_change,5000,64.0,8,23,4,12,0.024
recent_contact,rapid_change,5000,66.0,18,7,16,23,0.024
recent_contact,rapid_change,5000,68.0,13,1,6,23,0.024
recent_contact,rapid_change,5000,70.0,5,10,19,21,0.024
recent_contact,rapid_change,5000,72.0,16,8,7,23,0.024
recent_contact,rapid_change,5000,74.0,2,10,16,18,0.024
recent_contact,rapid_change,5000,76.0,0,19,13,4,0.024
recent_contact,rapid_change,5000,78.0,1,11,21,17,0.024
recent_contact,rapid_change,5000,80.0,17,8,22,6,0.024
recent_contact,rapid_change,5000,82.0,14,15,21,10,0.024
recent_contact,rapid_change,5000,84.0,20,3,21,22,0.024
recent_contact,rapid_change,5000,86.0,21,13,11,17,0.024
recent_contact,rapid_change,5000,88.0,10,20,3,22,0.024
recent_contact,rapid_change,5000,90.0,7,0,18,2,0.024
recent_contact,rapid_change,5000,92.0,23,11,5,20,0.024
recent_contact,rapid_change,5000,94.0,19,11,7,18,0.024
recent_contact,rapid_change,5000,96.0,9,7,11,21,0.024
recent_contact,rapid_change,5000,98.0,4,1,18,10,0.024
recent_contact,rapid_change,5000,100.0,3,12,7,19,0.024
recent_contact,rapid_change,5000,102.0,11,9,10,3,0.024
recent_contact,rapid_change,5000,104.0,22,20,11,6,0.024
recent_contact,rapid_change,5000,106.0,12,23,10,9,0.024
recent_contact,rapid_change,5000,108.0,15,10,4,19,0.024
recent_contact,rapid_change,5000,110.0,6,20,11,22,0.024
recent_contact,rapid_change,5000,112.0,8,22,11,18,0.024
recent_contact,rapid_change,5000,114.0,18,20,10,1,0.024
recent_contact,rapid_change,5000,116.0,13,5,14,12,0.024
recent_contact,rapid_change,5000,118.0,5,19,16,2,0.024
experience_swap,rapid_change,5000,2.0,4,8,9,7,0.024
experience_swap,rapid_change,5000,4.0,3,14,18,10,0.024
experience_swap,rapid_change,5000,6.0,11,5,22,14,0.024
experience_swap,rapid_change,5000,8.0,22,11,10,5,0.024
experience_swap,rapid_change,5000,10.0,12,4,13,7,0.024
experience_swap,rapid_change,5000,12.0,15,22,19,11,0.024
experience_swap,rapid_change,5000,14.0,6,0,7,1,0.024
experience_swap,rapid_change,5000,16.0,8,7,1,13,0.024
experience_swap,rapid_change,5000,18.0,18,3,15,14,0.024
experience_swap,rapid_change,5000,20.0,13,7,23,8,0.024
experience_swap,rapid_change,5000,22.0,5,11,10,19,0.024
experience_swap,rapid_change,5000,24.0,16,20,5,14,0.024
experience_swap,rapid_change,5000,26.0,2,18,4,3,0.024
experience_swap,rapid_change,5000,28.0,0,19,2,10,0.024
experience_swap,rapid_change,5000,30.0,1,21,13,23,0.024
experience_swap,rapid_change,5000,32.0,17,1,20,21,0.024
experience_swap,rapid_change,5000,34.0,14,20,8,16,0.024
experience_swap,rapid_change,5000,36.0,20,8,21,16,0.024
experience_swap,rapid_change,5000,38.0,21,23,16,8,0.024
experience_swap,rapid_change,5000,40.0,10,5,6,11,0.024
experience_swap,rapid_change,5000,42.0,7,8,9,18,0.024
experience_swap,rapid_change,5000,44.0,23,8,18,15,0.024
experience_swap,rapid_change,5000,46.0,19,10,21,20,0.024
experience_swap,rapid_change,5000,48.0,9,7,18,5,0.024
experience_swap,rapid_change,5000,50.0,4,23,8,15,0.024
experience_swap,rapid_change,5000,52.0,3,18,4,2,0.024
experience_swap,rapid_change,5000,54.0,11,5,2,9,0.024
experience_swap,rapid_change,5000,56.0,22,11,14,8,0.024
experience_swap,rapid_change,5000,58.0,12,14,10,6,0.024
experience_swap,rapid_change,5000,60.0,15,23,16,20,0.024
experience_swap,rapid_change,5000,62.0,6,15,19,11,0.024
experience_swap,rapid_change,5000,64.0,8,4,20,13,0.024
experience_swap,rapid_change,5000,66.0,18,8,16,21,0.024
experience_swap,rapid_change,5000,68.0,13,1,16,18,0.024
experience_swap,rapid_change,5000,70.0,5,9,10,12,0.024
experience_swap,rapid_change,5000,72.0,16,13,7,17,0.024
experience_swap,rapid_change,5000,74.0,2,18,7,16,0.024
experience_swap,rapid_change,5000,76.0,0,15,16,5,0.024
experience_swap,rapid_change,5000,78.0,1,18,5,10,0.024
experience_swap,rapid_change,5000,80.0,17,9,8,20,0.024
experience_swap,rapid_change,5000,82.0,14,6,1,0,0.024
experience_swap,rapid_change,5000,84.0,20,10,3,12,0.024
experience_swap,rapid_change,5000,86.0,21,13,4,7,0.024
experience_swap,rapid_change,5000,88.0,10,22,17,8,0.024
experience_swap,rapid_change,5000,90.0,7,2,18,9,0.024
experience_swap,rapid_change,5000,92.0,23,12,13,4,0.024
experience_swap,rapid_change,5000,94.0,19,6,16,18,0.024
experience_swap,rapid_change,5000,96.0,9,12,23,18,0.024
experience_swap,rapid_change,5000,98.0,4,21,20,9,0.024
experience_swap,rapid_change,5000,100.0,3,4,6,0,0.024
experience_swap,rapid_change,5000,102.0,11,2,12,10,0.024
experience_swap,rapid_change,5000,104.0,22,6,20,17,0.024
experience_swap,rapid_change,5000,106.0,12,13,3,14,0.024
experience_swap,rapid_change,5000,108.0,15,16,14,10,0.024
experience_swap,rapid_change,5000,110.0,6,17,19,15,0.024
experience_swap,rapid_change,5000,112.0,8,22,3,6,0.024
experience_swap,rapid_change,5000,114.0,18,6,15,17,0.024
experience_swap,rapid_change,5000,116.0,13,23,6,7,0.024
experience_swap,rapid_change,5000,118.0,5,1,14,15,0.024
random_swap,separated_resources,5000,2.0,4,12,22,15,0.024
random_swap,separated_resources,5000,4.0,3,22,21,20,0.024
random_swap,separated_resources,5000,6.0,11,6,8,20,0.024
random_swap,separated_resources,5000,8.0,22,4,1,7,0.024
random_swap,separated_resources,5000,10.0,12,23,11,5,0.024
random_swap,separated_resources,5000,12.0,15,0,2,9,0.024
random_swap,separated_resources,5000,14.0,6,22,10,5,0.024
random_swap,separated_resources,5000,16.0,8,4,6,10,0.024
random_swap,separated_resources,5000,18.0,18,10,1,17,0.024
random_swap,separated_resources,5000,20.0,13,20,23,8,0.024
random_swap,separated_resources,5000,22.0,5,18,2,10,0.024
random_swap,separated_resources,5000,24.0,16,20,11,12,0.024
random_swap,separated_resources,5000,26.0,2,18,22,14,0.024
random_swap,separated_resources,5000,28.0,0,9,21,16,0.024
random_swap,separated_resources,5000,30.0,1,18,20,6,0.024
random_swap,separated_resources,5000,32.0,17,2,16,11,0.024
random_swap,separated_resources,5000,34.0,14,12,9,17,0.024
random_swap,separated_resources,5000,36.0,20,8,17,7,0.024
random_swap,separated_resources,5000,38.0,21,0,23,4,0.024
random_swap,separated_resources,5000,40.0,10,4,11,8,0.024
random_swap,separated_resources,5000,42.0,7,9,16,23,0.024
random_swap,separated_resources,5000,44.0,23,5,2,15,0.024
random_swap,separated_resources,5000,46.0,19,10,16,8,0.024
random_swap,separated_resources,5000,48.0,9,14,5,19,0.024
random_swap,separated_resources,5000,50.0,4,3,13,7,0.024
random_swap,separated_resources,5000,52.0,3,14,6,0,0.024
random_swap,separated_resources,5000,54.0,11,2,3,7,0.024
random_swap,separated_resources,5000,56.0,22,5,4,7,0.024
random_swap,separated_resources,5000,58.0,12,20,19,16,0.024
random_swap,separated_resources,5000,60.0,15,12,20,1,0.024
random_swap,separated_resources,5000,62.0,6,18,2,5,0.024
random_swap,separated_resources,5000,64.0,8,7,5,18,0.024
random_swap,separated_resources,5000,66.0,18,10,22,1,0.024
random_swap,separated_resources,5000,68.0,13,1,10,17,0.024
random_swap,separated_resources,5000,70.0,5,7,17,1,0.024
random_swap,separated_resources,5000,72.0,16,20,13,4,0.024
random_swap,separated_resources,5000,74.0,2,7,10,11,0.024
random_swap,separated_resources,5000,76.0,0,19,21,23,0.024
random_swap,separated_resources,5000,78.0,1,12,4,8,0.024
random_swap,separated_resources,5000,80.0,17,16,22,4,0.024
random_swap,separated_resources,5000,82.0,14,18,9,23,0.024
random_swap,separated_resources,5000,84.0,20,22,6,3,0.024
random_swap,separated_resources,5000,86.0,21,1,14,0,0.024
random_swap,separated_resources,5000,88.0,10,2,5,8,0.024
random_swap,separated_resources,5000,90.0,7,1,8,12,0.024
random_swap,separated_resources,5000,92.0,23,13,5,17,0.024
random_swap,separated_resources,5000,94.0,19,14,22,2,0.024
random_swap,separated_resources,5000,96.0,9,14,8,10,0.024
random_swap,separated_resources,5000,98.0,4,0,18,7,0.024
random_swap,separated_resources,5000,100.0,3,11,8,2,0.024
random_swap,separated_resources,5000,102.0,11,7,4,18,0.024
random_swap,separated_resources,5000,104.0,22,19,2,14,0.024
random_swap,separated_resources,5000,106.0,12,3,14,15,0.024
random_swap,separated_resources,5000,108.0,15,5,0,7,0.024
random_swap,separated_resources,5000,110.0,6,8,17,12,0.024
random_swap,separated_resources,5000,112.0,8,9,4,20,0.024
random_swap,separated_resources,5000,114.0,18,22,11,0,0.024
random_swap,separated_resources,5000,116.0,13,17,1,4,0.024
random_swap,separated_resources,5000,118.0,5,7,0,22,0.024
recent_contact,separated_resources,5000,2.0,4,12,17,2,0.024
recent_contact,separated_resources,5000,4.0,3,22,1,21,0.024
recent_contact,separated_resources,5000,6.0,11,19,3,12,0.024
recent_contact,separated_resources,5000,8.0,22,6,19,10,0.024
recent_contact,separated_resources,5000,10.0,12,2,0,15,0.024
recent_contact,separated_resources,5000,12.0,15,6,5,18,0.024
recent_contact,separated_resources,5000,14.0,6,18,2,15,0.024
recent_contact,separated_resources,5000,16.0,8,20,9,18,0.024
recent_contact,separated_resources,5000,18.0,18,10,19,0,0.024
recent_contact,separated_resources,5000,20.0,13,7,15,5,0.024
recent_contact,separated_resources,5000,22.0,5,19,14,15,0.024
recent_contact,separated_resources,5000,24.0,16,8,2,6,0.024
recent_contact,separated_resources,5000,26.0,2,18,4,3,0.024
recent_contact,separated_resources,5000,28.0,0,12,1,13,0.024
recent_contact,separated_resources,5000,30.0,1,3,16,2,0.024
recent_contact,separated_resources,5000,32.0,17,9,12,13,0.024
recent_contact,separated_resources,5000,34.0,14,22,17,7,0.024
recent_contact,separated_resources,5000,36.0,20,21,3,18,0.024
recent_contact,separated_resources,5000,38.0,21,22,5,14,0.024
recent_contact,separated_resources,5000,40.0,10,2,7,22,0.024
recent_contact,separated_resources,5000,42.0,7,9,8,23,0.024
recent_contact,separated_resources,5000,44.0,23,4,2,22,0.024
recent_contact,separated_resources,5000,46.0,19,15,20,3,0.024
recent_contact,separated_resources,5000,48.0,9,13,17,4,0.024
recent_contact,separated_resources,5000,50.0,4,13,15,3,0.024
recent_contact,separated_resources,5000,52.0,3,14,15,4,0.024
recent_contact,separated_resources,5000,54.0,11,5,15,3,0.024
recent_contact,separated_resources,5000,56.0,22,4,23,9,0.024
recent_contact,separated_resources,5000,58.0,12,14,13,21,0.024
recent_contact,separated_resources,5000,60.0,15,11,1,16,0.024
recent_contact,separated_resources,5000,62.0,6,11,21,5,0.024
recent_contact,separated_resources,5000,64.0,8,4,1,15,0.024
recent_contact,separated_resources,5000,66.0,18,15,6,21,0.024
recent_contact,separated_resources,5000,68.0,13,3,9,17,0.024
recent_contact,separated_resources,5000,70.0,5,3,17,1,0.024
recent_contact,separated_resources,5000,72.0,16,23,4,14,0.024
recent_contact,separated_resources,5000,74.0,2,23,21,18,0.024
recent_contact,separated_resources,5000,76.0,0,11,2,21,0.024
recent_contact,separated_resources,5000,78.0,1,8,9,13,0.024
recent_contact,separated_resources,5000,80.0,17,3,11,21,0.024
recent_contact,separated_resources,5000,82.0,14,23,8,13,0.024
recent_contact,separated_resources,5000,84.0,20,18,14,8,0.024
recent_contact,separated_resources,5000,86.0,21,16,13,23,0.024
recent_contact,separated_resources,5000,88.0,10,7,4,16,0.024
recent_contact,separated_resources,5000,90.0,7,16,10,5,0.024
recent_contact,separated_resources,5000,92.0,23,18,3,21,0.024
recent_contact,separated_resources,5000,94.0,19,18,14,20,0.024
recent_contact,separated_resources,5000,96.0,9,8,7,10,0.024
recent_contact,separated_resources,5000,98.0,4,15,6,18,0.024
recent_contact,separated_resources,5000,100.0,3,23,5,17,0.024
recent_contact,separated_resources,5000,102.0,11,17,8,10,0.024
recent_contact,separated_resources,5000,104.0,22,15,5,16,0.024
recent_contact,separated_resources,5000,106.0,12,17,18,15,0.024
recent_contact,separated_resources,5000,108.0,15,16,14,19,0.024
recent_contact,separated_resources,5000,110.0,6,4,18,8,0.024
recent_contact,separated_resources,5000,112.0,8,4,22,5,0.024
recent_contact,separated_resources,5000,114.0,18,6,19,20,0.024
recent_contact,separated_resources,5000,116.0,13,21,17,10,0.024
recent_contact,separated_resources,5000,118.0,5,4,10,6,0.024
experience_swap,separated_resources,5000,2.0,4,12,17,2,0.024
experience_swap,separated_resources,5000,4.0,3,22,1,21,0.024
experience_swap,separated_resources,5000,6.0,11,19,3,12,0.024
experience_swap,separated_resources,5000,8.0,22,6,19,10,0.024
experience_swap,separated_resources,5000,10.0,12,2,0,15,0.024
experience_swap,separated_resources,5000,12.0,15,6,5,18,0.024
experience_swap,separated_resources,5000,14.0,6,18,2,15,0.024
experience_swap,separated_resources,5000,16.0,8,16,10,18,0.024
experience_swap,separated_resources,5000,18.0,18,15,17,1,0.024
experience_swap,separated_resources,5000,20.0,13,1,23,4,0.024
experience_swap,separated_resources,5000,22.0,5,19,13,23,0.024
experience_swap,separated_resources,5000,24.0,16,21,15,5,0.024
experience_swap,separated_resources,5000,26.0,2,18,4,1,0.024
experience_swap,separated_resources,5000,28.0,0,19,1,15,0.024
experience_swap,separated_resources,5000,30.0,1,18,14,15,0.024
experience_swap,separated_resources,5000,32.0,17,7,12,0,0.024
experience_swap,separated_resources,5000,34.0,14,3,18,16,0.024
experience_swap,separated_resources,5000,36.0,20,8,19,15,0.024
experience_swap,separated_resources,5000,38.0,21,5,23,8,0.024
experience_swap,separated_resources,5000,40.0,10,8,17,9,0.024
experience_swap,separated_resources,5000,42.0,7,13,19,23,0.024
experience_swap,separated_resources,5000,44.0,23,21,15,18,0.024
experience_swap,separated_resources,5000,46.0,19,20,16,3,0.024
experience_swap,separated_resources,5000,48.0,9,18,12,19,0.024
experience_swap,separated_resources,5000,50.0,4,17,7,19,0.024
experience_swap,separated_resources,5000,52.0,3,20,14,1,0.024
experience_swap,separated_resources,5000,54.0,11,6,10,17,0.024
experience_swap,separated_resources,5000,56.0,22,15,20,1,0.024
experience_swap,separated_resources,5000,58.0,12,9,15,23,0.024
experience_swap,separated_resources,5000,60.0,15,1,20,22,0.024
experience_swap,separated_resources,5000,62.0,6,17,23,9,0.024
experience_swap,separated_resources,5000,64.0,8,15,18,14,0.024
experience_swap,separated_resources,5000,66.0,18,19,22,1,0.024
experience_swap,separated_resources,5000,68.0,13,5,9,17,0.024
experience_swap,separated_resources,5000,70.0,5,10,19,1,0.024
experience_swap,separated_resources,5000,72.0,16,19,6,23,0.024
experience_swap,separated_resources,5000,74.0,2,9,17,5,0.024
experience_swap,separated_resources,5000,76.0,0,11,16,6,0.024
experience_swap,separated_resources,5000,78.0,1,3,8,18,0.024
experience_swap,separated_resources,5000,80.0,17,19,3,14,0.024
experience_swap,separated_resources,5000,82.0,14,12,9,13,0.024
experience_swap,separated_resources,5000,84.0,20,16,14,9,0.024
experience_swap,separated_resources,5000,86.0,21,20,16,9,0.024
experience_swap,separated_resources,5000,88.0,10,11,5,19,0.024
experience_swap,separated_resources,5000,90.0,7,0,18,3,0.024
experience_swap,separated_resources,5000,92.0,23,16,3,17,0.024
experience_swap,separated_resources,5000,94.0,19,11,17,18,0.024
experience_swap,separated_resources,5000,96.0,9,20,21,16,0.024
experience_swap,separated_resources,5000,98.0,4,8,16,0,0.024
experience_swap,separated_resources,5000,100.0,3,23,5,10,0.024
experience_swap,separated_resources,5000,102.0,11,18,9,8,0.024
experience_swap,separated_resources,5000,104.0,22,18,17,16,0.024
experience_swap,separated_resources,5000,106.0,12,15,19,17,0.024
experience_swap,separated_resources,5000,108.0,15,17,12,19,0.024
experience_swap,separated_resources,5000,110.0,6,2,18,7,0.024
experience_swap,separated_resources,5000,112.0,8,18,10,23,0.024
experience_swap,separated_resources,5000,114.0,18,6,4,16,0.024
experience_swap,separated_resources,5000,116.0,13,12,16,18,0.024
experience_swap,separated_resources,5000,118.0,5,8,10,2,0.024
random_swap,noisy_feedback,5000,2.0,4,12,22,15,0.024
random_swap,noisy_feedback,5000,4.0,3,22,21,20,0.024
random_swap,noisy_feedback,5000,6.0,11,6,8,20,0.024
random_swap,noisy_feedback,5000,8.0,22,4,1,7,0.024
random_swap,noisy_feedback,5000,10.0,12,23,11,5,0.024
random_swap,noisy_feedback,5000,12.0,15,0,2,9,0.024
random_swap,noisy_feedback,5000,14.0,6,22,10,5,0.024
random_swap,noisy_feedback,5000,16.0,8,4,6,10,0.024
random_swap,noisy_feedback,5000,18.0,18,10,1,17,0.024
random_swap,noisy_feedback,5000,20.0,13,20,23,8,0.024
random_swap,noisy_feedback,5000,22.0,5,18,2,10,0.024
random_swap,noisy_feedback,5000,24.0,16,20,11,12,0.024
random_swap,noisy_feedback,5000,26.0,2,18,22,14,0.024
random_swap,noisy_feedback,5000,28.0,0,9,21,16,0.024
random_swap,noisy_feedback,5000,30.0,1,18,20,6,0.024
random_swap,noisy_feedback,5000,32.0,17,2,16,11,0.024
random_swap,noisy_feedback,5000,34.0,14,12,9,17,0.024
random_swap,noisy_feedback,5000,36.0,20,8,17,7,0.024
random_swap,noisy_feedback,5000,38.0,21,0,23,4,0.024
random_swap,noisy_feedback,5000,40.0,10,4,11,8,0.024
random_swap,noisy_feedback,5000,42.0,7,9,16,23,0.024
random_swap,noisy_feedback,5000,44.0,23,5,2,15,0.024
random_swap,noisy_feedback,5000,46.0,19,10,16,8,0.024
random_swap,noisy_feedback,5000,48.0,9,14,5,19,0.024
random_swap,noisy_feedback,5000,50.0,4,3,13,7,0.024
random_swap,noisy_feedback,5000,52.0,3,14,6,0,0.024
random_swap,noisy_feedback,5000,54.0,11,2,3,7,0.024
random_swap,noisy_feedback,5000,56.0,22,5,4,7,0.024
random_swap,noisy_feedback,5000,58.0,12,20,19,16,0.024
random_swap,noisy_feedback,5000,60.0,15,12,20,1,0.024
random_swap,noisy_feedback,5000,62.0,6,18,2,5,0.024
random_swap,noisy_feedback,5000,64.0,8,7,5,18,0.024
random_swap,noisy_feedback,5000,66.0,18,10,22,1,0.024
random_swap,noisy_feedback,5000,68.0,13,1,10,17,0.024
random_swap,noisy_feedback,5000,70.0,5,7,17,1,0.024
random_swap,noisy_feedback,5000,72.0,16,20,13,4,0.024
random_swap,noisy_feedback,5000,74.0,2,7,10,11,0.024
random_swap,noisy_feedback,5000,76.0,0,19,21,23,0.024
random_swap,noisy_feedback,5000,78.0,1,12,4,8,0.024
random_swap,noisy_feedback,5000,80.0,17,16,22,4,0.024
random_swap,noisy_feedback,5000,82.0,14,18,9,23,0.024
random_swap,noisy_feedback,5000,84.0,20,22,6,3,0.024
random_swap,noisy_feedback,5000,86.0,21,1,14,0,0.024
random_swap,noisy_feedback,5000,88.0,10,2,5,8,0.024
random_swap,noisy_feedback,5000,90.0,7,1,8,12,0.024
random_swap,noisy_feedback,5000,92.0,23,13,5,17,0.024
random_swap,noisy_feedback,5000,94.0,19,14,22,2,0.024
random_swap,noisy_feedback,5000,96.0,9,14,8,10,0.024
random_swap,noisy_feedback,5000,98.0,4,0,18,7,0.024
random_swap,noisy_feedback,5000,100.0,3,11,8,2,0.024
random_swap,noisy_feedback,5000,102.0,11,7,4,18,0.024
random_swap,noisy_feedback,5000,104.0,22,19,2,14,0.024
random_swap,noisy_feedback,5000,106.0,12,3,14,15,0.024
random_swap,noisy_feedback,5000,108.0,15,5,0,7,0.024
random_swap,noisy_feedback,5000,110.0,6,8,17,12,0.024
random_swap,noisy_feedback,5000,112.0,8,9,4,20,0.024
random_swap,noisy_feedback,5000,114.0,18,22,11,0,0.024
random_swap,noisy_feedback,5000,116.0,13,17,1,4,0.024
random_swap,noisy_feedback,5000,118.0,5,7,0,22,0.024
recent_contact,noisy_feedback,5000,2.0,4,12,17,2,0.024
recent_contact,noisy_feedback,5000,4.0,3,22,1,21,0.024
recent_contact,noisy_feedback,5000,6.0,11,5,20,21,0.024
recent_contact,noisy_feedback,5000,8.0,22,14,0,6,0.024
recent_contact,noisy_feedback,5000,10.0,12,23,5,18,0.024
recent_contact,noisy_feedback,5000,12.0,15,6,16,23,0.024
recent_contact,noisy_feedback,5000,14.0,6,23,1,3,0.024
recent_contact,noisy_feedback,5000,16.0,8,20,5,10,0.024
recent_contact,noisy_feedback,5000,18.0,18,10,6,22,0.024
recent_contact,noisy_feedback,5000,20.0,13,7,15,16,0.024
recent_contact,noisy_feedback,5000,22.0,5,8,3,12,0.024
recent_contact,noisy_feedback,5000,24.0,16,8,3,5,0.024
recent_contact,noisy_feedback,5000,26.0,2,18,16,20,0.024
recent_contact,noisy_feedback,5000,28.0,0,15,5,21,0.024
recent_contact,noisy_feedback,5000,30.0,1,7,4,8,0.024
recent_contact,noisy_feedback,5000,32.0,17,7,14,15,0.024
recent_contact,noisy_feedback,5000,34.0,14,6,10,20,0.024
recent_contact,noisy_feedback,5000,36.0,20,11,7,8,0.024
recent_contact,noisy_feedback,5000,38.0,21,16,9,18,0.024
recent_contact,noisy_feedback,5000,40.0,10,19,1,6,0.024
recent_contact,noisy_feedback,5000,42.0,7,15,23,8,0.024
recent_contact,noisy_feedback,5000,44.0,23,3,5,8,0.024
recent_contact,noisy_feedback,5000,46.0,19,6,15,8,0.024
recent_contact,noisy_feedback,5000,48.0,9,21,8,3,0.024
recent_contact,noisy_feedback,5000,50.0,4,23,8,12,0.024
recent_contact,noisy_feedback,5000,52.0,3,21,6,18,0.024
recent_contact,noisy_feedback,5000,54.0,11,19,9,17,0.024
recent_contact,noisy_feedback,5000,56.0,22,10,20,7,0.024
recent_contact,noisy_feedback,5000,58.0,12,14,0,22,0.024
recent_contact,noisy_feedback,5000,60.0,15,13,1,10,0.024
recent_contact,noisy_feedback,5000,62.0,6,8,16,18,0.024
recent_contact,noisy_feedback,5000,64.0,8,11,13,10,0.024
recent_contact,noisy_feedback,5000,66.0,18,21,13,1,0.024
recent_contact,noisy_feedback,5000,68.0,13,8,9,11,0.024
recent_contact,noisy_feedback,5000,70.0,5,0,1,21,0.024
recent_contact,noisy_feedback,5000,72.0,16,6,11,10,0.024
recent_contact,noisy_feedback,5000,74.0,2,10,4,3,0.024
recent_contact,noisy_feedback,5000,76.0,0,21,18,8,0.024
recent_contact,noisy_feedback,5000,78.0,1,15,8,9,0.024
recent_contact,noisy_feedback,5000,80.0,17,1,11,16,0.024
recent_contact,noisy_feedback,5000,82.0,14,10,1,4,0.024
recent_contact,noisy_feedback,5000,84.0,20,22,10,4,0.024
recent_contact,noisy_feedback,5000,86.0,21,15,3,10,0.024
recent_contact,noisy_feedback,5000,88.0,10,6,23,5,0.024
recent_contact,noisy_feedback,5000,90.0,7,23,1,14,0.024
recent_contact,noisy_feedback,5000,92.0,23,12,20,6,0.024
recent_contact,noisy_feedback,5000,94.0,19,0,10,15,0.024
recent_contact,noisy_feedback,5000,96.0,9,2,6,5,0.024
recent_contact,noisy_feedback,5000,98.0,4,2,18,0,0.024
recent_contact,noisy_feedback,5000,100.0,3,16,19,10,0.024
recent_contact,noisy_feedback,5000,102.0,11,6,12,2,0.024
recent_contact,noisy_feedback,5000,104.0,22,4,1,7,0.024
recent_contact,noisy_feedback,5000,106.0,12,5,16,10,0.024
recent_contact,noisy_feedback,5000,108.0,15,19,2,0,0.024
recent_contact,noisy_feedback,5000,110.0,6,9,5,1,0.024
recent_contact,noisy_feedback,5000,112.0,8,21,9,15,0.024
recent_contact,noisy_feedback,5000,114.0,18,4,12,16,0.024
recent_contact,noisy_feedback,5000,116.0,13,9,16,4,0.024
recent_contact,noisy_feedback,5000,118.0,5,19,16,2,0.024
experience_swap,noisy_feedback,5000,2.0,4,8,9,7,0.024
experience_swap,noisy_feedback,5000,4.0,3,22,9,4,0.024
experience_swap,noisy_feedback,5000,6.0,11,5,22,14,0.024
experience_swap,noisy_feedback,5000,8.0,22,4,1,7,0.024
experience_swap,noisy_feedback,5000,10.0,12,4,13,1,0.024
experience_swap,noisy_feedback,5000,12.0,15,6,3,4,0.024
experience_swap,noisy_feedback,5000,14.0,6,4,18,5,0.024
experience_swap,noisy_feedback,5000,16.0,8,20,4,1,0.024
experience_swap,noisy_feedback,5000,18.0,18,10,1,20,0.024
experience_swap,noisy_feedback,5000,20.0,13,21,16,23,0.024
experience_swap,noisy_feedback,5000,22.0,5,14,23,8,0.024
experience_swap,noisy_feedback,5000,24.0,16,20,7,8,0.024
experience_swap,noisy_feedback,5000,26.0,2,9,8,16,0.024
experience_swap,noisy_feedback,5000,28.0,0,11,16,9,0.024
experience_swap,noisy_feedback,5000,30.0,1,18,20,8,0.024
experience_swap,noisy_feedback,5000,32.0,17,9,18,8,0.024
experience_swap,noisy_feedback,5000,34.0,14,15,9,8,0.024
experience_swap,noisy_feedback,5000,36.0,20,10,16,7,0.024
experience_swap,noisy_feedback,5000,38.0,21,16,13,12,0.024
experience_swap,noisy_feedback,5000,40.0,10,7,14,8,0.024
experience_swap,noisy_feedback,5000,42.0,7,8,5,23,0.024
experience_swap,noisy_feedback,5000,44.0,23,12,16,13,0.024
experience_swap,noisy_feedback,5000,46.0,19,10,20,21,0.024
experience_swap,noisy_feedback,5000,48.0,9,3,10,2,0.024
experience_swap,noisy_feedback,5000,50.0,4,23,20,1,0.024
experience_swap,noisy_feedback,5000,52.0,3,12,11,9,0.024
experience_swap,noisy_feedback,5000,54.0,11,22,8,23,0.024
experience_swap,noisy_feedback,5000,56.0,22,23,12,9,0.024
experience_swap,noisy_feedback,5000,58.0,12,16,10,14,0.024
experience_swap,noisy_feedback,5000,60.0,15,8,16,20,0.024
experience_swap,noisy_feedback,5000,62.0,6,0,8,11,0.024
experience_swap,noisy_feedback,5000,64.0,8,6,13,12,0.024
experience_swap,noisy_feedback,5000,66.0,18,6,16,15,0.024
experience_swap,noisy_feedback,5000,68.0,13,8,15,3,0.024
experience_swap,noisy_feedback,5000,70.0,5,4,16,18,0.024
experience_swap,noisy_feedback,5000,72.0,16,5,7,4,0.024
experience_swap,noisy_feedback,5000,74.0,2,3,20,4,0.024
experience_swap,noisy_feedback,5000,76.0,0,16,22,1,0.024
experience_swap,noisy_feedback,5000,78.0,1,16,12,22,0.024
experience_swap,noisy_feedback,5000,80.0,17,1,12,14,0.024
experience_swap,noisy_feedback,5000,82.0,14,16,21,1,0.024
experience_swap,noisy_feedback,5000,84.0,20,8,4,18,0.024
experience_swap,noisy_feedback,5000,86.0,21,14,3,8,0.024
experience_swap,noisy_feedback,5000,88.0,10,21,18,8,0.024
experience_swap,noisy_feedback,5000,90.0,7,17,0,22,0.024
experience_swap,noisy_feedback,5000,92.0,23,9,5,19,0.024
experience_swap,noisy_feedback,5000,94.0,19,9,16,22,0.024
experience_swap,noisy_feedback,5000,96.0,9,22,16,19,0.024
experience_swap,noisy_feedback,5000,98.0,4,20,7,16,0.024
experience_swap,noisy_feedback,5000,100.0,3,4,12,17,0.024
experience_swap,noisy_feedback,5000,102.0,11,3,8,4,0.024
experience_swap,noisy_feedback,5000,104.0,22,19,10,5,0.024
experience_swap,noisy_feedback,5000,106.0,12,10,7,0,0.024
experience_swap,noisy_feedback,5000,108.0,15,6,1,16,0.024
experience_swap,noisy_feedback,5000,110.0,6,16,3,4,0.024
experience_swap,noisy_feedback,5000,112.0,8,14,10,22,0.024
experience_swap,noisy_feedback,5000,114.0,18,17,0,10,0.024
experience_swap,noisy_feedback,5000,116.0,13,7,17,10,0.024
experience_swap,noisy_feedback,5000,118.0,5,4,14,3,0.024
