scenario,treatment,baseline,metric,mean,ci_low,ci_high
uniform,experience_swap,random_swap,service_fraction,0.0,0.0,0.0
uniform,experience_swap,random_swap,consumer_p10,0.0,0.0,0.0
uniform,experience_swap,random_swap,underserved_share,0.0,0.0,0.0
uniform,experience_swap,random_swap,lost,-0.3689423623369406,-0.514941711598703,-0.23267214307772546
uniform,recent_contact,random_swap,service_fraction,0.0,0.0,0.0
uniform,recent_contact,random_swap,consumer_p10,0.0,0.0,0.0
uniform,recent_contact,random_swap,underserved_share,0.0,0.0,0.0
uniform,recent_contact,random_swap,lost,-0.03955555474782675,-0.16962715220729377,0.08932940205398032
uniform,experience_swap,recent_contact,service_fraction,0.0,0.0,0.0
uniform,experience_swap,recent_contact,consumer_p10,0.0,0.0,0.0
uniform,experience_swap,recent_contact,underserved_share,0.0,0.0,0.0
uniform,experience_swap,recent_contact,lost,-0.3293868075891139,-0.4572426428652144,-0.2025570799968979
uniform,experience_swap,fixed,service_fraction,0.0010676408259747445,0.0,0.002685898398531758
uniform,experience_swap,fixed,consumer_p10,0.0012705966056505674,0.0,0.0037579864521120137
uniform,experience_swap,fixed,underserved_share,0.0,0.0,0.0
uniform,experience_swap,fixed,lost,-1.2671853871153789,-1.5886018497945502,-0.9545312253156968
persistent_damage,experience_swap,random_swap,service_fraction,0.15638988859338063,0.13380732006833185,0.17913282114716017
persistent_damage,experience_swap,random_swap,consumer_p10,0.3529619649807054,0.30833739565804946,0.3936727543365102
persistent_damage,experience_swap,random_swap,underserved_share,-0.05138888888888889,-0.0736111111111111,-0.03194444444444444
persistent_damage,experience_swap,random_swap,lost,-61.01336340949297,-67.14032170340784,-55.29559149009015
persistent_damage,recent_contact,random_swap,service_fraction,0.14707167155478174,0.12564240651317565,0.16831828665434612
persistent_damage,recent_contact,random_swap,consumer_p10,0.3289546209399533,0.28333021943469555,0.3708086994165245
persistent_damage,recent_contact,random_swap,underserved_share,-0.05138888888888889,-0.07222222222222223,-0.029166666666666667
persistent_damage,recent_contact,random_swap,lost,-54.98336423818485,-60.89649293441865,-49.256158559716745
persistent_damage,experience_swap,recent_contact,service_fraction,0.009318217038598905,0.0030602731898244965,0.01719619706466446
persistent_damage,experience_swap,recent_contact,consumer_p10,0.024007344040752106,0.006069828845854757,0.04373367163309505
persistent_damage,experience_swap,recent_contact,underserved_share,0.0,0.0,0.0
persistent_damage,experience_swap,recent_contact,lost,-6.02999917130812,-11.602186498351054,-1.1900224897314078
persistent_damage,experience_swap,fixed,service_fraction,0.183203767899569,0.1574117895426527,0.21110630243446102
persistent_damage,experience_swap,fixed,consumer_p10,0.5954386784578007,0.5259319209579773,0.66471001501333
persistent_damage,experience_swap,fixed,underserved_share,-0.18194444444444446,-0.21944444444444447,-0.14444444444444443
persistent_damage,experience_swap,fixed,lost,-62.180724768241,-66.63170649783035,-57.690304096868275
temporary_damage,experience_swap,random_swap,service_fraction,0.01631840941335238,0.009386763157319409,0.023857084581058115
temporary_damage,experience_swap,random_swap,consumer_p10,0.043947512617704874,0.02654910348885802,0.06299197578619976
temporary_damage,experience_swap,random_swap,underserved_share,0.0,0.0,0.0
temporary_damage,experience_swap,random_swap,lost,-17.474976319880348,-21.020053360135197,-14.244074130034123
temporary_damage,recent_contact,random_swap,service_fraction,0.012950778283209013,0.005742517974811912,0.020705670027441694
temporary_damage,recent_contact,random_swap,consumer_p10,0.035397750924155404,0.01720312563740985,0.05386835291120275
temporary_damage,recent_contact,random_swap,underserved_share,0.0,0.0,0.0
temporary_damage,recent_contact,random_swap,lost,-13.273277029913277,-16.739379487640512,-9.82847240082278
temporary_damage,experience_swap,recent_contact,service_fraction,0.003367631130143367,0.000874017510417002,0.007169974415318395
temporary_damage,experience_swap,recent_contact,consumer_p10,0.00854976169354947,0.0020306515423814306,0.018912439826362974
temporary_damage,experience_swap,recent_contact,underserved_share,0.0,0.0,0.0
temporary_damage,experience_swap,recent_contact,lost,-4.201699289967072,-7.450497474131259,-0.887627496945467
temporary_damage,experience_swap,fixed,service_fraction,0.04180755887181747,0.03145763694317871,0.05360532183877308
temporary_damage,experience_swap,fixed,consumer_p10,0.14240181762814624,0.10747469560788964,0.17776041012150312
temporary_damage,experience_swap,fixed,underserved_share,-0.004166666666666667,-0.01111111111111111,0.0
temporary_damage,experience_swap,fixed,lost,-18.539308756039937,-20.768965717424095,-16.35428814653804
rapid_change,experience_swap,random_swap,service_fraction,0.04980287104911775,0.03438299621175184,0.06511880616486869
rapid_change,experience_swap,random_swap,consumer_p10,0.0735065778643373,0.04728475495967516,0.09939398855175835
rapid_change,experience_swap,random_swap,underserved_share,-0.018055555555555554,-0.03333333333333333,-0.005555555555555555
rapid_change,experience_swap,random_swap,lost,-11.352670651247564,-14.735522847995703,-7.822546487090404
rapid_change,recent_contact,random_swap,service_fraction,0.04140710283722432,0.027866385248211153,0.05461117845487148
rapid_change,recent_contact,random_swap,consumer_p10,0.05597728177697349,0.024612279448856866,0.08831644611346146
rapid_change,recent_contact,random_swap,underserved_share,-0.02222222222222222,-0.03888888888888888,-0.006944444444444445
rapid_change,recent_contact,random_swap,lost,-9.619697978282208,-12.723203240048226,-6.60927840794905
rapid_change,experience_swap,recent_contact,service_fraction,0.008395768211893431,-0.006063802419684315,0.023130817132458785
rapid_change,experience_swap,recent_contact,consumer_p10,0.017529296087363814,-0.01461663501957827,0.049933852742082736
rapid_change,experience_swap,recent_contact,underserved_share,0.004166666666666667,-0.005555555555555555,0.01388888888888889
rapid_change,experience_swap,recent_contact,lost,-1.7329726729653572,-4.952979264022539,1.2808220207020404
rapid_change,experience_swap,fixed,service_fraction,0.091825593390514,0.07681321349140975,0.1067712703234933
rapid_change,experience_swap,fixed,consumer_p10,0.3229929996605107,0.27169915883488227,0.375978656181049
rapid_change,experience_swap,fixed,underserved_share,-0.15833333333333333,-0.1819444444444444,-0.13333333333333333
rapid_change,experience_swap,fixed,lost,-15.905883135849894,-18.51688624221911,-13.324769521149523
separated_resources,experience_swap,random_swap,service_fraction,0.002009002207228791,-0.006101560760589402,0.009866371467131548
separated_resources,experience_swap,random_swap,consumer_p10,-0.05344319245618641,-0.07894352059937979,-0.028901417629968257
separated_resources,experience_swap,random_swap,underserved_share,0.05972222222222222,0.036111111111111115,0.08194444444444446
separated_resources,experience_swap,random_swap,lost,-11.665435976927284,-13.362677750640442,-9.999637360313203
separated_resources,recent_contact,random_swap,service_fraction,-0.009434037962573489,-0.021602499422177755,0.0027428504807372827
separated_resources,recent_contact,random_swap,consumer_p10,-0.0788072378339719,-0.11072395595888733,-0.044988044024980724
separated_resources,recent_contact,random_swap,underserved_share,0.075,0.04583333333333334,0.10555555555555556
separated_resources,recent_contact,random_swap,lost,-14.341713101088061,-16.38370385952914,-12.457286715437542
separated_resources,experience_swap,recent_contact,service_fraction,0.01144304016980228,0.0018616846574713553,0.02192509824276847
separated_resources,experience_swap,recent_contact,consumer_p10,0.025364045377785492,-0.0032477267313357834,0.05447280903425973
separated_resources,experience_swap,recent_contact,underserved_share,-0.015277777777777779,-0.04444444444444444,0.015277777777777782
separated_resources,experience_swap,recent_contact,lost,2.6762771241607743,0.6827719786538504,4.843854432806751
separated_resources,experience_swap,fixed,service_fraction,0.029329689470368646,0.01573593193079081,0.04445610492930746
separated_resources,experience_swap,fixed,consumer_p10,0.28007340947647275,0.23176968028372272,0.3230121669730706
separated_resources,experience_swap,fixed,underserved_share,-0.0875,-0.10972222222222223,-0.06388888888888888
separated_resources,experience_swap,fixed,lost,-17.764356837202836,-21.046473507777065,-14.729370429715916
noisy_feedback,experience_swap,random_swap,service_fraction,0.1573068484385271,0.13431572528900046,0.17909455824670067
noisy_feedback,experience_swap,random_swap,consumer_p10,0.3539040911940477,0.3070592262077687,0.39752547339619987
noisy_feedback,experience_swap,random_swap,underserved_share,-0.05138888888888889,-0.07225694444444443,-0.030555555555555558
noisy_feedback,experience_swap,random_swap,lost,-60.00109819291136,-65.1969543913723,-54.650652043379445
noisy_feedback,recent_contact,random_swap,service_fraction,0.1452692286218521,0.12449071364456092,0.16653871878198276
noisy_feedback,recent_contact,random_swap,consumer_p10,0.3208735594391318,0.2769646651954415,0.36301297487640233
noisy_feedback,recent_contact,random_swap,underserved_share,-0.05138888888888889,-0.07222222222222223,-0.03190972222222241
noisy_feedback,recent_contact,random_swap,lost,-47.35499434430501,-52.651023196321624,-42.030593407787464
noisy_feedback,experience_swap,recent_contact,service_fraction,0.012037619816675029,0.0033052107319585717,0.021177808974939295
noisy_feedback,experience_swap,recent_contact,consumer_p10,0.03303053175491588,0.007864893552914226,0.06135528261720651
noisy_feedback,experience_swap,recent_contact,underserved_share,0.0,0.0,0.0
noisy_feedback,experience_swap,recent_contact,lost,-12.646103848606339,-17.704602833808504,-7.290633342578302
noisy_feedback,experience_swap,fixed,service_fraction,0.1841207277447155,0.15778787364914007,0.21000349062371748
noisy_feedback,experience_swap,fixed,consumer_p10,0.5963808046711432,0.5211035759391118,0.6641588525469434
noisy_feedback,experience_swap,fixed,underserved_share,-0.18194444444444446,-0.21944444444444447,-0.14166666666666666
noisy_feedback,experience_swap,fixed,lost,-61.16845955165938,-67.22104798663078,-54.67775432573514
