scenario,policy,n,service_fraction_mean,service_fraction_sd,consumer_p10_mean,consumer_p10_sd,underserved_share_mean,underserved_share_sd,largest_component_mean_mean,largest_component_mean_sd,source_reach_mean_mean,source_reach_mean_sd,lost_mean,lost_sd,moved_mean,moved_sd,rewiring_cost_mean,rewiring_cost_sd,swaps_mean,swaps_sd,final_old_edge_share_mean,final_old_edge_share_sd
uniform,fixed,40,0.9989323591740252,0.004715479264681608,0.9987294033943496,0.007694474073345658,0.0,0.0,1.0000000000000075,0.0,1.0000000000000075,0.0,7.5486145502128466,1.100167831242665,377.430727510642,55.00839156213323,0.0,0.0,0.0,0.0,1.0,0.0
uniform,random_swap,40,1.0,0.0,1.0,0.0,0.0,0.0,1.0000000000000075,0.0,1.0000000000000075,0.0,6.650371525434409,0.40322343870857286,332.51857627172006,20.161171935428566,1.4160000000000008,0.0,59.0,0.0,0.2098958333333333,0.05649332067898851
uniform,recent_contact,40,1.0,0.0,1.0,0.0,0.0,0.0,1.0000000000000075,0.0,1.0000000000000075,0.0,6.610815970686582,0.3322893581319016,330.5407985343288,16.614467906595056,1.4160000000000008,0.0,59.0,0.0,0.4411458333333334,0.07307103622824905
uniform,experience_swap,40,1.0,0.0,1.0,0.0,0.0,0.0,1.0000000000000075,0.0,1.0000000000000075,0.0,6.281429163097468,0.2718130805351278,314.071458154873,13.590654026756383,1.4160000000000008,0.0,59.0,0.0,0.475,0.06368184586581559
persistent_damage,fixed,40,0.8135365012072706,0.09003091155972157,0.3948484051680453,0.23686375842608834,0.18194444444444446,0.12453617650811052,1.0000000000000075,0.0,1.0000000000000075,0.0,112.82096717148556,19.48365707692656,376.56082818071843,40.86427815919345,0.0,0.0,0.0,0.0,1.0,0.0
persistent_damage,random_swap,40,0.8403503805134591,0.07589967898859022,0.6373251186451407,0.14932932082268494,0.05138888888888889,0.06935179004101484,1.0000000000000075,0.0,1.0000000000000075,0.0,111.65360581273754,17.796192083966247,359.3743414699897,16.858442524648503,1.4160000000000008,0.0,59.0,0.0,0.2098958333333333,0.05649332067898851
persistent_damage,recent_contact,40,0.9874220520682406,0.026835208990668793,0.966279739585094,0.06746602398900975,0.0,0.0,1.0000000000000075,0.0,1.0000000000000075,0.0,56.6702415745527,17.802503033459004,387.25281818194117,23.839711345745638,1.4160000000000008,0.0,59.0,0.0,0.309375,0.05286275772078254
persistent_damage,experience_swap,40,0.9967402691068397,0.014789835968498826,0.9902870836258462,0.04500397553141211,0.0,0.0,1.0000000000000075,0.0,1.0000000000000075,0.0,50.64024240324458,14.154983486865724,372.2342130707054,26.9757052858611,1.4160000000000008,0.0,59.0,0.0,0.3515625,0.05704224065252845
temporary_damage,fixed,40,0.956693896909179,0.03965932072126152,0.852816596036688,0.12206720870915021,0.004166666666666667,0.019439356273627396,1.0000000000000075,0.0,1.0000000000000075,0.0,52.87267088894487,8.872316481616995,418.8261073276052,42.93576468941315,0.0,0.0,0.0,0.0,1.0,0.0
temporary_damage,random_swap,40,0.9821830463676442,0.02211228077459796,0.9512709010471294,0.05523026758421029,0.0,0.0,1.0000000000000075,0.0,1.0000000000000075,0.0,51.80833845278528,9.589631319391604,379.23584593475755,18.604733773210413,1.4160000000000008,0.0,59.0,0.0,0.2098958333333333,0.05649332067898851
temporary_damage,recent_contact,40,0.9951338246508532,0.014804347224186738,0.9866686519712848,0.039193896227790764,0.0,0.0,1.0000000000000075,0.0,1.0000000000000075,0.0,38.535061422872,11.41630130663626,378.2567847235142,27.386227677244886,1.4160000000000008,0.0,59.0,0.0,0.371875,0.0502730259359046
temporary_damage,experience_swap,40,0.9985014557809965,0.008531404085861269,0.9952184136648341,0.027368770468335787,0.0,0.0,1.0000000000000075,0.0,1.0000000000000075,0.0,34.333362132904924,9.180600269833176,357.0418870293647,25.78944712921602,1.4160000000000008,0.0,59.0,0.0,0.38229166666666664,0.05788710584225146
rapid_change,fixed,40,0.7896904517398599,0.05268184715124219,0.395833965897335,0.1598875473090235,0.16805555555555554,0.08200508403853471,1.0000000000000075,0.0,1.0000000000000075,0.0,118.07226926892842,8.430344076551945,368.4736001247335,29.056833171262213,0.0,0.0,0.0,0.0,1.0,0.0
rapid_change,random_swap,40,0.8317131740812561,0.0432919039317747,0.6453203876935084,0.08713382857964037,0.02777777777777778,0.04872544551705718,1.0000000000000075,0.0,1.0000000000000075,0.0,113.51905678432608,9.015396487958276,357.61334749226216,13.82566168749849,1.4160000000000008,0.0,59.0,0.0,0.2098958333333333,0.05649332067898851
rapid_change,recent_contact,40,0.8731202769184805,0.03640010916561807,0.7012976694704818,0.07712792047405964,0.005555555555555555,0.016878989451394443,1.0000000000000075,0.0,1.0000000000000075,0.0,103.89935880604389,8.888289243867709,363.52205184654673,14.445322375808294,1.4160000000000008,0.0,59.0,0.0,0.2578125,0.05772105023571028
rapid_change,experience_swap,40,0.881516045130374,0.042366784672216294,0.7188269655578456,0.08537356532327581,0.00972222222222222,0.02480535176966026,1.0000000000000075,0.0,1.0000000000000075,0.0,102.16638613307853,9.413333541299437,363.58674599364133,16.179028116455918,1.4160000000000008,0.0,59.0,0.0,0.2458333333333333,0.0499732834605558
separated_resources,fixed,40,0.7079804782768611,0.04786354276560191,0.11023932739761651,0.13662814995837297,0.30416666666666664,0.07754084791847733,1.0000000000000075,0.0,1.0000000000000075,0.0,110.51794781026099,9.751871257541744,333.4646129640764,38.533069537672795,0.0,0.0,0.0,0.0,1.0,0.0
separated_resources,random_swap,40,0.735301165540001,0.02384330119603398,0.44375592933027563,0.07579846877907762,0.15694444444444444,0.06148873228105182,1.0000000000000075,0.0,1.0000000000000075,0.0,104.41902694998547,4.041204041193025,308.29754310153123,16.772977309669887,1.4160000000000008,0.0,59.0,0.0,0.2098958333333333,0.05649332067898851
separated_resources,recent_contact,40,0.7258671275774276,0.03185781615284145,0.3649486914963037,0.0740307928240782,0.23194444444444443,0.08044618766901263,1.0000000000000075,0.0,1.0000000000000075,0.0,90.07731384889739,6.529408768207905,405.584251429619,32.15100438409682,1.4160000000000008,0.0,59.0,0.0,0.2802083333333333,0.060408376973289137
separated_resources,experience_swap,40,0.7373101677472297,0.019772644530023285,0.39031273687408924,0.06719749915493684,0.21666666666666665,0.054549291451378365,1.0000000000000075,0.0,1.0000000000000075,0.0,92.75359097305817,4.197956422240058,410.6882989088178,32.508522946772494,1.4160000000000008,0.0,59.0,0.0,0.3104166666666667,0.05312526185623415
noisy_feedback,fixed,40,0.8135365012072706,0.09003091155972157,0.3948484051680453,0.23686375842608834,0.18194444444444446,0.12453617650811052,1.0000000000000075,0.0,1.0000000000000075,0.0,112.82096717148556,19.48365707692656,376.56082818071843,40.86427815919345,0.0,0.0,0.0,0.0,1.0,0.0
noisy_feedback,random_swap,40,0.8403503805134591,0.07589967898859022,0.6373251186451407,0.14932932082268494,0.05138888888888889,0.06935179004101484,1.0000000000000075,0.0,1.0000000000000075,0.0,111.65360581273754,17.796192083966247,359.3743414699897,16.858442524648503,1.4160000000000008,0.0,59.0,0.0,0.2098958333333333,0.05649332067898851
noisy_feedback,recent_contact,40,0.9856196091353111,0.029854877841544294,0.9581986780842726,0.08457005468160643,0.0,0.0,1.0000000000000075,0.0,1.0000000000000075,0.0,64.29861146843253,15.75113191423543,382.83062854357877,16.21395399185158,1.4160000000000008,0.0,59.0,0.0,0.209375,0.057771639425736585
noisy_feedback,experience_swap,40,0.9976572289519862,0.007525911326864707,0.9912292098391884,0.031398150624370715,0.0,0.0,1.0000000000000075,0.0,1.0000000000000075,0.0,51.65250761982619,14.14489627080894,381.3785688168082,22.413743451628754,1.4160000000000008,0.0,59.0,0.0,0.2942708333333333,0.06807204252589108
