dt,policy,scenario,seed,service_fraction,demand,served,stress_area,rejected,leaked,spilled,moved,cost,starvation_time,upstream_closed_delivery,downstream_closed_delivery,full_cost,full_moved,max_mass_error,max_budget_ratio
0.1,unregulated,steady,4900,0.7099198164451023,12.13721810755829,8.616451651071953,68.24016811793852,9.629261079025031,0.022103018935577385,0.03864093643133981,18.047062102650617,0.5518623538231989,7.19999999999999,0.0,0.0,0.6943125446446909,21.52647785104667,4.440892098500626e-16,0.5569280354211497
0.05,unregulated,steady,4900,0.7096205856784433,12.137218107558251,8.612819821992494,68.23691993416838,9.64936995938055,0.0195578014418273,0.03355853354363836,18.063544702864416,0.55248050407591,7.199999999999982,0.0,0.0,0.6950378780247086,21.54292969742458,4.440892098500626e-16,0.5569280354211497
0.025,unregulated,steady,4900,0.7094710338056646,12.137218107559079,8.611004678294771,68.23528694226988,9.659407566778366,0.018283278267786487,0.031035318586933647,18.071769860516635,0.5527890137416159,7.225000000000035,0.0,0.0,0.6953987338580612,21.551139479867405,4.440892098500626e-16,0.5569280354211497
0.1,rate_limiter,steady,4900,0.9573147382527016,12.13721810755829,11.619137775753115,3.816064257439317,0.0,0.2878120812975849,5.017604918792757,11.655003323839018,0.515258261131464,0.1,0.0,0.0,0.6577084519529404,15.134419072235204,4.440892098500626e-16,0.2940988494874839
0.05,rate_limiter,steady,4900,0.9572844864042458,12.137218107558251,11.618770602470212,3.8176797720494853,0.0,0.28783015977246046,5.017954013600306,11.65463495550458,0.516438191686531,0.15000000000000002,0.0,0.0,0.6589955656352877,15.134019950065516,4.440892098500626e-16,0.29401011716534114
0.025,rate_limiter,steady,4900,0.9572694275134065,12.137218107559079,11.61858782942843,3.8184839478622012,0.0,0.28783905838372065,5.018127888031195,11.65445145553698,0.5170281433023513,0.125,0.0,0.0,0.6596378634188403,15.133821074886674,4.440892098500626e-16,0.2942681407249252
0.1,ordinary_buffer,steady,4900,0.9573147382527016,12.13721810755829,11.619137775753115,3.8160642574393178,0.0,0.2843156367946451,5.021101363295569,23.47448473209124,0.8675120900040487,0.1,0.0,0.0,1.1382758673725624,31.258507443064104,4.440892098500626e-16,1.0
0.05,ordinary_buffer,steady,4900,0.9572844864042458,12.137218107558251,11.618770602470212,3.8176797720494884,0.0,0.2860815258395534,5.019702647533557,23.475508548025918,0.86989873093641,0.15000000000000002,0.0,0.0,1.1414596733362574,31.268784375608483,4.440892098500626e-16,1.0000000000000002
0.025,ordinary_buffer,steady,4900,0.9572694275134063,12.137218107559079,11.618587829428428,3.818483947862209,0.0,0.28696455592091724,5.019002390494614,23.476022041470642,0.8710922811007359,0.125,0.0,0.0,1.1430510548159545,31.273919549247214,4.440892098500626e-16,1.0000000000000002
0.1,adaptive_bridge,steady,4900,0.9371094771493633,12.13721810755829,11.373902114821734,4.895100975360223,0.0,0.2748006333300439,5.275852027691539,22.97264769739635,0.847590475709763,5.399999999999997,0.0,0.0,1.118354253078275,30.756670408369196,4.440892098500626e-16,1.0
0.05,adaptive_bridge,steady,4900,0.9371753154161672,12.137218107558251,11.37470120822572,4.891584898659805,0.0,0.27605209645303547,5.273801471164521,22.975497975638294,0.8496555084954761,5.399999999999989,0.0,0.0,1.1212164508953197,30.76877380322085,4.440892098500626e-16,1.0000000000000002
0.025,adaptive_bridge,steady,4900,0.9372074911845059,12.137218107559079,11.3750917325446,4.889866556638281,0.0,0.27663322044222566,5.272829822856996,22.976860607221855,0.8506564445031298,5.42500000000001,0.0,0.0,1.122615218218343,30.77475811499848,4.440892098500626e-16,1.0000000000000002
0.1,unregulated,bursty_supply,4900,0.40071960702655346,12.13721810755829,4.863621270456327,66.52303772682268,12.999411250183634,0.019071075244955164,0.0,17.66438189319367,0.5384374909668445,35.70000000000024,0.0,0.0,0.6740666428798752,21.14379764158976,3.3306690738754696e-16,0.5569280354211497
0.05,unregulated,bursty_supply,4900,0.3914694042600995,12.137218107558251,4.751349541940721,66.60957177419648,13.137905332745794,0.016481751795845868,0.0,17.690609796178006,0.5392792044006328,36.45000000000007,0.0,0.0,0.6752999961501869,21.169994790738443,4.440892098500626e-16,0.5569280354211497
0.025,unregulated,bursty_supply,4900,0.39100284916492256,12.137218107559079,4.74568686099169,66.61291300092562,13.149271331454752,0.01519249926133068,0.0,17.69631580788862,0.5394837227962997,36.474999999999,0.0,0.0,0.6755622323929895,21.17568542723811,4.440892098500626e-16,0.5569280354211497
0.1,rate_limiter,bursty_supply,4900,0.9573147382527016,12.13721810755829,11.619137775753115,3.816064257439317,0.0,0.2596800357865662,4.9160672500176466,11.655003323839018,0.49650637718800716,0.1,0.0,0.0,0.6321355291010348,15.134419072235204,4.440892098500626e-16,0.2940988494874839
0.05,rate_limiter,bursty_supply,4900,0.9572844864042458,12.137218107558251,11.618770602470212,3.8176797720494853,0.0,0.25970611681596095,4.916393130388212,11.65463495550458,0.4976902358825236,0.15000000000000002,0.0,0.0,0.6337110276320779,15.134019950065516,4.440892098500626e-16,0.29401011716534114
0.025,rate_limiter,bursty_supply,4900,0.9572694275134065,12.137218107559079,11.61858782942843,3.8184839478622012,0.0,0.2597489924987003,4.916541989284607,11.65445145553698,0.49830213495518566,0.125,0.0,0.0,0.6343806445518732,15.133821074886674,4.440892098500626e-16,0.2942681407249252
0.1,ordinary_buffer,bursty_supply,4900,0.9573147382527016,12.13721810755829,11.619137775753115,3.8160642574393178,0.0,0.2561170141498423,4.919526285203498,23.47437446080895,0.848712519823651,0.1,0.0,0.0,1.1130829713921497,31.254108485316124,4.440892098500626e-16,1.0
0.05,ordinary_buffer,bursty_supply,4900,0.9572844864042458,12.137218107558251,11.618770602470212,3.8176797720494884,0.0,0.25792427262169004,4.918122981370562,23.47541179225168,0.8511257339454148,0.15000000000000002,0.0,0.0,1.1162992431424592,31.26438067457168,4.440892098500626e-16,1.0
0.025,ordinary_buffer,bursty_supply,4900,0.9572694275134063,12.137218107559079,11.618587829428428,3.818483947862209,0.0,0.25885804922091893,4.91740693400995,23.475931654601933,0.8523526010152699,0.125,0.0,0.0,1.1177858700600707,31.26936460981964,4.440892098500626e-16,1.0000000000000002
0.1,adaptive_bridge,bursty_supply,4900,0.9371094771493633,12.13721810755829,11.373902114821734,4.895100975360223,0.0,0.24668540573405665,5.174193554550669,22.972310252998223,0.8288396786960123,5.399999999999997,0.0,0.0,1.093210130264511,30.752044277505377,4.440892098500626e-16,1.0
0.05,adaptive_bridge,bursty_supply,4900,0.9371753154161672,12.137218107558251,11.37470120822572,4.891584898659805,0.0,0.24792812157167746,5.17218852666507,22.975204345264075,0.830898789160275,5.399999999999989,0.0,0.0,1.0960722983573186,30.764173227584063,4.440892098500626e-16,1.0
0.025,adaptive_bridge,bursty_supply,4900,0.9372074911845059,12.137218107559079,11.3750917325446,4.889866556638281,0.0,0.2485246587088006,5.171236421405877,22.97658652282023,0.8319098835207672,5.42500000000001,0.0,0.0,1.0973431525655695,30.77001947803804,4.440892098500626e-16,1.0000000000000002
0.1,unregulated,upstream_windows,4900,0.34096140204452013,12.13721810755829,4.138322902873212,68.19891383119565,12.051575086819675,0.20336273563721305,0.15715918842085452,16.189897989692966,0.6180137819275817,40.0000000000003,0.0,0.0,0.7821213289275919,20.463971289018083,4.440892098500626e-16,0.5569280354211497
0.05,unregulated,upstream_windows,4900,0.3405210260795618,12.137218107558251,4.132977963737173,68.21124737776073,12.080589467461017,0.2034774759514705,0.15712807998969947,16.213567431198424,0.6204271432076784,39.999999999999865,0.0,0.0,0.784115960393544,20.465841236190734,2.220446049250313e-16,0.5569280354211497
0.025,unregulated,upstream_windows,4900,0.34020727981963994,12.137218107559079,4.129169956950352,68.21696185773976,12.084397474248084,0.20350215440626276,0.15711627137941786,16.213567431197863,0.621259360011623,39.9999999999988,0.0,0.0,0.7849462041657826,20.460157919495817,2.220446049250313e-16,0.5569280354211497
0.1,rate_limiter,upstream_windows,4900,0.6294887814360404,12.13721810755829,7.640242636550312,20.856042195017924,0.0,0.2596266433890527,9.153821528630488,7.541229474400447,0.3923571491404894,25.700000000000095,0.0,0.0,0.5120302672797212,10.097079377415684,4.440892098500626e-16,0.3251332721993786
0.05,rate_limiter,upstream_windows,4900,0.6295089358880699,12.137218107558251,7.640487255530408,20.858313517308584,0.0,0.25963545564749596,9.131952306883827,7.553610476060646,0.3934933785976102,25.80000000000023,0.0,0.0,0.5132530346286541,10.108648985836398,4.440892098500626e-16,0.3262066326809054
0.025,rate_limiter,upstream_windows,4900,0.6298685632240608,12.137218107559079,7.644852130945291,20.83838232798807,0.0,0.2596561373872558,9.121565105230413,7.5581001804699595,0.39401058396870076,25.899999999999597,0.0,0.0,0.5138215835722592,10.11199066002782,4.440892098500626e-16,0.3263381566654204
0.1,ordinary_buffer,upstream_windows,4900,0.9572785653888458,12.13721810755829,11.618698737814922,3.8232492361242065,0.0,0.2343722894421406,5.201632557766544,23.231532704747018,0.8269341522227998,0.2,5.901068584934892,0.0,1.074841226297326,30.699548402436438,4.440892098500626e-16,1.0000000000000002
0.05,ordinary_buffer,upstream_windows,4900,0.9572528713767535,12.137218107558251,11.618386883986062,3.8240268556066113,0.0,0.23608706215571396,5.198216211698136,23.265762379223553,0.8302802117535468,0.15000000000000002,5.897778863792949,0.0,1.079965244467444,30.76913447181635,4.440892098500626e-16,1.0000000000000002
0.025,ordinary_buffer,upstream_windows,4900,0.9572388082194772,12.137218107559079,11.618216196379711,3.8246638508832316,0.0,0.23635602763707278,5.196618781393455,23.265345240917043,0.8310351875792705,0.15,5.8971143559638355,0.0,1.0813298085655174,30.778720534700742,4.440892098500626e-16,1.0000000000000002
0.1,adaptive_bridge,upstream_windows,4900,0.9369966931413354,12.13721810755829,11.372533230717254,4.906377276497601,0.0,0.2219587421348312,5.460211612171522,22.725597074181003,0.8049606049747502,5.399999999999997,5.791837157265887,0.0,1.0529625651515147,30.193486992173796,4.440892098500626e-16,1.0000000000000002
0.05,adaptive_bridge,upstream_windows,4900,0.9370765326104352,12.137218107558251,11.373502259767275,4.901518993443497,0.0,0.2234091159437517,5.453741552860648,22.76239077020417,0.8081731608383496,5.449999999999989,5.787556312967335,0.0,1.0579230457498907,30.265647431232992,4.440892098500626e-16,1.0000000000000002
0.025,adaptive_bridge,upstream_windows,4900,0.9371119894059392,12.137218107559079,11.373932606628477,4.899511427609237,0.0,0.22369367889605396,5.451594998586457,22.76408160528924,0.8089847499572955,5.45000000000001,5.787030539340385,0.0,1.059315935447307,30.27655370055086,4.440892098500626e-16,1.0000000000000002
0.1,unregulated,global_outage,4900,0.34096140204452013,12.13721810755829,4.138322902873212,68.19891383119565,12.051575086819675,0.20336273563721305,0.15715918842085452,16.189897989692966,0.6180137819275817,40.0000000000003,0.0,0.0,0.7821213289275919,20.463971289018083,4.440892098500626e-16,0.5569280354211497
0.05,unregulated,global_outage,4900,0.3405210260795618,12.137218107558251,4.132977963737173,68.21124737776073,12.080589467461017,0.2034774759514705,0.15712807998969947,16.213567431198424,0.6204271432076784,39.999999999999865,0.0,0.0,0.784115960393544,20.465841236190734,2.220446049250313e-16,0.5569280354211497
0.025,unregulated,global_outage,4900,0.34020727981963994,12.137218107559079,4.129169956950352,68.21696185773976,12.084397474248084,0.20350215440626276,0.15711627137941786,16.213567431197863,0.621259360011623,39.9999999999988,0.0,0.0,0.7849462041657826,20.460157919495817,2.220446049250313e-16,0.5569280354211497
0.1,rate_limiter,global_outage,4900,0.6294887814360404,12.13721810755829,7.640242636550312,20.856042195017924,0.0,0.2596266433890527,9.153821528630488,7.541229474400447,0.3923571491404894,25.700000000000095,0.0,0.0,0.5120302672797212,10.097079377415684,4.440892098500626e-16,0.3251332721993786
0.05,rate_limiter,global_outage,4900,0.6295089358880699,12.137218107558251,7.640487255530408,20.858313517308584,0.0,0.25963545564749596,9.131952306883827,7.553610476060646,0.3934933785976102,25.80000000000023,0.0,0.0,0.5132530346286541,10.108648985836398,4.440892098500626e-16,0.3262066326809054
0.025,rate_limiter,global_outage,4900,0.6298685632240608,12.137218107559079,7.644852130945291,20.83838232798807,0.0,0.2596561373872558,9.121565105230413,7.5581001804699595,0.39401058396870076,25.899999999999597,0.0,0.0,0.5138215835722592,10.11199066002782,4.440892098500626e-16,0.3263381566654204
0.1,ordinary_buffer,global_outage,4900,0.6294369047354994,12.13721810755829,7.639612997721145,20.86250574692001,0.0,0.254253204514621,9.160850460882935,15.246623836210558,0.6199380515198276,25.700000000000095,0.0,0.0,0.8309425879265085,21.114391603039785,4.440892098500626e-16,1.0
0.05,ordinary_buffer,global_outage,4900,0.6294880901232426,12.137218107558251,7.64023424593608,20.86102517154391,0.0,0.2566792581154142,9.139469849370592,15.273153065227316,0.6231093148579967,25.80000000000023,0.0,0.0,0.8358407873818948,21.180572429292802,4.440892098500626e-16,1.0
0.025,ordinary_buffer,global_outage,4900,0.6298584610780171,12.137218107559079,7.644729518995405,20.83970103437936,0.0,0.25788492074548935,9.127699489304623,15.282282346044763,0.6245554291972911,25.899999999999597,0.0,0.0,0.8380382515281187,21.206703605715006,4.440892098500626e-16,1.0
0.1,adaptive_bridge,global_outage,4900,0.3498626896085772,12.13721810755829,4.246359771476269,35.36259273919684,0.0,0.19649886834984434,12.563984688920948,8.52649992997644,0.3859253226072291,41.50000000000032,0.0,0.0,0.5633738751602191,13.317132136617213,2.220446049250313e-16,1.0
0.05,adaptive_bridge,global_outage,4900,0.3528508757112862,12.137218107558251,4.282628037950809,35.203031005536694,0.0,0.1968700569739723,12.531720835808187,8.594637661934811,0.38864772127872255,41.54999999999978,0.0,0.0,0.5693661986328026,13.487491512797357,4.440892098500626e-16,1.0
0.025,adaptive_bridge,global_outage,4900,0.35428243671379817,12.137218107559079,4.300003206072865,35.112614439879046,0.0,0.1970687577606572,12.512555523159428,8.62972163800989,0.39005087451553194,41.474999999998715,0.0,0.0,0.5719021669484102,13.55735380699489,4.440892098500626e-16,1.0000000000000002
0.1,unregulated,delayed_sensor,4900,0.6587947724005027,12.13721810755829,7.9959358407441234,68.24016811793852,10.249776889352862,0.022103018935577385,0.03864093643133981,18.047062102650617,0.5518623538231989,15.199999999999962,0.0,0.0,0.6943125446446909,21.52647785104667,4.440892098500626e-16,0.5569280354211497
0.05,unregulated,delayed_sensor,4900,0.6584955416338504,12.137218107558251,7.992304011664747,68.23691993416838,10.269885769708212,0.0195578014418273,0.03355853354363836,18.063544702864416,0.55248050407591,15.200000000000081,0.0,0.0,0.6950378780247086,21.54292969742458,4.440892098500626e-16,0.5569280354211497
0.025,unregulated,delayed_sensor,4900,0.6583459897610672,12.137218107559079,7.990488867966929,68.23528694226988,10.279923377105789,0.018283278267786487,0.031035318586933647,18.071769860516635,0.5527890137416159,15.225000000000149,0.0,0.0,0.6953987338580612,21.551139479867405,4.440892098500626e-16,0.5569280354211497
0.1,rate_limiter,delayed_sensor,4900,0.8989988134485736,12.13721810755829,10.911344677261445,10.86149376180895,0.3377969210567251,0.2805716357928202,5.394841541732414,11.27777603383367,0.504010666866237,3.800000000000002,0.0,0.0,0.6464608576877198,14.757191782229702,4.440892098500626e-16,0.33852927467138477
0.05,rate_limiter,delayed_sensor,4900,0.898310106332427,12.137218107558251,10.902985688780511,10.97251464768031,0.3470811108795936,0.28055462912532736,5.393933347057686,11.27866915595966,0.5051877923484993,4.049999999999994,0.0,0.0,0.6477451662972689,14.75805415052028,4.440892098500626e-16,0.34219621893077656
0.025,rate_limiter,delayed_sensor,4900,0.8979652524189957,12.137218107559079,10.898800121618693,11.027945337959288,0.351709978682458,0.2805457335718532,5.393498941970337,11.27909651787945,0.5057755191349808,4.199999999999992,0.0,0.0,0.6483852392514706,14.758466137229114,4.440892098500626e-16,0.34219621893077656
0.1,ordinary_buffer,delayed_sensor,4900,0.8989988134485735,12.13721810755829,10.911344677261443,10.861493761808957,0.33779692105672576,0.2771836316522822,5.398229545872903,22.72012996159923,0.8450229540556555,3.800000000000002,0.0,0.0,1.1157867314241672,30.50415267257208,4.440892098500626e-16,1.0
0.05,ordinary_buffer,delayed_sensor,4900,0.8983101063324269,12.137218107558251,10.90298568878051,10.972514647680324,0.3470811108795947,0.27885877578054685,5.395629200402631,22.72362427263044,0.8474059617426534,4.049999999999994,0.0,0.0,1.1189669041424968,30.51690010021304,4.440892098500626e-16,1.0000000000000002
0.025,ordinary_buffer,delayed_sensor,4900,0.8979652524189953,12.137218107559079,10.898800121618688,11.027945337959338,0.3517099786824618,0.27969662352258867,5.394348052020041,22.725334560621608,0.8485966082785424,4.199999999999992,0.0,0.0,1.1205553819937701,30.523232068399107,4.440892098500626e-16,1.0000000000000002
0.1,adaptive_bridge,delayed_sensor,4900,0.8316640098977705,12.13721810755829,10.094087480335757,14.420414095309388,0.333219211276605,0.24793343569245752,6.249314648538569,21.040693816530634,0.7799989190756674,14.999999999999963,0.0,0.0,1.0507626964441739,28.82471652750349,4.440892098500626e-16,1.0
0.05,adaptive_bridge,delayed_sensor,4900,0.8301296254317466,12.137218107558251,10.075464321410744,14.573522633977129,0.3421228515281839,0.2481935994494278,6.258774003454993,21.02145009412991,0.7806919693355757,15.050000000000079,0.0,0.0,1.0522529117354082,28.814725921712515,4.440892098500626e-16,1.0000000000000002
0.025,adaptive_bridge,delayed_sensor,4900,0.8293722897406814,12.137218107559079,10.066272372948333,14.649138810548113,0.3465233559274735,0.24825642709779683,6.2635026198701285,21.011900805421543,0.7809948372970509,15.100000000000147,0.0,0.0,1.052953611012255,28.809798313199117,4.440892098500626e-16,1.0000000000000002
0.1,unregulated,insufficient_capacity,4900,0.2626235839442227,12.13721810755829,3.1875197185196744,68.60333752264884,15.070140899324803,0.020088832009100714,0.028707235610147652,18.058751620513487,0.5510403323339852,67.80000000000042,0.0,0.0,0.6934905231554772,21.53816736890954,4.440892098500626e-16,0.5569280354211497
0.05,unregulated,insufficient_capacity,4900,0.2624053125025952,12.137218107558251,3.18487051042598,68.59587274815766,15.089120858381392,0.017558338562892788,0.023756408989095368,18.075092201576627,0.5516622787821531,67.79999999999829,0.0,0.0,0.6942196527309518,21.55447719613679,4.440892098500626e-16,0.5569280354211497
0.025,unregulated,insufficient_capacity,4900,0.2622973640489597,12.137218107559079,3.1835603165000492,68.59191117871593,15.09860941508968,0.016291112040161645,0.02126999829771381,18.083275290408174,0.5519735718008527,67.8249999999983,0.0,0.0,0.6945832919172982,21.562644909758948,4.440892098500626e-16,0.5569280354211497
0.1,rate_limiter,insufficient_capacity,4900,0.40970326485447905,12.13721810755829,4.972657884917533,31.233463722174577,0.0,0.25272008174902894,11.88813005069936,4.773755135045825,0.31020751058360946,67.10000000000046,0.0,0.0,0.4526577014050966,8.25317088344186,4.440892098500626e-16,0.20469143782729615
0.05,rate_limiter,insufficient_capacity,4900,0.40970168958924735,12.137218107558251,4.9726387655798225,31.210123226402338,0.0,0.25272348897070446,11.893469541202704,4.773750442723296,0.31070994012733194,67.14999999999833,0.0,0.0,0.45326731407610904,8.253135437283936,4.440892098500626e-16,0.204691385089364
0.025,rate_limiter,insufficient_capacity,4900,0.40970090150367944,12.137218107559079,4.972629200413737,31.198453001221914,0.0,0.25272519914548114,11.89613928542703,4.773748095240156,0.3109611559249306,67.17499999999815,0.0,0.0,0.45357087604142016,8.253117714589909,4.440892098500626e-16,0.20469135872236885
0.1,ordinary_buffer,insufficient_capacity,4900,0.40970326485447905,12.13721810755829,4.972657884917533,31.233463722174584,0.0,0.2512828316186948,11.878863126171378,9.724755208799694,0.45777948976049626,67.10000000000046,0.0,0.0,0.7285432671289981,17.508777919772555,4.440892098500626e-16,1.0
0.05,ordinary_buffer,insufficient_capacity,4900,0.40970168958924724,12.137218107558251,4.972638765579822,31.210123226402345,0.0,0.2520050503395559,11.88883509183625,9.720123538417806,0.4586222098317716,67.14999999999833,0.0,0.0,0.7301831522315957,17.51339936600037,4.440892098500626e-16,1.0000000000000002
0.025,ordinary_buffer,insufficient_capacity,4900,0.40970090150367927,12.137218107559079,4.972629200413735,31.19845300122192,0.0,0.25236581037360695,11.89382203001105,9.717807346805412,0.4590433499419203,67.17499999999815,0.0,0.0,0.7310021236571072,17.515704854582978,4.440892098500626e-16,1.0000000000000002
0.1,adaptive_bridge,insufficient_capacity,4900,0.2312085136347481,12.13721810755829,2.8062281583093025,40.19011392453127,0.0,0.18567193271632998,14.446312133288929,4.987406854047604,0.2723672374027345,67.60000000000043,0.0,0.0,0.5431310147712369,12.771429565020492,4.440892098500626e-16,1.0
0.05,adaptive_bridge,insufficient_capacity,4900,0.23117473380772804,12.137218107558251,2.8058181651811154,40.16111347331746,0.0,0.1856647349273379,14.46254575889583,4.977849678759896,0.2723564354344555,67.6499999999983,0.0,0.0,0.5439173778342796,12.771125506342466,4.440892098500626e-16,1.0000000000000002
0.025,adaptive_bridge,insufficient_capacity,4900,0.23115772077091667,12.137218107559079,2.805611674242855,40.14661982862179,0.0,0.18566128205782112,14.470664902858653,4.973068408139581,0.2723509174269798,67.64999999999826,0.0,0.0,0.5443096911421663,12.770965915917145,4.440892098500626e-16,1.0000000000000002
