n,scenario,dt,seeds,cost_factor,metric,delta,ci_low,ci_high
96,persistent_damage,0.2,30,1,service,-0.0013159683810824293,-0.007739556563578172,0.004912747890498538
96,persistent_damage,0.2,30,1,p10,-0.011925467160328577,-0.053337976832466015,0.029913520467464483
96,persistent_damage,0.2,30,1,messages,-564.5333333333333,-1184.8,60.839999999999414
96,persistent_damage,0.2,30,1,swaps,-70.46666666666667,-81.6,-59.46583333333335
96,persistent_damage,0.2,30,1,resource_cost,-1.6911999999999996,-1.9640199999999997,-1.4264000000000001
96,persistent_damage,0.2,30,1,cost_fraction,-0.0008008800339318228,-0.0009255237398208528,-0.0006765891796883187
96,persistent_damage,0.2,30,1,success_fraction,-0.07501171404071655,-0.09366042487667414,-0.056311796816912334
96,persistent_damage,0.2,30,5,service,0.0005129948151328834,-0.009047591602755787,0.00934738197983011
96,persistent_damage,0.2,30,5,p10,0.0044448606179499275,-0.05822464222062301,0.07106692274908923
96,persistent_damage,0.2,30,5,messages,-98.93333333333334,-592.2933333333333,410.9466666666665
96,persistent_damage,0.2,30,5,swaps,-57.766666666666666,-69.43333333333334,-46.2
96,persistent_damage,0.2,30,5,resource_cost,-6.931999999999999,-8.2681,-5.5599
96,persistent_damage,0.2,30,5,cost_fraction,-0.003280068217561514,-0.003907699813148223,-0.002632609910510166
96,persistent_damage,0.2,30,5,success_fraction,-0.0755846473215353,-0.09167802603086128,-0.05815224462388966
96,persistent_damage,0.2,30,20,service,0.006739954318067813,-0.003323393297105655,0.016419921328300363
96,persistent_damage,0.2,30,20,p10,0.025236646707528787,-0.0074314080102292224,0.06014275971210744
96,persistent_damage,0.2,30,20,messages,1146.4,824.78,1458.7066666666663
96,persistent_damage,0.2,30,20,swaps,-23.4,-35.33416666666667,-10.1
96,persistent_damage,0.2,30,20,resource_cost,-11.231999999999998,-16.8004,-4.96
96,persistent_damage,0.2,30,20,cost_fraction,-0.005331582156355536,-0.0080583894820089,-0.0023460914490298617
96,persistent_damage,0.2,30,20,success_fraction,-0.046340637833822015,-0.06385371816130246,-0.027034747965449562
96,repeated_damage,0.2,30,1,service,-0.00044306269758314086,-0.004920985576810939,0.004623014519503613
96,repeated_damage,0.2,30,1,p10,-0.0012586974084086776,-0.027209056389719464,0.029215622080033036
96,repeated_damage,0.2,30,1,messages,-618.1333333333333,-1180.0466666666666,-15.453333333333527
96,repeated_damage,0.2,30,1,swaps,-63.56666666666667,-75.5675,-51.53333333333333
96,repeated_damage,0.2,30,1,resource_cost,-1.5255999999999998,-1.8207999999999995,-1.2440000000000002
96,repeated_damage,0.2,30,1,cost_fraction,-0.0007220983150116506,-0.0008653056504944718,-0.0005869693652330851
96,repeated_damage,0.2,30,1,success_fraction,-0.06555959423598057,-0.07930868221764405,-0.05177460366887305
96,repeated_damage,0.2,30,5,service,-0.002512570468887602,-0.008450843824426709,0.003386241942917966
96,repeated_damage,0.2,30,5,p10,-0.016537818056284292,-0.04427028724316037,0.009018887208489357
96,repeated_damage,0.2,30,5,messages,-291.46666666666664,-785.8733333333333,207.25333333333253
96,repeated_damage,0.2,30,5,swaps,-55.43333333333333,-67.43333333333334,-43.8
96,repeated_damage,0.2,30,5,resource_cost,-6.652,-8.0481,-5.231999999999999
96,repeated_damage,0.2,30,5,cost_fraction,-0.003147172402087187,-0.003842573958071342,-0.0024863531210838085
96,repeated_damage,0.2,30,5,success_fraction,-0.06594806870688742,-0.08145175678908408,-0.05022014064493032
96,repeated_damage,0.2,30,20,service,0.001003421755471375,-0.0032893499992253956,0.005487928671351573
96,repeated_damage,0.2,30,20,p10,0.0028166694761811413,-0.021914747580173116,0.02688525214732768
96,repeated_damage,0.2,30,20,messages,605.6,332.52000000000004,903.2199999999998
96,repeated_damage,0.2,30,20,swaps,-26.4,-35.96666666666667,-16.13250000000001
96,repeated_damage,0.2,30,20,resource_cost,-12.671999999999997,-17.311999999999994,-7.824
96,repeated_damage,0.2,30,20,cost_fraction,-0.005998126195308967,-0.008238061532602306,-0.0037742291582935003
96,repeated_damage,0.2,30,20,success_fraction,-0.045161509311100946,-0.059942428823727176,-0.030340361011408554
96,scarcity,0.2,30,1,service,0.0003673597599910927,-0.0006568005589226366,0.0014256616921592483
96,scarcity,0.2,30,1,p10,0.01155201632742583,-0.004713936607857073,0.03509029472146329
96,scarcity,0.2,30,1,messages,6833.333333333333,6540.533333333334,7115.466666666666
96,scarcity,0.2,30,1,swaps,-11.133333333333333,-19.90083333333333,-2.2325000000000124
96,scarcity,0.2,30,1,resource_cost,-0.26719999999999994,-0.48802000000000006,-0.05520000000000003
96,scarcity,0.2,30,1,cost_fraction,-0.00023171844648614274,-0.00041292270669859865,-5.684147145672397e-05
96,scarcity,0.2,30,1,success_fraction,-0.04619171718038224,-0.05924577662102265,-0.03411275352910771
96,scarcity,0.2,30,5,service,3.2827076210073526e-05,-0.0006710881890593583,0.0007184192817575457
96,scarcity,0.2,30,5,p10,0.010954681767136817,-0.005708871303097793,0.03724281002100975
96,scarcity,0.2,30,5,messages,6714.4,6361.593333333333,7078.406666666666
96,scarcity,0.2,30,5,swaps,-6.3,-11.333333333333334,-1.8
96,scarcity,0.2,30,5,resource_cost,-0.7559999999999998,-1.3559999999999994,-0.2159999999999998
96,scarcity,0.2,30,5,cost_fraction,-0.00065738312136139,-0.0011674821738030545,-0.0001884344204550312
96,scarcity,0.2,30,5,success_fraction,-0.030015195062689994,-0.03849518881959752,-0.02267100015834512
96,scarcity,0.2,30,20,service,0.0002045967598695279,-0.0005180272809453027,0.0008833605811125981
96,scarcity,0.2,30,20,p10,0.0003151057131094004,-0.00032594443858258745,0.0011416939303108588
96,scarcity,0.2,30,20,messages,6117.333333333333,5823.453333333333,6426.413333333333
96,scarcity,0.2,30,20,swaps,-1.3333333333333333,-4.0675,1.1333333333333333
96,scarcity,0.2,30,20,resource_cost,-0.6399999999999999,-1.9039999999999997,0.5280000000000002
96,scarcity,0.2,30,20,cost_fraction,-0.0005542542345189212,-0.0017075733810374093,0.00045895530024645377
96,scarcity,0.2,30,20,success_fraction,-0.008862418604893065,-0.014533290356004362,-0.0041596290786585
96,uniform,0.2,30,1,service,6.051699447462422e-06,-0.0038092669146310835,0.0033220257172194485
96,uniform,0.2,30,1,p10,-0.007363905705417968,-0.03410835634024853,0.015750591859536617
96,uniform,0.2,30,1,messages,-2157.0666666666666,-2612.286666666667,-1659.1733333333339
96,uniform,0.2,30,1,swaps,-73.53333333333333,-85.36666666666666,-60.7
96,uniform,0.2,30,1,resource_cost,-1.7647999999999997,-2.04402,-1.4744
96,uniform,0.2,30,1,cost_fraction,-0.0008348631142506023,-0.0009745907463393201,-0.0006938964660943726
96,uniform,0.2,30,1,success_fraction,-0.021730098851709446,-0.04157631946782192,-0.0023326858518458457
96,uniform,0.2,30,5,service,-1.392243324464341e-06,-0.0027904322951457492,0.002958781514007431
96,uniform,0.2,30,5,p10,-0.010997818051400043,-0.03979247375464579,0.010239397583112689
96,uniform,0.2,30,5,messages,-2134.4,-2564.5466666666666,-1671.986666666667
96,uniform,0.2,30,5,swaps,-65.7,-76.76666666666667,-54.233333333333334
96,uniform,0.2,30,5,resource_cost,-7.8839999999999995,-9.228100000000001,-6.515800000000002
96,uniform,0.2,30,5,cost_fraction,-0.003727371312883885,-0.004350750541073038,-0.0030802620437078566
96,uniform,0.2,30,5,success_fraction,-0.01295931012296271,-0.028909804562137337,0.00187418064365292
96,uniform,0.2,30,20,service,0.003646334413477766,-0.00011581666335051089,0.007632608876721716
96,uniform,0.2,30,20,p10,0.008971354307314364,-0.020032622157967476,0.04014873990794573
96,uniform,0.2,30,20,messages,-1853.0666666666666,-2207.2066666666665,-1456.8
96,uniform,0.2,30,20,swaps,-44.233333333333334,-54.7,-33.76583333333335
96,uniform,0.2,30,20,resource_cost,-21.231999999999996,-26.368,-16.335999999999995
96,uniform,0.2,30,20,cost_fraction,-0.010031838676180323,-0.012429931967831327,-0.00770179213187108
96,uniform,0.2,30,20,success_fraction,-0.004771178632605714,-0.023809685907935436,0.015278789391334799
960,persistent_damage,0.2,30,1,service,0.0014309902281454715,-0.0014747463593095538,0.004565591734890464
960,persistent_damage,0.2,30,1,p10,-0.00467137578471248,-0.023222741724889813,0.013630175456584544
960,persistent_damage,0.2,30,1,messages,2257.3333333333335,270.90000000000003,4212.966666666664
960,persistent_damage,0.2,30,1,swaps,-583.8333333333334,-626.3016666666666,-540.7291666666667
960,persistent_damage,0.2,30,1,resource_cost,-14.011999999999999,-15.044020000000002,-12.954380000000002
960,persistent_damage,0.2,30,1,cost_fraction,-0.0006636022697943387,-0.0007136461903348663,-0.0006153878889242748
960,persistent_damage,0.2,30,1,success_fraction,-0.08920755451165766,-0.09510394469031137,-0.08370303492983147
960,persistent_damage,0.2,30,5,service,-0.0015040794865524786,-0.004280550627896921,0.0014024557615806526
960,persistent_damage,0.2,30,5,p10,-0.006718013060811442,-0.022540348114476322,0.006971013477846395
960,persistent_damage,0.2,30,5,messages,5548.266666666666,3773.266666666667,7360.946666666665
960,persistent_damage,0.2,30,5,swaps,-568.4666666666667,-610.0408333333334,-525.2991666666667
960,persistent_damage,0.2,30,5,resource_cost,-68.21600000000002,-73.27630000000002,-63.267800000000015
960,persistent_damage,0.2,30,5,cost_fraction,-0.0032309638171767333,-0.003474472792363788,-0.002994425822907982
960,persistent_damage,0.2,30,5,success_fraction,-0.09240893861626523,-0.09640628567092589,-0.08857123916683271
960,persistent_damage,0.2,30,20,service,0.001810406986134483,-0.002117864629677795,0.00577359609275378
960,persistent_damage,0.2,30,20,p10,0.0036600937099429483,-0.005078243272085031,0.01317871854872153
960,persistent_damage,0.2,30,20,messages,15601.333333333334,14432.266666666666,16748.166666666664
960,persistent_damage,0.2,30,20,swaps,-283.73333333333335,-323.3691666666667,-239.85666666666683
960,persistent_damage,0.2,30,20,resource_cost,-136.192,-156.8972,-115.98319999999994
960,persistent_damage,0.2,30,20,cost_fraction,-0.006449875635515764,-0.007429606910477864,-0.005489528817891058
960,persistent_damage,0.2,30,20,success_fraction,-0.05862437201668092,-0.06400076255134184,-0.05299725928393024
960,repeated_damage,0.2,30,1,service,-0.0007183381585606903,-0.002779707363263574,0.001442476363042051
960,repeated_damage,0.2,30,1,p10,0.002945727150443763,-0.006815112401284106,0.012467760241021131
960,repeated_damage,0.2,30,1,messages,1370.9333333333334,-248.27999999999992,3085.399999999999
960,repeated_damage,0.2,30,1,swaps,-577.3333333333334,-613.5675,-541.5658333333334
960,repeated_damage,0.2,30,1,resource_cost,-13.855999999999998,-14.716840000000005,-12.991999999999996
960,repeated_damage,0.2,30,1,cost_fraction,-0.0006562098865522136,-0.0006960191280296641,-0.0006147606640209775
960,repeated_damage,0.2,30,1,success_fraction,-0.0866019029066754,-0.09162129207805847,-0.08158575468781476
960,repeated_damage,0.2,30,5,service,-0.0020418133594462687,-0.0038422516624353827,-0.00012364380891789387
960,repeated_damage,0.2,30,5,p10,-0.0025251781985279977,-0.012381153841913727,0.006867216000051299
960,repeated_damage,0.2,30,5,messages,3483.2,1729.3133333333333,5255.286666666665
960,repeated_damage,0.2,30,5,swaps,-571.2,-612.4366666666666,-529.7975
960,repeated_damage,0.2,30,5,resource_cost,-68.544,-73.28819999999999,-63.66400000000001
960,repeated_damage,0.2,30,5,cost_fraction,-0.00324655399088059,-0.003477746200795942,-0.0030028670814827327
960,repeated_damage,0.2,30,5,success_fraction,-0.08881198495286777,-0.09343697834993898,-0.0841399346484127
960,repeated_damage,0.2,30,20,service,0.0010611844097841736,-0.0007535776865178361,0.002886149327231154
960,repeated_damage,0.2,30,20,p10,0.01154637592547517,0.002688353177451999,0.020624033808360025
960,repeated_damage,0.2,30,20,messages,10087.2,8917.433333333334,11311.046666666663
960,repeated_damage,0.2,30,20,swaps,-304.9,-329.93833333333333,-280.6666666666667
960,repeated_damage,0.2,30,20,resource_cost,-146.35199999999998,-158.67319999999998,-134.1112
960,repeated_damage,0.2,30,20,cost_fraction,-0.006930691214566502,-0.007505049238555419,-0.006345116123911338
960,repeated_damage,0.2,30,20,success_fraction,-0.05612872992330506,-0.06013479599999261,-0.0521408912929881
960,scarcity,0.2,30,1,service,-0.00015493155640957287,-0.0004514168803308481,0.00012241543846669106
960,scarcity,0.2,30,1,p10,0.0,0.0,0.0
960,scarcity,0.2,30,1,messages,67314.13333333333,66580.78666666667,68058.4
960,scarcity,0.2,30,1,swaps,-131.23333333333332,-151.63333333333333,-112.79916666666668
960,scarcity,0.2,30,1,resource_cost,-3.1496,-3.6288200000000006,-2.7039999999999993
960,scarcity,0.2,30,1,cost_fraction,-0.00027341228435193057,-0.00031522912568214437,-0.0002341530457988384
960,scarcity,0.2,30,1,success_fraction,-0.053194511498493836,-0.05631092834058157,-0.05014980479948014
960,scarcity,0.2,30,5,service,7.881069265709047e-05,-0.000280941676412233,0.0004208138848856183
960,scarcity,0.2,30,5,p10,0.0,0.0,0.0
960,scarcity,0.2,30,5,messages,66381.6,65540.76000000001,67168.28
960,scarcity,0.2,30,5,swaps,-95.5,-112.63333333333334,-78.36666666666666
960,scarcity,0.2,30,5,resource_cost,-11.459999999999999,-13.436000000000002,-9.415800000000004
960,scarcity,0.2,30,5,cost_fraction,-0.000994688943727915,-0.0011727440006016083,-0.0008125008804755705
960,scarcity,0.2,30,5,success_fraction,-0.038863974694461366,-0.041786930687596154,-0.036090050833107415
960,scarcity,0.2,30,20,service,0.00018069969412626657,-0.00020370393554074105,0.0005728821852879438
960,scarcity,0.2,30,20,p10,0.0,0.0,0.0
960,scarcity,0.2,30,20,messages,62857.86666666667,61961.86,63702.17333333333
960,scarcity,0.2,30,20,swaps,-18.866666666666667,-29.90083333333333,-7.898333333333358
960,scarcity,0.2,30,20,resource_cost,-9.056000000000003,-14.24,-3.7920000000000016
960,scarcity,0.2,30,20,cost_fraction,-0.0007859251941930713,-0.001241025855178684,-0.0003320629386850594
960,scarcity,0.2,30,20,success_fraction,-0.012752399702680712,-0.01493856886214084,-0.010669567413821513
960,uniform,0.2,30,1,service,0.0005069016031768681,-0.0002771194292685538,0.0012934073332256685
960,uniform,0.2,30,1,p10,0.009973511739960422,0.004992040856170561,0.015422656635272196
960,uniform,0.2,30,1,messages,-16680.266666666666,-18407.813333333335,-14762.113333333333
960,uniform,0.2,30,1,swaps,-687.3333333333334,-729.835,-645.9991666666667
960,uniform,0.2,30,1,resource_cost,-16.496000000000002,-17.488799999999994,-15.515140000000004
960,uniform,0.2,30,1,cost_fraction,-0.0007812834228560498,-0.0008292022236856874,-0.0007329991750290572
960,uniform,0.2,30,1,success_fraction,-0.0448293201989897,-0.05056938923164108,-0.039280896836562176
960,uniform,0.2,30,5,service,0.0003148792837122586,-0.0005018253772224928,0.0012438776830877047
960,uniform,0.2,30,5,p10,0.010353065550730308,0.0016399680767467902,0.02242146911839182
960,uniform,0.2,30,5,messages,-16317.6,-17964.32,-14598.333333333334
960,uniform,0.2,30,5,swaps,-642.5,-686.6333333333333,-597.9983333333333
960,uniform,0.2,30,5,resource_cost,-77.10000000000001,-82.37210000000002,-71.7196
960,uniform,0.2,30,5,cost_fraction,-0.003651675628664567,-0.003902632526122008,-0.003399007414558632
960,uniform,0.2,30,5,success_fraction,-0.04218358809161122,-0.04753267922046343,-0.03685139511460513
960,uniform,0.2,30,20,service,0.0006605983911734651,-3.3012091247275145e-05,0.0013467079009185732
960,uniform,0.2,30,20,p10,0.0054100251600299985,-0.001273004756588413,0.012188640912614486
960,uniform,0.2,30,20,messages,-13033.866666666667,-14335.206666666667,-11703.113333333335
960,uniform,0.2,30,20,swaps,-431.23333333333335,-456.9033333333333,-406.5325
960,uniform,0.2,30,20,resource_cost,-206.99200000000002,-219.45680000000004,-195.07200000000006
960,uniform,0.2,30,20,cost_fraction,-0.009803144979159796,-0.01038475889424705,-0.009251590449733924
960,uniform,0.2,30,20,success_fraction,-0.028615804665706124,-0.03362358992904073,-0.02376500098758284
