n,scenario,seed,dt,rate,policy,service,p10,messages,requests,swaps,resource_cost,pulse_messages,signal_messages,pulse_requests,signal_requests,active_need_end,source_reach_end,max_mass_error,max_flow_ratio,max_message_budget_excess,minimum_request_gap,allowed_message_envelope,active_edges,phase0_service,phase0_messages,phase1_service,phase1_messages,phase2_service,phase2_messages,phase3_service,phase3_messages,cost_factor,swap_cost,gross_production,cost_fraction
96,repeated_damage,13100,0.2,4.0,fixed,0.7417904811393946,0.0021765017966145273,0,0,0,0.0,0,0,0,0,32,1.0,4.263256414560601e-14,1.0000000000000002,0.0,-1.0,48326.4,192,0.8872660384108473,0,0.7455940008778829,0,0.8282515311739093,0,0.6966581962528929,0,0,0.0,2086.805663493355,0.0
96,repeated_damage,13100,0.2,2.3,pulse_only,0.852470942071563,0.40488234297875014,24120,827,534,12.816,24120,0,827,0,21,1.0,4.263256414560601e-14,1.0000000000000004,0.0,13.000000000000028,28766.88,192,0.9333984028396421,6096,0.8439959872920211,4456,0.9399685766319688,4560,0.8129596021811311,9008,1,0.024,2086.805663493355,0.006141443941907727
96,repeated_damage,13100,0.2,4.0,hybrid_50,0.8744799820116601,0.5640536995377128,24936,866,519,12.456,21056,3880,712,154,19,1.0,4.263256414560601e-14,1.0000000000000002,0.0,7.999999999999986,48326.4,192,0.9474187269456271,6056,0.8562066730529256,4664,0.9425264331637034,4352,0.849593410915006,9864,1,0.024,2086.805663493355,0.00596893147162942
96,repeated_damage,13100,0.2,2.3,pulse_only,0.8531036291749899,0.40422451911468105,24032,828,520,62.4,24032,0,828,0,21,1.0,4.263256414560601e-14,1.0000000000000002,0.0,13.0,28766.88,192,0.9323517106960744,6144,0.8555493583198809,4488,0.9388612015288332,4520,0.8090019784256229,8880,5,0.12,2086.805663493355,0.029902161514906534
96,repeated_damage,13100,0.2,4.0,hybrid_50,0.8472947968169187,0.40323795461163536,25064,889,466,55.919999999999995,20736,4328,714,175,20,1.0,4.263256414560601e-14,1.0000000000000002,0.0,7.999999999999986,48326.4,192,0.949823330178125,5976,0.8316513825121784,4632,0.9361864409854079,4368,0.8106706818850438,10088,5,0.12,2086.805663493355,0.02679693704989701
96,repeated_damage,13100,0.2,2.3,pulse_only,0.802992808267127,0.13354964442184367,23096,827,406,194.88,23096,0,827,0,22,1.0,4.263256414560601e-14,1.0000000000000002,0.0,13.0,28766.88,192,0.8930257211181587,5832,0.7997283180962275,4288,0.8899818905054561,4424,0.7611305122334125,8552,20,0.48,2086.805663493355,0.09338675057732349
96,repeated_damage,13100,0.2,4.0,hybrid_50,0.8127695386280929,0.2124512750958159,24192,898,330,158.4,19680,4512,711,187,20,1.0,2.842170943040401e-14,1.0000000000000002,0.0,7.999999999999986,48326.4,192,0.9063831043852388,5936,0.781382466989966,4640,0.8866422334337,4408,0.7915267270443528,9208,20,0.48,2086.805663493355,0.07590548692245505
96,repeated_damage,13100,0.1,4.0,fixed,0.7417584859438272,0.002174661719279471,0,0,0,0.0,0,0,0,0,32,1.0,4.263256414560601e-14,1.0000000000000004,0.0,-1.0,48355.200000000004,192,0.8865795682288293,0,0.7454185553456453,0,0.8282994859569989,0,0.6966579512363322,0,0,0.0,2086.805663493355,0.0
96,repeated_damage,13100,0.1,2.3,pulse_only,0.8536112063567072,0.3851836495712194,24488,826,583,13.992,24488,0,826,0,17,1.0,4.263256414560601e-14,1.0000000000000002,0.0,13.0,28783.44,192,0.9469325565266592,6272,0.8119306835932496,4408,0.9296806057331096,4592,0.8364167680502346,9216,1,0.024,2086.805663493355,0.006704984678150196
96,repeated_damage,13100,0.1,4.0,hybrid_50,0.854416308406366,0.3874009303487237,25456,888,518,12.432,21000,4456,713,175,15,1.0,4.263256414560601e-14,1.0000000000000004,0.0,7.999999999999986,48355.200000000004,192,0.9496796345555643,6272,0.8277685931779047,4848,0.9347967573643798,4488,0.8275499415415895,9848,1,0.024,2086.805663493355,0.005957430640277533
96,repeated_damage,13100,0.1,2.3,pulse_only,0.87516002774172,0.5266102017289573,24240,827,549,65.88,24240,0,827,0,15,1.0,4.263256414560601e-14,1.0000000000000002,0.0,13.0,28783.44,192,0.9439374334637686,6184,0.8615676293195547,4472,0.9396337379817864,4568,0.8497193718327696,9016,5,0.12,2086.805663493355,0.03156978206093017
96,repeated_damage,13100,0.1,4.0,hybrid_50,0.8574689173926594,0.403638580380611,24488,865,466,55.919999999999995,20792,3696,714,151,20,1.0,4.263256414560601e-14,1.0000000000000002,0.0,7.999999999999986,48355.200000000004,192,0.9558734273411283,5904,0.8671088473937228,4656,0.9483518461408504,4288,0.807207488018032,9640,5,0.12,2086.805663493355,0.02679693704989701
96,repeated_damage,13100,0.1,2.3,pulse_only,0.811670007634268,0.1994752137862061,22928,827,385,184.79999999999998,22928,0,827,0,24,1.0,2.842170943040401e-14,1.0000000000000004,0.0,13.0,28783.44,192,0.9147404680940471,5968,0.8111373999613682,4152,0.8982721989821304,4344,0.7686352157967868,8464,20,0.48,2086.805663493355,0.08855640140953089
96,repeated_damage,13100,0.1,4.0,hybrid_50,0.806541336790417,0.13212898597779427,24264,894,351,168.48,19872,4392,711,183,22,1.0,4.263256414560601e-14,1.0000000000000004,0.0,7.999999999999986,48355.200000000004,192,0.9064301708912428,5864,0.7892360405413646,4496,0.8786059282339839,4592,0.7791616891931595,9312,20,0.48,2086.805663493355,0.08073583609024765
96,repeated_damage,13101,0.2,4.0,fixed,0.7872585568578487,0.3871224767570189,0,0,0,0.0,0,0,0,0,41,1.0,2.842170943040401e-14,1.0000000000000004,0.0,-1.0,48326.4,192,0.9969823118605884,0,0.7948107675433731,0,0.9532933632200552,0,0.7004650483339834,0,0,0.0,2133.1714193960947,0.0
96,repeated_damage,13101,0.2,2.3,pulse_only,0.999633774929407,0.9999999999999958,25768,825,746,17.904,25768,0,825,0,1,1.0,5.684341886080802e-14,1.0000000000000002,0.0,13.0,28766.88,192,1.0000000000000009,6400,1.0000000000000002,4880,1.0000000000000002,4920,0.9992675498588134,9568,1,0.024,2133.1714193960947,0.008393137015246839
96,repeated_damage,13101,0.2,4.0,hybrid_50,1.0000000000000004,0.9999999999999976,22320,718,636,15.264000000000001,22320,0,718,0,0,1.0,5.684341886080802e-14,1.0000000000000002,0.0,15.999999999999986,48326.4,192,1.0000000000000009,5648,1.0000000000000002,4184,1.0000000000000002,4112,1.0000000000000009,8376,1,0.024,2133.1714193960947,0.007155543085384705
96,repeated_damage,13101,0.2,2.3,pulse_only,0.9837902356462579,0.9455866582305769,24768,828,612,73.44,24768,0,828,0,10,1.0,2.842170943040401e-14,1.0000000000000002,0.0,13.0,28766.88,192,1.0000000000000009,6360,0.9885505218597339,4672,0.9994331978712496,4816,0.9735886114270242,8920,5,0.12,2133.1714193960947,0.03442761295798301
96,repeated_damage,13101,0.2,4.0,hybrid_50,0.9875313883684075,0.9912913192201078,22512,735,609,73.08,21992,520,716,19,8,1.0,4.263256414560601e-14,1.0000000000000002,0.0,7.999999999999986,48326.4,192,1.0000000000000009,5656,1.0000000000000002,4248,1.0000000000000002,4144,0.9750627767368149,8464,5,0.12,2133.1714193960947,0.034258850149365444
96,repeated_damage,13101,0.2,2.3,pulse_only,0.9216851949525421,0.7256093303177893,21728,829,229,109.92,21728,0,829,0,20,1.0,2.842170943040401e-14,1.0000000000000004,0.0,13.599999999999994,28766.88,192,1.0000000000000009,6048,0.9320790590191232,3992,0.9982196119502534,4064,0.8782210544203959,7624,20,0.48,2133.1714193960947,0.05152891089789614
96,repeated_damage,13101,0.2,4.0,hybrid_50,0.8996015600179154,0.6660815476323689,21664,834,206,98.88,18784,2880,714,120,29,1.0,2.842170943040401e-14,1.0000000000000002,0.0,7.999999999999986,48326.4,192,1.0000000000000009,5504,0.9407524910879543,3840,0.9978285244345253,3680,0.8299126122745909,8640,20,0.48,2133.1714193960947,0.04635351810029085
96,repeated_damage,13101,0.1,4.0,fixed,0.7872009161314317,0.38792525335174055,0,0,0,0.0,0,0,0,0,41,1.0,4.263256414560601e-14,1.0000000000000004,0.0,-1.0,48355.200000000004,192,0.9966247967154833,0,0.7943343952062307,0,0.9535330334481786,0,0.7004681179356589,0,0,0.0,2133.1714193960947,0.0
96,repeated_damage,13101,0.1,2.3,pulse_only,0.9999999999999998,0.9999999999999946,26040,824,783,18.792,26040,0,824,0,0,1.0,8.526512829121202e-14,1.0000000000000004,0.0,13.000000000000028,28783.44,192,1.0000000000000002,6456,1.0000000000000009,4904,1.0000000000000009,4992,0.9999999999999988,9688,1,0.024,2133.1714193960947,0.00880941860983683
96,repeated_damage,13101,0.1,4.0,hybrid_50,0.9991190339654431,0.9999999999999908,22712,723,670,16.080000000000002,22552,160,718,5,0,1.0,5.684341886080802e-14,1.0000000000000002,0.0,8.0,48355.200000000004,192,1.0000000000000002,5712,0.9972774266196875,4296,1.0000000000000009,4176,0.999599354621042,8528,1,0.024,2133.1714193960947,0.007538072118251183
96,repeated_damage,13101,0.1,2.3,pulse_only,0.9885108116349846,0.95829547381136,25400,827,694,83.28,25400,0,827,0,8,1.0,4.263256414560601e-14,1.0000000000000004,0.0,13.099999999999994,28783.44,192,1.0000000000000002,6424,0.991824813372703,4800,1.0000000000000009,4992,0.9811092165836173,9184,5,0.12,2133.1714193960947,0.03904046306019642
96,repeated_damage,13101,0.1,4.0,hybrid_50,0.9700442161308211,0.8796958024038453,22648,751,578,69.36,21832,816,718,33,8,1.0,2.842170943040401e-14,1.0000000000000002,0.0,7.999999999999986,48355.200000000004,192,1.0000000000000002,5720,0.9944033525164189,4280,1.0000000000000009,4200,0.9428867560034326,8448,5,0.12,2133.1714193960947,0.03251496779365062
96,repeated_damage,13101,0.1,2.3,pulse_only,0.8641843914048839,0.5703556469968896,21800,829,238,114.24,21800,0,829,0,33,1.0,2.842170943040401e-14,1.0000000000000002,0.0,13.5,28783.44,192,1.0000000000000002,6128,0.9272453190343621,3992,0.9957080333051019,4112,0.7668921066400357,7568,20,0.48,2133.1714193960947,0.0535540646013069
96,repeated_damage,13101,0.1,4.0,hybrid_50,0.8742787960922486,0.5319239863108038,22008,838,237,113.75999999999999,19024,2984,714,124,24,1.0,2.842170943040401e-14,1.0000000000000002,0.0,7.999999999999986,48355.200000000004,192,1.0000000000000002,5560,0.8789304770688291,4208,0.9920523468638701,3768,0.8130661802181477,8472,20,0.48,2133.1714193960947,0.053329047523150146
96,repeated_damage,13102,0.2,4.0,fixed,0.6450086271499805,0.01448279472041848,0,0,0,0.0,0,0,0,0,47,1.0,4.263256414560601e-14,1.0000000000000002,0.0,-1.0,48326.4,192,0.8899015396075656,0,0.7180190852681383,0,0.8357120124255463,0,0.5131517054531188,0,0,0.0,2116.7835201578787,0.0
96,repeated_damage,13102,0.2,2.3,pulse_only,0.914978812325025,0.661270141628926,25200,828,666,15.984,25200,0,828,0,11,1.0,2.842170943040401e-14,1.0000000000000002,0.0,13.0,28766.88,192,0.9770388487121309,6376,0.9391350475267025,4616,0.9846174780577711,4824,0.8680813618578135,9384,1,0.024,2116.7835201578787,0.00755107919529147
96,repeated_damage,13102,0.2,4.0,hybrid_50,0.9332712436374042,0.7141369303923008,24416,812,616,14.784,21752,2664,715,97,18,1.0,4.263256414560601e-14,1.0000000000000004,0.0,7.999999999999986,48326.4,192,0.974640312071555,6072,0.9780727211087711,4424,0.9937048507955436,4336,0.8806537013226512,9584,1,0.024,2116.7835201578787,0.006984181357807126
96,repeated_damage,13102,0.2,2.3,pulse_only,0.8973719382836614,0.608258651025566,24320,827,559,67.08,24320,0,827,0,23,1.0,2.842170943040401e-14,1.0000000000000002,0.0,13.0,28766.88,192,0.9794647029241805,6360,0.9388871642543434,4536,0.9716468013939319,4680,0.8394768937431853,8744,5,0.12,2116.7835201578787,0.03168958911537486
96,repeated_damage,13102,0.2,4.0,hybrid_50,0.8947908977605623,0.6180603785551605,24536,841,544,65.28,21176,3360,711,130,24,1.0,4.263256414560601e-14,1.0000000000000004,0.0,7.999999999999986,48326.4,192,0.9580400395749734,6152,0.9348478850794385,4584,0.9800383689905576,4392,0.8321386684861268,9408,5,0.12,2116.7835201578787,0.030839242359148346
96,repeated_damage,13102,0.2,2.3,pulse_only,0.8255827454086624,0.4727318952983483,22640,830,340,163.2,22640,0,830,0,27,1.0,2.842170943040401e-14,1.0000000000000004,0.0,13.0,28766.88,192,0.9400489619118096,6088,0.8510419485011118,4176,0.9102457093979164,4408,0.7705216618678109,7968,20,0.48,2116.7835201578787,0.07709810589787086
96,repeated_damage,13102,0.2,4.0,hybrid_50,0.8217241047925763,0.4037423411629605,23368,880,281,134.88,19352,4016,714,166,28,1.0,4.263256414560601e-14,1.0000000000000002,0.0,7.999999999999986,48326.4,192,0.9345050151658362,5768,0.8451007206352783,4496,0.935690777376047,4160,0.7530524605794902,8944,20,0.48,2116.7835201578787,0.06371931693324033
96,repeated_damage,13102,0.1,4.0,fixed,0.6450306277418469,0.014355664173406904,0,0,0,0.0,0,0,0,0,47,1.0,2.842170943040401e-14,1.0000000000000004,0.0,-1.0,48355.200000000004,192,0.8892873087796509,0,0.7179446095090513,0,0.835792882700741,0,0.5131925093787977,0,0,0.0,2116.7835201578787,0.0
96,repeated_damage,13102,0.1,2.3,pulse_only,0.9031949084633605,0.5704682918264645,25128,827,660,15.84,25128,0,827,0,18,1.0,4.263256414560601e-14,1.0000000000000002,0.0,13.0,28783.44,192,0.9773023167651379,6480,0.90487569796944,4472,0.9771229757516834,4840,0.8653904800661595,9336,1,0.024,2116.7835201578787,0.007483051454793349
96,repeated_damage,13102,0.1,4.0,hybrid_50,0.9319425183737017,0.6829222619028763,24896,827,631,15.144,21896,3000,717,110,11,1.0,4.263256414560601e-14,1.0000000000000004,0.0,7.999999999999986,48355.200000000004,192,0.9682352428098553,6280,0.9489569703590853,4536,0.9919262987526012,4376,0.8934434021915602,9704,1,0.024,2116.7835201578787,0.007154250709052429
96,repeated_damage,13102,0.1,2.3,pulse_only,0.8887898820738622,0.6606034380609864,24680,827,604,72.48,24680,0,827,0,17,1.0,4.263256414560601e-14,1.0000000000000004,0.0,13.0,28783.44,192,0.9705055117199854,6448,0.8874990364046332,4432,0.9465985550877659,4808,0.8605309684015248,8992,5,0.12,2116.7835201578787,0.034240629384054415
96,repeated_damage,13102,0.1,4.0,hybrid_50,0.8887204319147263,0.578257579598358,25320,866,567,68.03999999999999,21248,4072,713,153,20,1.0,4.263256414560601e-14,1.0000000000000002,0.0,7.999999999999986,48355.200000000004,192,0.9691803157901518,6168,0.9099833030802593,4704,0.9638470917037393,4736,0.8405256664374532,9712,5,0.12,2116.7835201578787,0.032143107385362336
96,repeated_damage,13102,0.1,2.3,pulse_only,0.851791718442321,0.48672642476223804,22640,830,340,163.2,22640,0,830,0,24,1.0,4.263256414560601e-14,1.0000000000000004,0.0,13.0,28783.44,192,0.9484668237900553,6160,0.8870712867674434,4200,0.9429661783931326,4352,0.7885647043043543,7928,20,0.48,2116.7835201578787,0.07709810589787086
96,repeated_damage,13102,0.1,4.0,hybrid_50,0.8407776964746654,0.5566959729521614,22976,861,289,138.72,19456,3520,715,146,26,1.0,2.842170943040401e-14,1.0000000000000004,0.0,7.999999999999986,48355.200000000004,192,0.9462763580666285,5824,0.8866978012578836,4264,0.954694461496075,4080,0.7608592615723516,8808,20,0.48,2116.7835201578787,0.06553339001319024
96,repeated_damage,13103,0.2,4.0,fixed,0.7611872747495019,0.035798829318354514,0,0,0,0.0,0,0,0,0,29,1.0,3.552713678800501e-14,1.0000000000000002,0.0,-1.0,48326.4,192,0.9057985826252429,0,0.7498511148819722,0,0.8582244365523851,0,0.7183367737818253,0,0,0.0,2091.63893396797,0.0
96,repeated_damage,13103,0.2,2.3,pulse_only,0.9208663881624328,0.7410598741240324,25032,825,654,15.696,25032,0,825,0,12,1.0,4.263256414560601e-14,1.0000000000000002,0.0,13.0,28766.88,192,0.9696888114081755,6336,0.9077240782043754,4608,0.981731234959768,4720,0.897005119742794,9368,1,0.024,2091.63893396797,0.0075041632401743955
96,repeated_damage,13103,0.2,4.0,hybrid_50,0.903256347274574,0.6443361024519342,24400,827,569,13.656,21552,2848,716,111,9,1.0,4.263256414560601e-14,1.0000000000000002,0.0,7.999999999999986,48326.4,192,0.9633199775044189,5744,0.883017737840682,4792,0.9577303535267173,4344,0.8861386488654484,9520,1,0.024,2091.63893396797,0.006528851504066103
96,repeated_damage,13103,0.2,2.3,pulse_only,0.9086497524535477,0.6772263910758488,24968,824,649,77.88,24968,0,824,0,15,1.0,4.263256414560601e-14,1.0000000000000002,0.0,13.0,28766.88,192,0.9716724302615526,6264,0.8955958981196783,4616,0.9652599480438847,4672,0.8868715818253141,9416,5,0.12,2091.63893396797,0.037233959807898946
96,repeated_damage,13103,0.2,4.0,hybrid_50,0.9070474878321555,0.6738096899629993,24392,837,538,64.56,21344,3048,714,123,12,1.0,4.263256414560601e-14,1.0000000000000002,0.0,7.999999999999986,48326.4,192,0.9515896310778272,5888,0.866847314160376,4776,0.9621589728203366,4376,0.899591832173955,9352,5,0.12,2091.63893396797,0.030865747883897746
96,repeated_damage,13103,0.2,2.3,pulse_only,0.8620054902467991,0.4561655448563469,22400,827,319,153.12,22400,0,827,0,22,1.0,4.263256414560601e-14,1.0000000000000002,0.0,13.0,28766.88,192,0.9445567651221045,6048,0.8636025964327506,4216,0.9470473492127923,4256,0.8186860076708264,7880,20,0.48,2091.63893396797,0.07320575148671658
96,repeated_damage,13103,0.2,4.0,hybrid_50,0.8400590713209877,0.4706854747075795,23168,875,271,130.07999999999998,19280,3888,713,162,26,1.0,4.263256414560601e-14,1.0000000000000004,0.0,7.999999999999986,48326.4,192,0.9322044157356778,5672,0.8448827130279488,4400,0.925953822675504,4280,0.7946998747902493,8816,20,0.48,2091.63893396797,0.06219046599655232
96,repeated_damage,13103,0.1,4.0,fixed,0.761169486479636,0.03571963569017147,0,0,0,0.0,0,0,0,0,29,1.0,4.263256414560601e-14,1.0000000000000004,0.0,-1.0,48355.200000000004,192,0.9052972884607337,0,0.7496587894980022,0,0.8583306381780251,0,0.7183442591212585,0,0,0.0,2091.63893396797,0.0
96,repeated_damage,13103,0.1,2.3,pulse_only,0.9204983243684206,0.7831671268967363,25192,824,677,16.248,25192,0,824,0,10,1.0,4.263256414560601e-14,1.0000000000000004,0.0,13.199999999999989,28783.44,192,0.9669742782647395,6392,0.9079774019964274,4584,0.9804252768728066,4816,0.8967953093022238,9400,1,0.024,2091.63893396797,0.007768071121709581
96,repeated_damage,13103,0.1,4.0,hybrid_50,0.9243193254053774,0.6608915762337734,24312,818,585,14.040000000000001,21664,2648,716,102,12,1.0,4.263256414560601e-14,1.0000000000000002,0.0,7.999999999999986,48355.200000000004,192,0.9680093124473815,5976,0.9162321527536654,4688,0.9792544262128856,4320,0.9008953613274794,9328,1,0.024,2091.63893396797,0.0067124395955688405
96,repeated_damage,13103,0.1,2.3,pulse_only,0.9149042522124681,0.6364721091784225,24904,826,635,76.2,24904,0,826,0,14,1.0,4.263256414560601e-14,1.0000000000000002,0.0,13.0,28783.44,192,0.9587000832911474,6328,0.9053540549868548,4648,0.9764352431485172,4656,0.8889138553572498,9272,5,0.12,2091.63893396797,0.03643076190757447
96,repeated_damage,13103,0.1,4.0,hybrid_50,0.9037625667212119,0.5515941156981267,24368,833,547,65.64,21432,2936,717,116,11,1.0,4.263256414560601e-14,1.0000000000000004,0.0,7.999999999999986,48355.200000000004,192,0.9753232504224016,5776,0.8762467900659308,4752,0.9734475571240407,4224,0.882677959847438,9616,5,0.12,2091.63893396797,0.031382089391249195
96,repeated_damage,13103,0.1,2.3,pulse_only,0.8727431021298852,0.5403462073035837,22736,826,364,174.72,22736,0,826,0,23,1.0,4.263256414560601e-14,1.0000000000000002,0.0,13.100000000000023,28783.44,192,0.9426886380389558,6104,0.8982538898876432,4144,0.9411757207045561,4320,0.8257713989636707,8168,20,0.48,2091.63893396797,0.08353258163374556
96,repeated_damage,13103,0.1,4.0,hybrid_50,0.8707496942080104,0.40945208571626673,23128,856,323,155.04,19696,3432,713,143,19,1.0,4.263256414560601e-14,1.0000000000000004,0.0,7.999999999999986,48355.200000000004,192,0.9551984073762113,5816,0.8552881376767638,4360,0.9364064677080607,4216,0.8456520857236085,8736,20,0.48,2091.63893396797,0.07412369194423027
96,repeated_damage,13104,0.2,4.0,fixed,0.8370960856452023,0.23650497787954697,0,0,0,0.0,0,0,0,0,27,1.0,4.263256414560601e-14,1.0000000000000002,0.0,-1.0,48326.4,192,0.9777515549100275,0,0.829752382861368,0,0.9183353162506178,0,0.8001483217344119,0,0,0.0,2126.357733704931,0.0
96,repeated_damage,13104,0.2,2.3,pulse_only,0.967156736307356,0.919265327961885,25448,829,694,16.656,25448,0,829,0,15,1.0,4.263256414560601e-14,1.0000000000000002,0.0,13.0,28766.88,192,0.9999999999999999,6312,0.9628672668540922,4824,1.0,4856,0.9528798391876661,9456,1,0.024,2126.357733704931,0.007833112808811741
96,repeated_damage,13104,0.2,4.0,hybrid_50,0.9700871805365573,0.8961289473821552,23280,763,621,14.904,21976,1304,716,47,8,1.0,4.263256414560601e-14,1.0000000000000002,0.0,7.999999999999993,48326.4,192,0.9999999999999999,5792,0.9616125320603577,4432,0.9988571039408578,4160,0.9599395430725071,8896,1,0.024,2126.357733704931,0.007009168666098114
96,repeated_damage,13104,0.2,2.3,pulse_only,0.9482573681094061,0.8212410173079214,24760,827,614,73.67999999999999,24760,0,827,0,14,1.0,4.263256414560601e-14,1.0000000000000002,0.0,13.0,28766.88,192,0.9999016279481463,6312,0.9421993818220494,4672,0.9984621583346543,4720,0.9261839661404602,9056,5,0.12,2126.357733704931,0.03465080161823061
96,repeated_damage,13104,0.2,4.0,hybrid_50,0.9491855158212822,0.7774202196393328,22720,780,500,60.0,21136,1584,715,65,14,1.0,2.842170943040401e-14,1.0000000000000002,0.0,7.999999999999986,48326.4,192,0.9999999999999999,5800,0.9601247671494053,4176,0.9996224317429174,3984,0.9184974321964032,8760,5,0.12,2126.357733704931,0.02821726516142558
96,repeated_damage,13104,0.2,2.3,pulse_only,0.883916347553205,0.5995702924777937,22000,832,254,121.92,22000,0,832,0,22,1.0,2.842170943040401e-14,1.0000000000000002,0.0,13.199999999999989,28766.88,192,0.9960977141659987,5840,0.8989546683243682,4248,0.9925866882291164,4112,0.8220620168296681,7800,20,0.48,2126.357733704931,0.05733748280801678
96,repeated_damage,13104,0.2,4.0,hybrid_50,0.8793723526412869,0.5275998459072953,21696,828,228,109.44,18936,2760,713,115,23,1.0,2.842170943040401e-14,1.0000000000000002,0.0,7.999999999999986,48326.4,192,0.9999999999999999,5328,0.8922286271272696,4136,0.9906179968802904,3696,0.8173213932787938,8536,20,0.48,2126.357733704931,0.05146829165444026
96,repeated_damage,13104,0.1,4.0,fixed,0.8370747262127483,0.23618957992327605,0,0,0,0.0,0,0,0,0,27,1.0,4.263256414560601e-14,1.0000000000000004,0.0,-1.0,48355.200000000004,192,0.9770639086014451,0,0.8295166886902132,0,0.9184448287092583,0,0.8001686937257604,0,0,0.0,2126.357733704931,0.0
96,repeated_damage,13104,0.1,2.3,pulse_only,0.9571893880180643,0.8458481470041144,25432,828,695,16.68,25432,0,828,0,11,1.0,4.263256414560601e-14,1.0000000000000002,0.0,13.0,28783.44,192,0.9985630315425621,6472,0.9777162574786117,4832,0.9987378924411394,4720,0.926151701076253,9408,1,0.024,2126.357733704931,0.007844399714876311
96,repeated_damage,13104,0.1,4.0,hybrid_50,0.9720288531526943,0.9633998343864222,23264,758,634,15.216000000000001,22176,1088,718,40,11,1.0,4.263256414560601e-14,1.0000000000000004,0.0,7.999999999999986,48355.200000000004,192,0.9999485874578745,5816,0.980019953942508,4416,0.9993547497382673,4064,0.9543703544650008,8968,1,0.024,2126.357733704931,0.007155898444937528
96,repeated_damage,13104,0.1,2.3,pulse_only,0.9327586830044108,0.7226719160809787,24824,828,619,74.28,24824,0,828,0,14,1.0,4.263256414560601e-14,1.0000000000000002,0.0,13.099999999999994,28783.44,192,1.0000000000000007,6416,0.9371745633708944,4608,0.9948708152750612,4808,0.8994946766858439,8992,5,0.12,2126.357733704931,0.03493297426984487
96,repeated_damage,13104,0.1,4.0,hybrid_50,0.9341524537831222,0.7374613631507051,23344,794,536,64.32,21440,1904,718,76,18,1.0,4.263256414560601e-14,1.0000000000000004,0.0,7.999999999999986,48355.200000000004,192,0.9997761429890862,5752,0.934684294543781,4440,0.9942359966769932,4072,0.9038447619558574,9080,5,0.12,2126.357733704931,0.03024890825304822
96,repeated_damage,13104,0.1,2.3,pulse_only,0.8650210432082973,0.5669622878619534,22352,832,298,143.04,22352,0,832,0,25,1.0,4.263256414560601e-14,1.0000000000000002,0.0,13.099999999999994,28783.44,192,0.9930373149168016,5912,0.8705350487860594,4248,0.9746108762760334,4304,0.8074691238855484,7888,20,0.48,2126.357733704931,0.06726996014483858
96,repeated_damage,13104,0.1,4.0,hybrid_50,0.889237307113535,0.6211667279385565,21800,823,256,122.88,19136,2664,712,111,24,1.0,2.842170943040401e-14,1.0000000000000004,0.0,7.999999999999986,48355.200000000004,192,0.9963637197847155,5528,0.9351861621852732,3912,0.9831581461863725,3728,0.8193024600412471,8632,20,0.48,2126.357733704931,0.05778895905059959
96,repeated_damage,13105,0.2,4.0,fixed,0.7919900305981483,0.2758425686264318,0,0,0,0.0,0,0,0,0,32,1.0,4.263256414560601e-14,1.0000000000000002,0.0,-1.0,48326.4,192,0.9390954712502799,0,0.8262991462100208,0,0.9027612985489062,0,0.7194498388168333,0,0,0.0,2113.930514103739,0.0
96,repeated_damage,13105,0.2,2.3,pulse_only,0.9625351229416372,0.8749734821715744,24776,818,643,15.432,24776,0,818,0,5,1.0,4.263256414560601e-14,1.0000000000000002,0.0,13.0,28766.88,192,0.9865134484754876,6208,0.9172516423960836,4736,0.9843897086903415,4624,0.9742495703400619,9208,1,0.024,2113.930514103739,0.007300145343965025
96,repeated_damage,13105,0.2,4.0,hybrid_50,0.970904123038192,0.8904985216659217,23744,781,625,15.0,21984,1760,718,63,6,1.0,4.263256414560601e-14,1.0000000000000002,0.0,7.999999999999993,48326.4,192,0.9730105126688335,5896,0.930023437160094,4512,0.9947352862970522,4280,0.979428884347811,9056,1,0.024,2113.930514103739,0.007095786687368803
96,repeated_damage,13105,0.2,2.3,pulse_only,0.9447597483319784,0.7362325429322533,24184,818,569,68.28,24184,0,818,0,11,1.0,4.263256414560601e-14,1.0000000000000004,0.0,13.0,28766.88,192,0.9837777819352345,6176,0.91403453987317,4544,0.9869811871928533,4464,0.9390116331309452,9000,5,0.12,2113.930514103739,0.03230002100090279
96,repeated_damage,13105,0.2,4.0,hybrid_50,0.9527554200731868,0.754395151385051,23008,780,536,64.32,21432,1576,718,62,8,1.0,4.263256414560601e-14,1.0000000000000004,0.0,7.999999999999986,48326.4,192,0.9897484248158002,5416,0.9325982932297415,4624,0.990366015633037,4184,0.9440286857149841,8784,5,0.12,2113.930514103739,0.030426733315437424
96,repeated_damage,13105,0.2,2.3,pulse_only,0.852130884911604,0.5635248008624407,21704,818,259,124.32,21704,0,818,0,28,1.0,4.263256414560601e-14,1.0000000000000002,0.0,13.199999999999989,28766.88,192,0.9709615182499625,5936,0.8675245329234058,4168,0.9722839020315405,4040,0.7843575523457349,7560,20,0.48,2113.930514103739,0.05880988006491263
96,repeated_damage,13105,0.2,4.0,hybrid_50,0.8981633945693329,0.6796032362577815,21904,817,287,137.76,19400,2504,713,104,19,1.0,4.263256414560601e-14,1.0000000000000002,0.0,7.999999999999986,48326.4,192,0.9775561246719692,5264,0.8971508494386917,4424,0.9739479432934709,3912,0.8607773927725844,8304,20,0.48,2113.930514103739,0.06516770493679508
96,repeated_damage,13105,0.1,4.0,fixed,0.7919076438603471,0.2761174920448798,0,0,0,0.0,0,0,0,0,32,1.0,4.263256414560601e-14,1.0000000000000002,0.0,-1.0,48355.200000000004,192,0.9387220902830687,0,0.8258189963561904,0,0.9028811754103006,0,0.7194652018374488,0,0,0.0,2113.930514103739,0.0
96,repeated_damage,13105,0.1,2.3,pulse_only,0.970853786536499,0.8799981768847283,25520,818,736,17.664,25520,0,818,0,8,1.0,2.842170943040401e-14,1.0000000000000004,0.0,13.0,28783.44,192,0.9999450980366524,6456,0.978515926341259,4824,0.9982967739478795,4696,0.9533012229284287,9544,1,0.024,2113.930514103739,0.008355998403045503
96,repeated_damage,13105,0.1,4.0,hybrid_50,0.9606076118320659,0.8412197666229568,24008,786,643,15.432,22144,1864,718,68,5,1.0,4.263256414560601e-14,1.0000000000000002,0.0,7.999999999999986,48355.200000000004,192,0.9798659173910165,5792,0.9203343718726671,4848,0.9894367124019932,4312,0.9663296815268015,9056,1,0.024,2113.930514103739,0.007300145343965025
96,repeated_damage,13105,0.1,2.3,pulse_only,0.9481546445889434,0.8188062716995539,24656,818,628,75.36,24656,0,818,0,9,1.0,4.263256414560601e-14,1.0000000000000002,0.0,13.199999999999989,28783.44,192,0.994272583693993,6424,0.9139377656248596,4600,0.9905588451667247,4560,0.9440609837820946,9072,5,0.12,2113.930514103739,0.035649232317340865
96,repeated_damage,13105,0.1,4.0,hybrid_50,0.9551663198869786,0.8453027113667385,23672,792,583,69.96,21680,1992,716,76,15,1.0,4.263256414560601e-14,1.0000000000000002,0.0,7.999999999999986,48355.200000000004,192,0.9906557509705306,5688,0.9297350722374609,4600,0.9996032312174912,4192,0.9456634880464814,9192,5,0.12,2113.930514103739,0.03309474910988809
96,repeated_damage,13105,0.1,2.3,pulse_only,0.8835954205861107,0.5645751853530235,21976,818,293,140.64,21976,0,818,0,25,1.0,4.263256414560601e-14,1.0000000000000002,0.0,13.099999999999994,28783.44,192,0.985627107364334,5920,0.898702942616066,4248,0.9739622074910302,4104,0.8308582661186732,7704,20,0.48,2113.930514103739,0.0665300959807699
96,repeated_damage,13105,0.1,4.0,hybrid_50,0.8666314087328891,0.5417563424143947,22512,845,279,133.92,19328,3184,713,132,26,1.0,2.842170943040401e-14,1.0000000000000004,0.0,7.999999999999986,48355.200000000004,192,0.9742513180798796,5224,0.878917705490013,4440,0.9741015992228111,4024,0.8067531651093659,8824,20,0.48,2113.930514103739,0.06335118354482866
960,repeated_damage,13100,0.2,4.0,fixed,0.7499562490496945,0.07392748837540203,0,0,0,0.0,0,0,0,0,348,1.0,3.410605131648481e-13,1.0000000000000004,0.0,-1.0,483264.00000000006,1920,0.926792777026,0,0.7617971883313146,0,0.8721012225666538,0,0.682963292650405,0,0,0.0,21146.224249216975,0.0
960,repeated_damage,13100,0.2,2.3,pulse_only,0.8803187100106078,0.5447501470517206,241104,8240,5418,130.032,241104,0,8240,0,181,1.0,4.547473508864641e-13,1.0000000000000004,0.0,13.0,287668.8,1920,0.9765755522791766,62560,0.8764983651189766,44840,0.9574098188434612,45696,0.8436833280399968,88008,1,0.024,21146.224249216975,0.006149182873855836
960,repeated_damage,13100,0.2,4.0,hybrid_50,0.8866273643867999,0.5884690056045039,240736,8398,4898,117.552,208872,31864,7140,1258,186,1.0,3.410605131648481e-13,1.0000000000000004,0.0,7.999999999999986,483264.00000000006,1920,0.9760117757195426,57296,0.8868104782616062,46488,0.9654887287574474,43240,0.8471051252640729,93712,1,0.024,21146.224249216975,0.0055590065921273316
960,repeated_damage,13100,0.2,2.3,pulse_only,0.8722299663955261,0.5211488462727284,236088,8242,4785,574.1999999999999,236088,0,8242,0,203,1.0,3.410605131648481e-13,1.0000000000000004,0.0,13.0,287668.8,1920,0.9730778364845691,61680,0.8678247572239844,44152,0.9555934246682426,44608,0.8327508418449384,85648,5,0.12,21146.224249216975,0.027153783731450876
960,repeated_damage,13100,0.2,4.0,hybrid_50,0.8676192103193979,0.49702628786908626,237752,8458,4345,521.4,205080,32672,7130,1328,196,1.0,2.2737367544323206e-13,1.0000000000000004,0.0,7.999999999999986,483264.00000000006,1920,0.9698047454551846,56440,0.8638037461112031,46216,0.9546732101754137,42784,0.8259999424954876,92312,5,0.12,21146.224249216975,0.02465688407798413
960,repeated_damage,13100,0.2,2.3,pulse_only,0.8344263906204338,0.3704568352850688,221648,8250,2956,1418.8799999999999,221648,0,8250,0,246,1.0,2.2737367544323206e-13,1.0000000000000004,0.0,13.0,287668.8,1920,0.9585005908052959,58312,0.8317498591291576,40848,0.9344545696921159,41856,0.785750566830231,80632,20,0.48,21146.224249216975,0.06709850341497914
960,repeated_damage,13100,0.2,4.0,hybrid_50,0.8345554608651999,0.3411662789893427,230520,8687,2754,1321.9199999999998,193088,37432,7130,1557,240,1.0,2.2737367544323206e-13,1.0000000000000004,0.0,7.999999999999986,483264.00000000006,1920,0.9591309286355204,54208,0.8264417670622352,45000,0.9353990295545462,41240,0.7881905234220089,90072,20,0.48,21146.224249216975,0.06251328768770384
960,repeated_damage,13100,0.1,4.0,fixed,0.749914081566854,0.07387806050634627,0,0,0,0.0,0,0,0,0,348,1.0,3.410605131648481e-13,1.0000000000000004,0.0,-1.0,483552.0,1920,0.9261906875759351,0,0.7615047785112551,0,0.8721956160362621,0,0.6829779658599496,0,0,0.0,21146.224249216975,0.0
960,repeated_damage,13100,0.1,2.3,pulse_only,0.8859587113653169,0.5253823735878156,245096,8232,5941,142.584,245096,0,8232,0,173,1.0,3.410605131648481e-13,1.0000000000000004,0.0,13.0,287834.39999999997,1920,0.9750046602493202,63592,0.8768494281827092,45488,0.956603384879523,47128,0.8551910161995178,88888,1,0.024,21146.224249216975,0.0067427640187481585
960,repeated_damage,13100,0.1,4.0,hybrid_50,0.8844226827304693,0.5675866339036173,244768,8446,5258,126.19200000000001,211640,33128,7149,1297,174,1.0,3.410605131648481e-13,1.0000000000000004,0.0,7.999999999999986,483552.0,1920,0.9760333505899013,57968,0.8864230579067208,47264,0.957046575084966,44520,0.8471105489650952,95016,1,0.024,21146.224249216975,0.005967590171785527
960,repeated_damage,13100,0.1,2.3,pulse_only,0.8646343905915402,0.48454559503739236,238224,8245,5043,605.16,238224,0,8245,0,208,1.0,3.410605131648481e-13,1.0000000000000004,0.0,13.0,287834.39999999997,1920,0.9714676148761932,62496,0.8595353889487682,44216,0.9521270734774786,45400,0.8234375499699571,86112,5,0.12,21146.224249216975,0.028617874891892745
960,repeated_damage,13100,0.1,4.0,hybrid_50,0.8720768998212015,0.5147539571334515,240568,8517,4520,542.4,206528,34040,7140,1377,195,1.0,3.410605131648481e-13,1.0000000000000004,0.0,7.999999999999986,483552.0,1920,0.9705056209672469,57016,0.8688894372795672,46656,0.9506233658948811,43072,0.834397398055179,93824,5,0.12,21146.224249216975,0.025649969167431133
960,repeated_damage,13100,0.1,2.3,pulse_only,0.8277219299052916,0.30030866654947996,224040,8249,3258,1563.84,224040,0,8249,0,236,1.0,3.410605131648481e-13,1.0000000000000004,0.0,13.0,287834.39999999997,1920,0.9509760829784127,58888,0.8308918927611912,41424,0.9246207947569416,42648,0.7776875160515165,81080,20,0.48,21146.224249216975,0.0739536279181333
960,repeated_damage,13100,0.1,4.0,hybrid_50,0.8378915437915371,0.34440846671103176,230488,8608,2987,1433.76,194656,35832,7117,1491,220,1.0,3.410605131648481e-13,1.0000000000000004,0.0,7.999999999999986,483552.0,1920,0.9518804065464957,54728,0.8306265760623556,44688,0.9308703395732678,41848,0.7950346297652625,89224,20,0.48,21146.224249216975,0.06780217513550159
960,repeated_damage,13101,0.2,4.0,fixed,0.7546187313921262,0.07830302971480115,0,0,0,0.0,0,0,0,0,313,1.0,3.410605131648481e-13,1.0000000000000004,0.0,-1.0,483264.00000000006,1920,0.927584398260836,0,0.7288470192766909,0,0.8698351154825216,0,0.7098963954046462,0,0,0.0,21153.763130340252,0.0
960,repeated_damage,13101,0.2,2.3,pulse_only,0.9109341127168377,0.614204774815386,244728,8257,5820,139.68,244728,0,8257,0,150,1.0,4.547473508864641e-13,1.0000000000000004,0.0,13.0,287668.8,1920,0.9761730498915637,62656,0.9073244702773111,45816,0.9710696351527058,46784,0.8826711727186668,89472,1,0.024,21153.763130340252,0.006603080460878419
960,repeated_damage,13101,0.2,4.0,hybrid_50,0.9040852636171364,0.6275335703704903,241808,8318,5272,126.528,212336,29472,7162,1156,145,1.0,4.547473508864641e-13,1.0000000000000004,0.0,7.999999999999986,483264.00000000006,1920,0.9701905944901981,58144,0.8840890770860066,47616,0.9724244205697863,43952,0.8799137784063764,92096,1,0.024,21153.763130340252,0.005981347111641069
960,repeated_damage,13101,0.2,2.3,pulse_only,0.8839602470574026,0.5736379294695896,238984,8262,5087,610.4399999999999,238984,0,8262,0,172,1.0,3.410605131648481e-13,1.0000000000000004,0.0,13.0,287668.8,1920,0.9705625646506415,61968,0.8691486512927984,44512,0.9608073174346755,45296,0.8529425097510684,87208,5,0.12,21153.763130340252,0.028857276893890473
960,repeated_damage,13101,0.2,4.0,hybrid_50,0.8770414377561718,0.500673633330068,240664,8515,4538,544.56,206920,33744,7155,1360,180,1.0,3.410605131648481e-13,1.0000000000000004,0.0,7.999999999999986,483264.00000000006,1920,0.969152383659995,57888,0.8563695336833252,46736,0.957276462623311,43552,0.8472598773590257,92488,5,0.12,21153.763130340252,0.02574293739816689
960,repeated_damage,13101,0.2,2.3,pulse_only,0.8519604646963199,0.4075981069605612,224296,8275,3212,1541.76,224296,0,8275,0,197,1.0,3.410605131648481e-13,1.0000000000000004,0.0,13.0,287668.8,1920,0.9607957976274838,58344,0.8372181331702094,41304,0.9395118900814073,42776,0.8155559177668318,81872,20,0.48,21153.763130340252,0.07288348604928344
960,repeated_damage,13101,0.2,4.0,hybrid_50,0.8459266501088164,0.40589069279404516,229768,8632,2825,1356.0,193760,36008,7135,1497,228,1.0,3.410605131648481e-13,1.0000000000000004,0.0,7.999999999999986,483264.00000000006,1920,0.9574063275523191,54944,0.8347745546011768,44360,0.9373301618676803,42208,0.8058009419832042,88256,20,0.48,21153.763130340252,0.06410206976625955
960,repeated_damage,13101,0.1,4.0,fixed,0.7546110689272244,0.07818775290319264,0,0,0,0.0,0,0,0,0,313,1.0,3.410605131648481e-13,1.0000000000000004,0.0,-1.0,483552.0,1920,0.9269458735439253,0,0.728673483651097,0,0.8699462857301908,0,0.7099122531638049,0,0,0.0,21153.763130340252,0.0
960,repeated_damage,13101,0.1,2.3,pulse_only,0.9061012409991426,0.6087535769098014,247872,8253,6225,149.4,247872,0,8253,0,149,1.0,4.547473508864641e-13,1.0000000000000004,0.0,13.0,287834.39999999997,1920,0.9695733751101802,63800,0.8958649376975907,45712,0.9696259723264178,47960,0.8794570269862807,90400,1,0.024,21153.763130340252,0.0070625731733622256
960,repeated_damage,13101,0.1,4.0,hybrid_50,0.8978810849133837,0.614942190137167,244872,8390,5439,130.536,213208,31664,7160,1230,146,1.0,4.547473508864641e-13,1.0000000000000004,0.0,7.999999999999986,483552.0,1920,0.9680192489482438,59296,0.8789578061189944,47288,0.9667618852430484,44960,0.8729023241457459,93328,1,0.024,21153.763130340252,0.0061708169461714285
960,repeated_damage,13101,0.1,2.3,pulse_only,0.8911246875911794,0.5876978671654174,241808,8264,5434,652.0799999999999,241808,0,8264,0,158,1.0,3.410605131648481e-13,1.0000000000000004,0.0,13.0,287834.39999999997,1920,0.9677801306923127,63136,0.8756537083874532,44528,0.9602108114248079,46000,0.8643171152762285,88144,5,0.12,21153.763130340252,0.030825720983172954
960,repeated_damage,13101,0.1,4.0,hybrid_50,0.8853894272019986,0.5907661134926532,241008,8436,4818,578.16,208928,32080,7151,1285,173,1.0,3.410605131648481e-13,1.0000000000000004,0.0,7.999999999999986,483552.0,1920,0.9680278514505757,58136,0.8705948033834174,46856,0.9606287179662949,43704,0.8551670937291411,92312,5,0.12,21153.763130340252,0.027331307268481285
960,repeated_damage,13101,0.1,2.3,pulse_only,0.8467902829625392,0.3899735665341634,224816,8270,3292,1580.1599999999999,224816,0,8270,0,222,1.0,3.410605131648481e-13,1.0000000000000004,0.0,13.0,287834.39999999997,1920,0.9547991259099475,59432,0.8310997522581732,41264,0.9343041791047662,43384,0.810878600243609,80736,20,0.48,21153.763130340252,0.0746987659010713
960,repeated_damage,13101,0.1,4.0,hybrid_50,0.8440132086175763,0.41779820056279815,232088,8676,2983,1431.84,195136,36952,7143,1533,229,1.0,3.410605131648481e-13,1.0000000000000004,0.0,7.999999999999986,483552.0,1920,0.9574461634281177,55512,0.8364292709822942,44592,0.9413314311715356,42552,0.7991460661582376,89432,20,0.48,21153.763130340252,0.06768724747354062
960,repeated_damage,13102,0.2,4.0,fixed,0.757782894695773,0.08355027346445267,0,0,0,0.0,0,0,0,0,325,1.0,3.410605131648481e-13,1.0000000000000004,0.0,-1.0,483264.00000000006,1920,0.9267371581358427,0,0.7450924568287746,0,0.8717102109878779,0,0.7071644554832196,0,0,0.0,21152.436030812663,0.0
960,repeated_damage,13102,0.2,2.3,pulse_only,0.8926480176672592,0.5743262603623649,243720,8247,5724,137.376,243720,0,8247,0,150,1.0,4.547473508864641e-13,1.0000000000000004,0.0,13.0,287668.8,1920,0.9713870899862107,62768,0.878094078486753,45600,0.9530687642053383,46224,0.869714613988473,89128,1,0.024,21152.436030812663,0.006494571112276854
960,repeated_damage,13102,0.2,4.0,hybrid_50,0.8880445228338523,0.5955570701590799,241568,8398,5002,120.048,210032,31536,7147,1251,168,1.0,4.547473508864641e-13,1.0000000000000004,0.0,7.999999999999986,483264.00000000006,1920,0.9684571956083964,58072,0.8795515461253265,47272,0.9518179500893833,43880,0.8604042975603498,92344,1,0.024,21152.436030812663,0.0056753746861650635
960,repeated_damage,13102,0.2,2.3,pulse_only,0.8733320968072819,0.5586220525718925,238344,8250,5043,605.16,238344,0,8250,0,167,1.0,4.547473508864641e-13,1.0000000000000004,0.0,13.0,287668.8,1920,0.9665978056021873,61936,0.8489801660357112,44104,0.9504354980163953,44824,0.8469563615885103,87480,5,0.12,21152.436030812663,0.028609470754028803
960,repeated_damage,13102,0.2,4.0,hybrid_50,0.8708832969683835,0.49419785593476817,239032,8477,4448,533.76,206408,32624,7151,1326,172,1.0,3.410605131648481e-13,1.0000000000000004,0.0,7.999999999999986,483264.00000000006,1920,0.9664200868199243,57328,0.850863802034147,47032,0.9459053738472702,43672,0.8433820059960582,91000,5,0.12,21152.436030812663,0.02523397301485626
960,repeated_damage,13102,0.2,2.3,pulse_only,0.839685655913315,0.3969120907998694,222272,8263,2995,1437.6,222272,0,8263,0,223,1.0,3.410605131648481e-13,1.0000000000000004,0.0,13.0,287668.8,1920,0.9518158974787412,58336,0.8198608223971977,41280,0.9231493450154733,41992,0.8078662281202943,80664,20,0.48,21152.436030812663,0.06796380321896987
960,repeated_damage,13102,0.2,4.0,hybrid_50,0.8398646835178601,0.3546396398581404,230552,8687,2758,1323.84,193344,37208,7138,1549,216,1.0,3.410605131648481e-13,1.0000000000000004,0.0,7.999999999999986,483264.00000000006,1920,0.9485695377744577,55360,0.8223239218318409,45760,0.9232668496317779,42032,0.8069339813039111,87400,20,0.48,21152.436030812663,0.06258569925806975
960,repeated_damage,13102,0.1,4.0,fixed,0.7577486111318352,0.08337223420878576,0,0,0,0.0,0,0,0,0,325,1.0,4.547473508864641e-13,1.0000000000000004,0.0,-1.0,483552.0,1920,0.9261407475116068,0,0.744821130536476,0,0.8718268695356792,0,0.7071732222275928,0,0,0.0,21152.436030812663,0.0
960,repeated_damage,13102,0.1,2.3,pulse_only,0.8899128363870388,0.5805901974181353,247064,8248,6139,147.336,247064,0,8248,0,152,1.0,4.547473508864641e-13,1.0000000000000004,0.0,13.0,287834.39999999997,1920,0.9637378201078788,63936,0.8819839010306675,45400,0.9494521472592864,47096,0.8641076486291006,90632,1,0.024,21152.436030812663,0.0069654388641278145
960,repeated_damage,13102,0.1,4.0,hybrid_50,0.8974058073874763,0.6080729499213969,244096,8338,5498,131.952,213712,30384,7155,1183,151,1.0,3.410605131648481e-13,1.0000000000000004,0.0,7.999999999999986,483552.0,1920,0.9685288307356823,58488,0.8820083391678125,48064,0.9549363036648133,44712,0.8763392933586397,92832,1,0.024,21152.436030812663,0.00623814674620862
960,repeated_damage,13102,0.1,2.3,pulse_only,0.8769859820824292,0.5314667676221082,240336,8248,5298,635.76,240336,0,8248,0,178,1.0,3.410605131648481e-13,1.0000000000000004,0.0,13.0,287834.39999999997,1920,0.9637410244561154,63040,0.8587221375368392,44184,0.9539408111745667,45720,0.8476404898091557,87392,5,0.12,21152.436030812663,0.030056112642245607
960,repeated_damage,13102,0.1,4.0,hybrid_50,0.8773107035211853,0.5285352819509803,240760,8449,4748,569.76,208592,32168,7151,1298,146,1.0,3.410605131648481e-13,1.0000000000000004,0.0,7.999999999999986,483552.0,1920,0.9646037324023584,57416,0.854461702593904,47760,0.9482718755486892,44136,0.853254617971074,91448,5,0.12,21152.436030812663,0.0269359046480525
960,repeated_damage,13102,0.1,2.3,pulse_only,0.840837466645152,0.36493335759417533,223640,8261,3172,1522.56,223640,0,8261,0,215,1.0,2.2737367544323206e-13,1.0000000000000004,0.0,13.0,287834.39999999997,1920,0.9507667484574772,59224,0.8166716651264475,40920,0.9245145870593462,42624,0.8110818071974069,80872,20,0.48,21152.436030812663,0.071980361873313
960,repeated_damage,13102,0.1,4.0,hybrid_50,0.8438259463580616,0.3488481014706771,231400,8681,2882,1383.36,194040,37360,7126,1555,217,1.0,3.410605131648481e-13,1.0000000000000004,0.0,7.999999999999986,483552.0,1920,0.9484596138630588,55512,0.8343684292431781,45280,0.9214755756338379,42624,0.8097298902776152,87984,20,0.48,21152.436030812663,0.06539955955828754
960,repeated_damage,13103,0.2,4.0,fixed,0.7253681128601978,0.044647070793200905,0,0,0,0.0,0,0,0,0,360,1.0,3.410605131648481e-13,1.0000000000000004,0.0,-1.0,483264.00000000006,1920,0.9149118624155681,0,0.7140538216888916,0,0.8534388128016184,0,0.6669899084751404,0,0,0.0,21075.386991704836,0.0
960,repeated_damage,13103,0.2,2.3,pulse_only,0.8531580060494127,0.394476189837461,238440,8250,5055,121.32000000000001,238440,0,8250,0,185,1.0,3.410605131648481e-13,1.0000000000000004,0.0,13.0,287668.8,1920,0.9556607896307285,62128,0.830940565647775,44320,0.9287475254732088,45120,0.8264719665383332,86872,1,0.024,21075.386991704836,0.005756477926016302
960,repeated_damage,13103,0.2,4.0,hybrid_50,0.8450524091015997,0.3963963888676633,248176,8865,4427,106.248,205048,43128,7143,1722,204,1.0,3.410605131648481e-13,1.0000000000000002,0.0,7.999999999999986,483264.00000000006,1920,0.9621255906012683,58120,0.8151824225960138,49472,0.9331795556184345,44808,0.815923829095975,95776,1,0.024,21075.386991704836,0.005041330915622981
960,repeated_damage,13103,0.2,2.3,pulse_only,0.8428718285105193,0.33630579485120493,233080,8247,4394,527.28,233080,0,8247,0,214,1.0,3.410605131648481e-13,1.0000000000000004,0.0,13.0,287668.8,1920,0.9543139366159913,61032,0.8256581887381294,43424,0.9291489900786438,43944,0.8083400676126521,84680,5,0.12,21075.386991704836,0.025018757672517933
960,repeated_damage,13103,0.2,4.0,hybrid_50,0.8340043385313126,0.3395143013508893,243264,8849,3861,463.32,201232,42032,7132,1717,226,1.0,4.547473508864641e-13,1.0000000000000004,0.0,7.999999999999986,483264.00000000006,1920,0.9551344628714195,57688,0.8074575146513363,48272,0.9292574365602938,43144,0.7996512014568101,94160,5,0.12,21075.386991704836,0.02198393795484564
960,repeated_damage,13103,0.2,2.3,pulse_only,0.804369134520467,0.22956302909809292,220328,8259,2764,1326.72,220328,0,8259,0,261,1.0,2.2737367544323206e-13,1.0000000000000004,0.0,13.0,287668.8,1920,0.9410415498248158,57512,0.7927866650764246,40704,0.9060869731443414,41520,0.7593014499305509,80592,20,0.48,21075.386991704836,0.06295115722060952
960,repeated_damage,13103,0.2,4.0,hybrid_50,0.8146829157176986,0.2707306018050792,233800,8926,2447,1174.56,190456,43344,7127,1799,238,1.0,3.410605131648481e-13,1.0000000000000002,0.0,7.999999999999986,483264.00000000006,1920,0.9449030554127362,54544,0.7911056032138722,46752,0.9080449375867603,42592,0.779790561035081,89912,20,0.48,21075.386991704836,0.05573136096918651
960,repeated_damage,13103,0.1,4.0,fixed,0.7253262012654422,0.04414928767543547,0,0,0,0.0,0,0,0,0,360,1.0,3.410605131648481e-13,1.0000000000000004,0.0,-1.0,483552.0,1920,0.91426446068971,0,0.7137753899891516,0,0.8535385059350994,0,0.6669954545687587,0,0,0.0,21075.386991704836,0.0
960,repeated_damage,13103,0.1,2.3,pulse_only,0.8528857597494316,0.41438784229618547,239976,8245,5262,126.288,239976,0,8245,0,201,1.0,3.410605131648481e-13,1.0000000000000004,0.0,13.0,287834.39999999997,1920,0.959639220207567,63216,0.8311701045193548,44032,0.9339186256356995,45616,0.8232271544213361,87112,1,0.024,21075.386991704836,0.005992203134856138
960,repeated_damage,13103,0.1,4.0,hybrid_50,0.853513441175646,0.43033077974900635,250376,8838,4783,114.792,207496,42880,7140,1698,194,1.0,3.410605131648481e-13,1.0000000000000004,0.0,7.999999999999986,483552.0,1920,0.9596005041544723,59760,0.8263404567794782,49296,0.9321052632237293,45216,0.8278040223496882,96104,1,0.024,21075.386991704836,0.005446732724062507
960,repeated_damage,13103,0.1,2.3,pulse_only,0.8397860975750219,0.357076835243649,234976,8253,4613,553.56,234976,0,8253,0,223,1.0,3.410605131648481e-13,1.0000000000000004,0.0,13.0,287834.39999999997,1920,0.9534265115510129,61872,0.8152900562905283,43064,0.9253017002564669,44520,0.8092763168765461,85520,5,0.12,21075.386991704836,0.026265709864206923
960,repeated_damage,13103,0.1,4.0,hybrid_50,0.8349102916904184,0.3778999329764766,246136,8899,4070,488.4,202728,43408,7129,1770,229,1.0,4.547473508864641e-13,1.0000000000000004,0.0,7.999999999999986,483552.0,1920,0.9553094152496129,57792,0.814780638895897,48752,0.9269065101460159,44432,0.7989770088598804,95160,5,0.12,21075.386991704836,0.023173951690293123
960,repeated_damage,13103,0.1,2.3,pulse_only,0.8105907336755,0.25212801372145094,222256,8259,3005,1442.3999999999999,222256,0,8259,0,258,1.0,3.410605131648481e-13,1.0000000000000004,0.0,13.0,287834.39999999997,1920,0.9416197680958543,58344,0.7957035166995936,40952,0.9074812121002466,42432,0.76958910295108,80528,20,0.48,21075.386991704836,0.06844002440229074
960,repeated_damage,13103,0.1,4.0,hybrid_50,0.8123600022059076,0.25047892369141084,235976,8948,2653,1273.44,191808,44168,7116,1832,242,1.0,3.410605131648481e-13,1.0000000000000004,0.0,7.999999999999986,483552.0,1920,0.9410015187924881,55128,0.7825983503637752,47000,0.9072408668265824,43112,0.7798003958166363,90736,20,0.48,21075.386991704836,0.06042308976348664
960,repeated_damage,13104,0.2,4.0,fixed,0.7177362211821505,0.03448990889913298,0,0,0,0.0,0,0,0,0,381,1.0,3.410605131648481e-13,1.0000000000000004,0.0,-1.0,483264.00000000006,1920,0.9116483824916919,0,0.7113833874314937,0,0.8488338817109847,0,0.6553638077930618,0,0,0.0,21180.10483692002,0.0
960,repeated_damage,13104,0.2,2.3,pulse_only,0.8763988091799649,0.4590138410900682,241960,8235,5540,132.96,241960,0,8235,0,175,1.0,4.547473508864641e-13,1.0000000000000004,0.0,13.0,287668.8,1920,0.9480877941535417,60696,0.8618782752454879,46032,0.928595891982233,45736,0.8575605347460696,89496,1,0.024,21180.10483692002,0.006277589323742689
960,repeated_damage,13104,0.2,4.0,hybrid_50,0.8693080904002516,0.5313959060686884,245528,8611,4858,116.592,209296,36232,7159,1452,176,1.0,3.410605131648481e-13,1.0000000000000004,0.0,7.999999999999986,483264.00000000006,1920,0.9483564481649004,58088,0.8370095814393297,48592,0.9324255597709958,44544,0.8538986101953402,94304,1,0.024,21180.10483692002,0.005504788616379419
960,repeated_damage,13104,0.2,2.3,pulse_only,0.8634058931930567,0.46451421452938846,236720,8239,4873,584.76,236720,0,8239,0,194,1.0,3.410605131648481e-13,1.0000000000000004,0.0,13.0,287668.8,1920,0.9470392927080178,60336,0.8560159023128836,45184,0.9295484490680068,45184,0.8340296106956683,86016,5,0.12,21180.10483692002,0.02760892849692971
960,repeated_damage,13104,0.2,4.0,hybrid_50,0.8533499024307262,0.43234080602036495,242664,8654,4371,524.52,205968,36696,7151,1503,204,1.0,3.410605131648481e-13,1.0000000000000004,0.0,7.999999999999986,483264.00000000006,1920,0.9434421625653088,57392,0.8383048032332749,47240,0.9276369228627298,44048,0.8237289418134499,93984,5,0.12,21180.10483692002,0.024764749940504774
960,repeated_damage,13104,0.2,2.3,pulse_only,0.8213691967011074,0.29332826531087286,221832,8247,2988,1434.24,221832,0,8247,0,248,1.0,2.2737367544323206e-13,1.0000000000000004,0.0,13.0,287668.8,1920,0.9393585512384768,57472,0.7935754645581311,42056,0.9118741021435554,42104,0.7900136100513716,80200,20,0.48,21180.10483692002,0.06771637869798972
960,repeated_damage,13104,0.2,4.0,hybrid_50,0.819190402140711,0.3045840086845212,237192,8980,2709,1300.32,192560,44632,7128,1852,258,1.0,3.410605131648481e-13,1.0000000000000004,0.0,7.999999999999986,483264.00000000006,1920,0.9387153154292551,54992,0.7979603052348244,46936,0.9069644082091388,43632,0.7859184475594406,91632,20,0.48,21180.10483692002,0.06139346381956297
960,repeated_damage,13104,0.1,4.0,fixed,0.7177246508768318,0.03429744513933446,0,0,0,0.0,0,0,0,0,381,1.0,3.410605131648481e-13,1.0000000000000004,0.0,-1.0,483552.0,1920,0.9109669309069316,0,0.7111890366096254,0,0.8489406878807303,0,0.6553844395084857,0,0,0.0,21180.10483692002,0.0
960,repeated_damage,13104,0.1,2.3,pulse_only,0.8799407956119879,0.551579292830357,244840,8233,5906,141.744,244840,0,8233,0,184,1.0,6.821210263296962e-13,1.0000000000000004,0.0,13.0,287834.39999999997,1920,0.9488160903154281,61928,0.8585800134243002,45888,0.93486331767698,46392,0.8631599256733354,90632,1,0.024,21180.10483692002,0.006692318149101862
960,repeated_damage,13104,0.1,4.0,hybrid_50,0.8716573344672051,0.5180313643270753,247168,8567,5195,124.68,211240,35928,7149,1418,172,1.0,4.547473508864641e-13,1.0000000000000004,0.0,7.999999999999986,483552.0,1920,0.9479254466345789,59056,0.8462537090071391,48296,0.9321659460211457,44920,0.8541048414202678,94896,1,0.024,21180.10483692002,0.005886656414592647
960,repeated_damage,13104,0.1,2.3,pulse_only,0.8587841620452061,0.41381175603861864,239352,8238,5205,624.6,239352,0,8238,0,194,1.0,3.410605131648481e-13,1.0000000000000004,0.0,13.0,287834.39999999997,1920,0.9451596506567611,61304,0.8411858199146919,44976,0.925612512068915,45768,0.8341691580986089,87304,5,0.12,21180.10483692002,0.029489939016318314
960,repeated_damage,13104,0.1,4.0,hybrid_50,0.8605188945464977,0.4538490432111314,244608,8670,4566,547.92,206752,37856,7143,1527,181,1.0,4.547473508864641e-13,1.0000000000000004,0.0,7.999999999999986,483552.0,1920,0.9430023957221861,58072,0.8327635379155343,48456,0.9221103331795485,44968,0.8436008535454539,93112,5,0.12,21180.10483692002,0.025869560335928802
960,repeated_damage,13104,0.1,2.3,pulse_only,0.8138071494813207,0.27405778090279503,223960,8245,3260,1564.8,223960,0,8245,0,263,1.0,3.410605131648481e-13,1.0000000000000004,0.0,13.0,287834.39999999997,1920,0.938579989185525,58168,0.7847771754923754,41952,0.9123362943023857,42984,0.7790575640652612,80856,20,0.48,21180.10483692002,0.07388065413502225
960,repeated_damage,13104,0.1,4.0,hybrid_50,0.8189583962492929,0.29819393877489986,237072,8945,2799,1343.52,193344,43728,7126,1819,252,1.0,3.410605131648481e-13,1.0000000000000004,0.0,7.999999999999986,483552.0,1920,0.9387801997587306,55328,0.7971263480136156,47032,0.9111333241062838,43456,0.783786956438636,91256,20,0.48,21180.10483692002,0.06343311378034579
960,repeated_damage,13105,0.2,4.0,fixed,0.7285394373038323,4.4851319424568164e-05,0,0,0,0.0,0,0,0,0,331,1.0,3.410605131648481e-13,1.0000000000000004,0.0,-1.0,483264.00000000006,1920,0.885935009603346,0,0.7048115321999667,0,0.8260854327946714,0,0.6916303921103456,0,0,0.0,21122.854281768392,0.0
960,repeated_damage,13105,0.2,2.3,pulse_only,0.8421244152876936,0.2984057053220297,237384,8213,5034,120.816,237384,0,8213,0,199,1.0,4.547473508864641e-13,1.0000000000000004,0.0,13.0,287668.8,1920,0.9275142019766871,61072,0.8147109292442675,44256,0.9093179743128079,44384,0.8222343787968494,87672,1,0.024,21122.854281768392,0.005719681553845637
960,repeated_damage,13105,0.2,4.0,hybrid_50,0.8403307067916703,0.2652828929678729,249352,8875,4544,109.056,205880,43472,7136,1739,194,1.0,3.410605131648481e-13,1.0000000000000004,0.0,7.999999999999986,483264.00000000006,1920,0.9286035958483705,58400,0.8212610556705436,48256,0.909489031210936,45488,0.8152863701426007,97208,1,0.024,21122.854281768392,0.005162938613562688
960,repeated_damage,13105,0.2,2.3,pulse_only,0.829581185167568,0.2656809251968185,234712,8216,4691,562.92,234712,0,8216,0,200,1.0,3.410605131648481e-13,1.0000000000000004,0.0,13.0,287668.8,1920,0.9244377260694978,60432,0.8015277100141651,43904,0.9050966512658702,43888,0.8058501896951182,86488,5,0.12,21122.854281768392,0.026649807478237864
960,repeated_damage,13105,0.2,4.0,hybrid_50,0.8290069007777957,0.21871324695577765,246032,8844,4222,506.64,204064,41968,7131,1713,210,1.0,3.410605131648481e-13,1.0000000000000004,0.0,7.999999999999986,483264.00000000006,1920,0.9239040541807239,57224,0.8061123665766187,48080,0.9064780978682845,44480,0.80171856933314,96248,5,0.12,21122.854281768392,0.023985394835455184
960,repeated_damage,13105,0.2,2.3,pulse_only,0.8095215881471758,0.11611788164153146,226008,8215,3606,1730.8799999999999,226008,0,8215,0,217,1.0,3.410605131648481e-13,1.0000000000000004,0.0,13.0,287668.8,1920,0.9119411902490829,58328,0.779290275519572,42056,0.8821595417127039,42344,0.7883182676782138,83280,20,0.48,21122.854281768392,0.0819434711289923
960,repeated_damage,13105,0.2,4.0,hybrid_50,0.8132902439534491,0.12132472901107573,239384,8868,3319,1593.12,197776,41608,7139,1729,208,1.0,3.410605131648481e-13,1.0000000000000004,0.0,7.999999999999986,483264.00000000006,1920,0.9129603623513567,55584,0.7876265919842889,47000,0.8861960097701882,44392,0.7896691870296595,92408,20,0.48,21122.854281768392,0.07542162525710634
960,repeated_damage,13105,0.1,4.0,fixed,0.7285495616962349,3.905405646541809e-05,0,0,0,0.0,0,0,0,0,331,1.0,3.410605131648481e-13,1.0000000000000004,0.0,-1.0,483552.0,1920,0.8853145069210444,0,0.7047094264558175,0,0.8261891448758348,0,0.6916498377266435,0,0,0.0,21122.854281768392,0.0
960,repeated_damage,13105,0.1,2.3,pulse_only,0.844130822059038,0.3206898961669428,240192,8210,5394,129.456,240192,0,8210,0,191,1.0,4.547473508864641e-13,1.0000000000000004,0.0,13.0,287834.39999999997,1920,0.9262821066715353,62272,0.8174408132279567,44312,0.9106404450234145,45248,0.8242210149923904,88360,1,0.024,21122.854281768392,0.006128717183441272
960,repeated_damage,13105,0.1,4.0,hybrid_50,0.8364812802351334,0.3291462186632807,253464,8933,4884,117.21600000000001,208456,45008,7143,1790,191,1.0,3.410605131648481e-13,1.0000000000000004,0.0,7.999999999999986,483552.0,1920,0.9307813314140791,59016,0.8121895669434782,50040,0.9087603058592454,46352,0.8124876240689048,98056,1,0.024,21122.854281768392,0.005549250041514122
960,repeated_damage,13105,0.1,2.3,pulse_only,0.8289921925330421,0.24161189141239114,236480,8214,4918,590.16,236480,0,8214,0,208,1.0,3.410605131648481e-13,1.0000000000000004,0.0,13.0,287834.39999999997,1920,0.9255806937993818,61416,0.8133825973039387,43696,0.9069769986377866,44848,0.7978045870952216,86520,5,0.12,21122.854281768392,0.027939405921546326
960,repeated_damage,13105,0.1,4.0,hybrid_50,0.8345083114828012,0.23362763590422295,247240,8816,4457,534.84,205744,41496,7137,1679,194,1.0,3.410605131648481e-13,1.0000000000000004,0.0,7.999999999999986,483552.0,1920,0.9272575261954804,57992,0.8163098820751453,48392,0.908517379017547,44872,0.8066029924192559,95984,5,0.12,21122.854281768392,0.025320441682052053
960,repeated_damage,13105,0.1,2.3,pulse_only,0.8075361317337422,0.1494588162078626,227712,8213,3825,1836.0,227712,0,8213,0,222,1.0,3.410605131648481e-13,1.0000000000000004,0.0,13.0,287834.39999999997,1920,0.9104383118030754,59000,0.7825206361564723,42216,0.887239898532421,43008,0.7801919961230376,83488,20,0.48,21122.854281768392,0.08692007128907255
960,repeated_damage,13105,0.1,4.0,hybrid_50,0.8181675484841594,0.13555223031791935,240440,8877,3424,1643.52,198456,41984,7131,1746,210,1.0,3.410605131648481e-13,1.0000000000000004,0.0,7.999999999999986,483552.0,1920,0.9139009858130249,55840,0.7823238723777397,47608,0.8872091314842611,44520,0.8015685950373184,92472,20,0.48,21122.854281768392,0.07780766642974755
