n,scenario,dt,seeds,policy,cost_factor,service,p10,messages,requests,swaps,resource_cost,cost_fraction,success_fraction,active_need_end,source_reach_end,pulse_messages,signal_messages
96,persistent_damage,0.2,30,fixed,0,0.6774888712355723,0.05291733114855146,0.0,0.0,0.0,0.0,0.0,0.0,34.96666666666667,1.0,0.0,0.0
96,persistent_damage,0.2,30,pulse_only,1,0.910399527719218,0.6486892696691452,24574.133333333335,823.3,601.8666666666667,14.444799999999999,0.006834649746909697,0.7310808274136434,10.166666666666666,1.0,24574.133333333335,0.0
96,persistent_damage,0.2,30,hybrid_50,1,0.9090835593381356,0.6367638025088167,24009.6,823.2666666666667,531.4,12.7536,0.006033769712977875,0.656069113372927,10.6,1.0,21253.6,2756.0
96,persistent_damage,0.2,30,pulse_only,5,0.8884606788965075,0.5159325171626689,23837.866666666665,824.0,507.73333333333335,60.928,0.028829467913988275,0.6161485089417004,13.7,1.0,23837.866666666665,0.0
96,persistent_damage,0.2,30,hybrid_50,5,0.8889736737116402,0.5203773777806188,23738.933333333334,839.1333333333333,449.96666666666664,53.99600000000001,0.025549399696426757,0.540563861620165,13.7,1.0,20664.533333333333,3074.4
96,persistent_damage,0.2,30,pulse_only,20,0.8098708862861514,0.20088997466334615,21908.533333333333,825.5333333333333,261.96666666666664,125.744,0.05950782973481666,0.3173776275683,21.3,1.0,21908.533333333333,0.0
96,persistent_damage,0.2,30,hybrid_50,20,0.8166108406042193,0.22612662137087491,23054.933333333334,881.1,238.56666666666666,114.512,0.054176247578461144,0.27103698973447804,20.633333333333333,1.0,19037.866666666665,4017.0666666666666
96,repeated_damage,0.2,30,fixed,0,0.748824294303991,0.19189507885970017,0.0,0.0,0.0,0.0,0.0,0.0,34.166666666666664,1.0,0.0,0.0
96,repeated_damage,0.2,30,pulse_only,1,0.9170512462652495,0.6914595782210149,24658.133333333335,823.3333333333334,612.2666666666667,14.6944,0.006952376030968372,0.743680685719233,12.933333333333334,1.0,24658.133333333335,0.0
96,repeated_damage,0.2,30,hybrid_50,1,0.9166081835676664,0.6902008808126066,24040.0,818.7666666666667,548.7,13.168800000000001,0.00623027771595672,0.6781210914832522,13.366666666666667,1.0,21360.266666666666,2679.733333333333
96,repeated_damage,0.2,30,pulse_only,5,0.9010901114874501,0.620880522184832,24045.066666666666,823.9666666666667,533.7333333333333,64.04799999999999,0.03030481119039955,0.6477846529070523,15.133333333333333,1.0,24045.066666666666,0.0
96,repeated_damage,0.2,30,hybrid_50,5,0.8985775410185626,0.6043427041285477,23753.6,830.3,478.3,57.39599999999998,0.02715763878831236,0.581836584200165,16.1,1.0,20866.666666666668,2886.9333333333334
96,repeated_damage,0.2,30,pulse_only,20,0.8520310388403123,0.44455906856080435,22166.4,825.8,293.4,140.832,0.06663385364513161,0.35530690296207695,22.066666666666666,1.0,22166.4,0.0
96,repeated_damage,0.2,30,hybrid_50,20,0.8530344605957836,0.4473757380369855,22772.0,859.8333333333334,267.0,128.15999999999997,0.06063572744982264,0.31014539365097604,22.266666666666666,1.0,19250.666666666668,3521.3333333333335
96,scarcity,0.2,30,fixed,0,0.6350784389278427,0.002136180437842916,0.0,0.0,0.0,0.0,0.0,0.0,39.166666666666664,1.0,0.0,0.0
96,scarcity,0.2,30,pulse_only,1,0.6517101601721448,0.010711869231187287,20774.4,826.0333333333333,118.7,2.8488,0.002472391169888365,0.14374974993504344,42.333333333333336,1.0,20774.4,0.0
96,scarcity,0.2,30,hybrid_50,1,0.6520775199321359,0.022263885558613115,27607.733333333334,1114.4666666666667,107.56666666666666,2.5816,0.002240672723402222,0.0975580327546612,42.96666666666667,1.0,17828.533333333333,9779.2
96,scarcity,0.2,30,pulse_only,5,0.64956861566337,0.01562143907628934,20477.6,826.0,81.7,9.804,0.008511975348893872,0.09894809745180208,41.86666666666667,1.0,20477.6,0.0
96,scarcity,0.2,30,hybrid_50,5,0.6496014427395801,0.026576120843426157,27192.0,1107.8666666666666,75.4,9.047999999999998,0.007854592227532485,0.06893290238911211,42.2,1.0,17577.866666666665,9614.133333333333
96,scarcity,0.2,30,pulse_only,20,0.6433676320481012,0.0005523337420888635,20049.866666666665,826.0666666666667,28.033333333333335,13.455999999999996,0.011687871126080425,0.03396616335674571,39.13333333333333,1.0,20049.866666666665,0.0
96,scarcity,0.2,30,hybrid_50,20,0.6435722288079705,0.0008674394551982638,26167.2,1081.4,26.7,12.816,0.011133616891561504,0.025103744751852636,39.233333333333334,1.0,17200.0,8967.2
96,uniform,0.2,30,fixed,0,0.9109079290046088,0.626379155699177,0.0,0.0,0.0,0.0,0.0,0.0,10.0,1.0,0.0,0.0
96,uniform,0.2,30,pulse_only,1,0.977378090047191,0.9375641556285907,24942.133333333335,823.3333333333334,647.7666666666667,15.5464,0.007356585449180251,0.7867743372950581,2.7333333333333334,1.0,24942.133333333335,0.0
96,uniform,0.2,30,hybrid_50,1,0.9773841417466385,0.9302002499231729,22785.066666666666,757.9666666666667,574.2333333333333,13.781600000000003,0.006521722334929648,0.7650442384433485,2.7333333333333334,1.0,21723.466666666667,1061.6
96,uniform,0.2,30,pulse_only,5,0.9747385276436458,0.9402523175813128,24723.2,823.7,619.3,74.316,0.03516218840924931,0.7519346195544393,2.8333333333333335,1.0,24723.2,0.0
96,uniform,0.2,30,hybrid_50,5,0.9747371354003213,0.9292544995299127,22588.8,756.6666666666666,553.6,66.43199999999999,0.03143481709636543,0.7389753094314767,2.8,1.0,21604.266666666666,984.5333333333333
96,uniform,0.2,30,pulse_only,20,0.9619944192164348,0.9004051832778486,23623.466666666667,824.0666666666667,480.73333333333335,230.752,0.1091590258556559,0.5833890493202876,3.8333333333333335,1.0,23623.466666666667,0.0
96,uniform,0.2,30,hybrid_50,20,0.9656407536299128,0.9093765375851629,21770.4,761.6,436.5,209.51999999999998,0.09912718717947556,0.5786178706876819,3.7666666666666666,1.0,20692.0,1078.4
960,persistent_damage,0.2,30,fixed,0,0.6806367139985896,0.005231874232062819,0.0,0.0,0.0,0.0,0.0,0.0,347.6666666666667,1.0,0.0,0.0
960,persistent_damage,0.2,30,pulse_only,1,0.8663617895269304,0.3247528444911778,240386.93333333332,8242.133333333333,5321.966666666666,127.72720000000002,0.00604919656266037,0.645713372316044,148.9,1.0,240386.93333333332,0.0
960,persistent_damage,0.2,30,hybrid_50,1,0.867792779755076,0.32008146870646537,242644.26666666666,8530.8,4738.133333333333,113.71520000000001,0.005385594292866031,0.5565058178043866,148.36666666666667,1.0,208004.26666666666,34640.0
960,persistent_damage,0.2,30,pulse_only,5,0.8462334568648645,0.23364326535768087,235301.6,8246.566666666668,4673.0,560.76,0.026558263639846442,0.5666704272871514,169.83333333333334,1.0,235301.6,0.0
960,persistent_damage,0.2,30,hybrid_50,5,0.8447293773783122,0.2269252522968694,240849.86666666667,8667.233333333334,4104.533333333334,492.54400000000004,0.02332729982266971,0.47426148867088613,170.3,1.0,203529.06666666668,37320.8
960,persistent_damage,0.2,30,pulse_only,20,0.7913485778832345,0.10115452328093721,219939.73333333334,8255.666666666666,2725.4666666666667,1308.2240000000004,0.0619579778677074,0.3301536487600846,228.13333333333333,1.0,219939.73333333334,0.0
960,persistent_damage,0.2,30,hybrid_50,20,0.7931589848693691,0.10481461699088016,235541.06666666668,9000.3,2441.733333333333,1172.032,0.055508102232191645,0.2715292767434036,225.83333333333334,1.0,190754.93333333332,44786.13333333333
960,repeated_damage,0.2,30,fixed,0,0.7458065831068476,0.07255556399015689,0.0,0.0,0.0,0.0,0.0,0.0,340.46666666666664,1.0,0.0,0.0
960,repeated_damage,0.2,30,pulse_only,1,0.8802339090956861,0.5314365088734033,241540.8,8244.4,5459.4,131.02560000000003,0.006205303900110568,0.662199818776712,165.66666666666666,1.0,241540.8,0.0
960,repeated_damage,0.2,30,hybrid_50,1,0.8795155709371254,0.534382236023847,242911.73333333334,8493.966666666667,4882.066666666667,117.1696,0.005549094013558355,0.5755979158700367,173.16666666666666,1.0,209047.2,33864.53333333333
960,repeated_damage,0.2,30,pulse_only,5,0.8655630880237802,0.464627225851376,236662.4,8247.666666666666,4839.8,580.776,0.027505837742701204,0.586822785575882,187.43333333333334,1.0,236662.4,0.0
960,repeated_damage,0.2,30,hybrid_50,5,0.8635212746643338,0.46210204765284796,240145.6,8583.2,4268.6,512.2320000000001,0.024259283751820612,0.4980108006230141,192.83333333333334,1.0,204691.46666666667,35454.13333333333
960,repeated_damage,0.2,30,pulse_only,20,0.8306826293857708,0.3083056268249772,222108.53333333333,8256.466666666667,2994.1666666666665,1437.2000000000003,0.06806630242785719,0.3626616706850119,234.7,1.0,222108.53333333333,0.0
960,repeated_damage,0.2,30,hybrid_50,20,0.8317438137955548,0.31985200275045234,232195.73333333334,8778.4,2689.266666666667,1290.8480000000002,0.061135611213290704,0.30653294076170684,233.03333333333333,1.0,192591.73333333334,39604.0
960,scarcity,0.2,30,fixed,0,0.6294831953247899,0.0,0.0,0.0,0.0,0.0,0.0,0.0,402.0,1.0,0.0,0.0
960,scarcity,0.2,30,pulse_only,1,0.6479384872851754,0.0,208937.6,8260.866666666667,1334.6,32.03040000000001,0.002780586621651786,0.16155556411218164,420.8,1.0,208937.6,0.0
960,scarcity,0.2,30,hybrid_50,1,0.6477835557287658,0.0,276251.73333333334,11109.366666666667,1203.3666666666666,28.8808,0.002507174337299855,0.10836105261368774,425.2,1.0,179156.53333333333,97095.2
960,scarcity,0.2,30,pulse_only,5,0.6451023294139738,0.0,206184.53333333333,8261.533333333333,988.4666666666667,118.616,0.010296467460336882,0.11964599834767811,418.4,1.0,206184.53333333333,0.0
960,scarcity,0.2,30,hybrid_50,5,0.6451811401066312,0.0,272566.13333333336,11059.266666666666,892.9666666666667,107.15599999999999,0.00930177851660897,0.08078202365321675,419.1,1.0,176907.2,95658.93333333333
960,scarcity,0.2,30,pulse_only,20,0.6385571879821129,0.0,201314.13333333333,8262.333333333334,377.26666666666665,181.08800000000002,0.015715345295420007,0.045660263278637474,400.03333333333336,1.0,201314.13333333333,0.0
960,scarcity,0.2,30,hybrid_50,20,0.6387378876762393,0.0,264172.0,10887.7,358.4,172.03200000000004,0.014929420101226937,0.03290786357595677,398.5,1.0,172754.66666666666,91417.33333333333
960,uniform,0.2,30,fixed,0,0.8958747757512813,0.48605417431219167,0.0,0.0,0.0,0.0,0.0,0.0,115.26666666666667,1.0,0.0,0.0
960,uniform,0.2,30,pulse_only,1,0.9559573722870758,0.9450634040222057,244594.93333333332,8241.8,5848.966666666666,140.37520000000004,0.006647974432957292,0.7096733583850738,51.46666666666667,1.0,244594.93333333332,0.0
960,uniform,0.2,30,hybrid_50,1,0.9564642738902527,0.9550369157621663,227914.66666666666,7775.9,5161.633333333333,123.87920000000001,0.005866691010101241,0.6648440381860842,51.266666666666666,1.0,212609.06666666668,15305.6
960,uniform,0.2,30,pulse_only,5,0.9520077013668106,0.9458085419051745,241392.0,8243.8,5442.6,653.1120000000002,0.03093088277706579,0.6602044872319995,54.266666666666666,1.0,241392.0,0.0
960,uniform,0.2,30,hybrid_50,5,0.952322580650523,0.9561616074559047,225074.4,7778.066666666667,4800.1,576.0120000000001,0.02727920714840123,0.6180208991403883,53.13333333333333,1.0,210080.26666666666,14994.133333333333
960,uniform,0.2,30,pulse_only,20,0.9398724691975737,0.9224942722040087,231521.86666666667,8249.333333333334,4192.233333333334,2012.272,0.09530297528005792,0.5081968303129165,64.56666666666666,1.0,231521.86666666667,0.0
960,uniform,0.2,30,hybrid_50,20,0.9405330675887472,0.9279042973640386,218488.0,7850.0,3761.0,1805.28,0.08549983030089817,0.47958102564721034,64.03333333333333,1.0,201971.2,16516.8
