n,cost_multiplier,scenario,policy,dt,total,recovered,not_recovered,unaffected,branch,quiet_service_mean,quiet_p10_mean,quiet_low_time_fraction_mean,quiet_relapse_mean,quiet_cost_mean,quiet_stock_end_mean,quiet_fork_edge_share_mean,second_service_mean,second_p10_mean,second_low_time_fraction_mean,second_unrecovered_mean,second_cost_mean
96,20,temporary_damage,experience_swap,0.05,30,27,0,3,continue,0.9999999999999999,0.9999999999999902,0.0,0.0,28.800000000000004,69.12311729068422,0.6240354938271605,0.9339888850585363,0.7663716483457699,0.8706172839506173,1.0,57.60000000000005
96,20,temporary_damage,experience_swap,0.05,30,27,0,3,pause,0.9999999999999999,0.9999999999999902,0.0,0.0,0.0,96.03450335002006,1.0,0.964707094705746,0.8700062857936393,0.7158950617283951,0.8888888888888888,57.60000000000005
96,20,temporary_damage,experience_swap,0.1,30,28,0,2,continue,1.0,0.9999999999999956,0.0,0.0,28.800000000000004,68.54043296735558,0.6194196428571429,0.9349789706763775,0.7706738041480584,0.8600595238095238,0.9642857142857143,57.60000000000006
96,20,temporary_damage,experience_swap,0.1,30,28,0,2,pause,1.0,0.9999999999999956,0.0,0.0,0.0,95.30250343690236,1.0,0.9649619531409092,0.8749472533959832,0.7110119047619048,0.8928571428571429,57.60000000000006
96,20,temporary_damage,experience_swap,0.2,30,28,0,2,continue,1.0,0.9999999999999974,0.0,0.0,28.800000000000004,68.11206722029259,0.6162574404761905,0.9388456154116424,0.776316343327279,0.8582142857142856,0.9285714285714286,57.60000000000006
96,20,temporary_damage,experience_swap,0.2,30,28,0,2,pause,1.0,0.9999999999999974,0.0,0.0,0.0,94.87262696620185,1.0,0.9580886694586456,0.8490515210474548,0.7301190476190476,0.9285714285714286,57.60000000000006
96,20,temporary_damage,recent_contact,0.05,30,30,0,0,continue,0.9999999999999999,0.9999999999999903,0.0,0.0,28.8,70.17730179668276,0.5720486111111112,0.9189531871386649,0.7268958580165169,0.8894166666666664,1.0,57.60000000000006
96,20,temporary_damage,recent_contact,0.05,30,30,0,0,pause,0.9999999999999999,0.9999999999999903,0.0,0.0,0.0,97.14040041692375,1.0,0.9463803730749671,0.8100208500083068,0.7411111111111112,1.0,57.60000000000006
96,20,temporary_damage,recent_contact,0.1,30,30,0,0,continue,1.0,0.9999999999999954,0.0,0.0,28.8,69.71638528064358,0.5718750000000001,0.9202800172002852,0.7305369645636206,0.8882222222222224,1.0,57.60000000000006
96,20,temporary_damage,recent_contact,0.1,30,30,0,0,pause,1.0,0.9999999999999954,0.0,0.0,0.0,96.66758259136877,1.0,0.9482015655623737,0.8124864092237112,0.7384444444444445,1.0,57.60000000000006
96,20,temporary_damage,recent_contact,0.2,30,30,0,0,continue,1.0,0.9999999999999974,0.0,0.0,28.8,68.56406144682636,0.5718750000000001,0.9198691467608542,0.726697417511534,0.8893333333333332,1.0,57.60000000000006
96,20,temporary_damage,recent_contact,0.2,30,30,0,0,pause,1.0,0.9999999999999974,0.0,0.0,0.0,95.51899885182021,1.0,0.9472008469830892,0.8089243565828589,0.7442222222222221,1.0,57.60000000000006
