n,cost_multiplier,scenario,policy,seed,dt,noise,status,recovery_time,max_mass_error,max_budget_ratio,fork_fingerprint
96,20,temporary_damage,recent_contact,9200,0.2,0.0,recovered,94.2,4.263256414560601e-14,0.5446156998621812,34b3abe096876bbb52995cdaf0ce8ae4de7f78fdf8817e5953575c11078f9c99
96,20,temporary_damage,recent_contact,9200,0.1,0.0,recovered,94.10000000000001,4.263256414560601e-14,0.5443938556843403,85123a4c99edff4268f735021565d6e458740d2ae534534e9c5d306e41cd6078
96,20,temporary_damage,recent_contact,9200,0.05,0.0,recovered,94.15,4.263256414560601e-14,0.5442924733048972,a14492a16c8a7426fbf8a1ce2120815e335c25d19ea68c6688309c3a25e93f39
96,20,temporary_damage,recent_contact,9201,0.2,0.0,recovered,87.4,2.842170943040401e-14,0.577966424251747,d0b070570f9cfb12f77c7b16fc8e9227499ee4122c04cd0e926ca9e17e999aa1
96,20,temporary_damage,recent_contact,9201,0.1,0.0,recovered,87.30000000000001,4.263256414560601e-14,0.5769840374309502,32bdee84d1aef346b0779f84a24e272721ee30a7e21f880ad07329a21439a348
96,20,temporary_damage,recent_contact,9201,0.05,0.0,recovered,87.30000000000001,4.263256414560601e-14,0.5764782503802945,25127b0938a3db947bb8a912ac17fd2108b8b0864e7e33f994859523457ce315
96,20,temporary_damage,recent_contact,9202,0.2,0.0,recovered,89.80000000000001,2.842170943040401e-14,0.5432407315031689,1f1876fd150ddf6613f6a0253a75defb70c827ab1bd66b6bee9a954eef5c7594
96,20,temporary_damage,recent_contact,9202,0.1,0.0,recovered,89.80000000000001,2.842170943040401e-14,0.5433264559214,ef6e4e5d856020d55a503c73e3e938bd8bfed6a009130d5fac40355794449394
96,20,temporary_damage,recent_contact,9202,0.05,0.0,recovered,89.85000000000001,4.263256414560601e-14,0.5435366912977607,cd7397e5e1f9d3bcd20ae817fc179069893ba9edfe190cdfd2e9b530a65bc5fd
96,20,temporary_damage,recent_contact,9203,0.2,0.0,recovered,83.2,4.263256414560601e-14,0.5865666305482241,5f3c9f79cb30e9414ff99dc8c592de1fe19be6faea9bb4f96023ddf6d5364f93
96,20,temporary_damage,recent_contact,9203,0.1,0.0,recovered,83.30000000000001,2.842170943040401e-14,0.5808559965044662,05a959e0cefbc6a838b30734949833ccb49693b94009dedfdb15d5d6aac90f08
96,20,temporary_damage,recent_contact,9203,0.05,0.0,recovered,83.25,5.684341886080802e-14,0.5784129104556475,e7802007e467c8240617c68758d9da79734c8986b813b0b43d0e983e4cbcb6dd
96,20,temporary_damage,recent_contact,9204,0.2,0.0,recovered,95.4,2.842170943040401e-14,0.5852948610940819,8f4b6383251b978146242258f1befd7b40cfe5c5ca4e830c8010f4b896077b48
96,20,temporary_damage,recent_contact,9204,0.1,0.0,recovered,95.4,4.263256414560601e-14,0.5818001336329741,52ea8f781628c495130eac558875e654e7b75298f73e3983bdb9c99e198277ae
96,20,temporary_damage,recent_contact,9204,0.05,0.0,recovered,95.35000000000001,4.263256414560601e-14,0.5803261540259657,ff01cbd9c4af6d4f28c8a2d8799d0a8105cec025b4e6a0952466dc99a44e9612
96,20,temporary_damage,recent_contact,9205,0.2,0.0,recovered,86.0,4.263256414560601e-14,0.5776452589275275,701f98716e867ee79854289d8c2c46868713738aab1ad93cc6050d87364c3fab
96,20,temporary_damage,recent_contact,9205,0.1,0.0,recovered,86.0,2.842170943040401e-14,0.5765099203777534,3acedfb2a7d2e55767f067531b35945e1869b24c350b7c58c27864707f00584d
96,20,temporary_damage,recent_contact,9205,0.05,0.0,recovered,86.05000000000001,2.842170943040401e-14,0.576419409029997,a94839b8cc8fefffc8cf4caca1a831d6d667e4d5a36a7d0ea0d6eb048ccceccb
96,20,temporary_damage,recent_contact,9206,0.2,0.0,recovered,92.2,2.842170943040401e-14,0.5467718595028471,b628577a334596e61c680525c29e308c4542a127325b411e6073a3ed5a6a0cfb
96,20,temporary_damage,recent_contact,9206,0.1,0.0,recovered,92.2,2.842170943040401e-14,0.5466450000548729,67f652a62f310149240afb8be67436fdfb050e657b76a9a7574b24a081762f86
96,20,temporary_damage,recent_contact,9206,0.05,0.0,recovered,92.2,4.263256414560601e-14,0.546587976330048,eec71786d8a9b112d69307c226d3668dcfc21bd9fc7f8d8000dca2092435f6ab
96,20,temporary_damage,recent_contact,9207,0.2,0.0,recovered,90.60000000000001,2.842170943040401e-14,0.5735410157324262,2fca67d966a515f7b1ef985d42fced027bd9f0b836bb933d257db876b84637b9
96,20,temporary_damage,recent_contact,9207,0.1,0.0,recovered,90.60000000000001,2.842170943040401e-14,0.5731068727542131,dcec9202c577ce8397c10119d576fb91a1e7ae7db1f8521d84c9cfbeca3fb33d
96,20,temporary_damage,recent_contact,9207,0.05,0.0,recovered,90.60000000000001,2.842170943040401e-14,0.5729518365547971,6d10c3c483b1857c6121b80ebea836b74b3181cb74167955df2becb6c87f1d5e
96,20,temporary_damage,recent_contact,9208,0.2,0.0,recovered,84.80000000000001,2.842170943040401e-14,0.5991917800117591,996924bbe4c52debb0f38af0aaadddf292177bf8ca7d038f2db4c88a8a78fecd
96,20,temporary_damage,recent_contact,9208,0.1,0.0,recovered,84.80000000000001,2.842170943040401e-14,0.5950395378013509,df86c1f684b958efa094e504030adc20406e0cffaa85f2480d0e14cf4e066b3a
96,20,temporary_damage,recent_contact,9208,0.05,0.0,recovered,84.80000000000001,4.263256414560601e-14,0.5932342491444288,fc795014ea7cccfd3d1d27a58562ab2adbb18d1c81384cf20d1e90375902b593
96,20,temporary_damage,recent_contact,9209,0.2,0.0,recovered,88.80000000000001,4.263256414560601e-14,0.5839633120190348,e06d6f00d7e465c008b39d9d47eb5c1a064d7d38433e1b89e6c9193f30dcc31c
96,20,temporary_damage,recent_contact,9209,0.1,0.0,recovered,88.7,2.842170943040401e-14,0.583731025828512,cd8f1f2d1d723ac5e42a2ef891b4d4fed9bc5b1cab9385c27c183549e44be582
96,20,temporary_damage,recent_contact,9209,0.05,0.0,recovered,88.75,2.842170943040401e-14,0.5836179526721642,bea4d40c98c90309153e99cd272fc5b7c50961e94504cc1291a0f270a43538dd
96,20,temporary_damage,recent_contact,9210,0.2,0.0,recovered,98.2,2.842170943040401e-14,0.6090218465224847,ae685ff47189738b888f9de0f9308f7f4a681514c48a871503bfcebbff6a708f
96,20,temporary_damage,recent_contact,9210,0.1,0.0,recovered,98.10000000000001,4.263256414560601e-14,0.604775266240232,25b78cceadf42463eb0c6cacb59338e4651d75f6a088ced9d4346e61b1f2ed21
96,20,temporary_damage,recent_contact,9210,0.05,0.0,recovered,98.05000000000001,4.263256414560601e-14,0.6031273221607887,c4ebb535b6c19a235b62168e52f1dcab8736c399c2b0edc50395b75a26066773
96,20,temporary_damage,recent_contact,9211,0.2,0.0,recovered,80.0,2.842170943040401e-14,0.6019277536955194,d331f992347aac54261ed000971f9fbc10201f831c3ed3e2ee546eda8bc09f8e
96,20,temporary_damage,recent_contact,9211,0.1,0.0,recovered,80.0,4.263256414560601e-14,0.6019446626089224,4525375e1776c6c4114ae4f3c1e15b4cb58f242a923e4e57ec66b36601a30335
96,20,temporary_damage,recent_contact,9211,0.05,0.0,recovered,80.0,4.263256414560601e-14,0.6019523647139745,c9dca633cc3c4e1414e1a78af6ee4119da3b7d29205a803764d93f9f316b7c56
96,20,temporary_damage,recent_contact,9212,0.2,0.0,recovered,87.2,2.842170943040401e-14,0.613121683853377,fe3ee16ef88b4352cc80664b94a8c121dde9beba5671495eabbbe4f66084be59
96,20,temporary_damage,recent_contact,9212,0.1,0.0,recovered,87.2,4.263256414560601e-14,0.6128059829864699,218da533e527b97ae306df5ee3b18ab1d1418e15b79c289a1a4adbc38a7f5148
96,20,temporary_damage,recent_contact,9212,0.05,0.0,recovered,87.25,4.263256414560601e-14,0.612661938234168,9149b01a4ec51af03c8c954e2cd6e88a8409410845fc47a98d572d6fc29a6e68
96,20,temporary_damage,recent_contact,9213,0.2,0.0,recovered,80.0,4.263256414560601e-14,0.5602878260001725,a478f5366cfdcf7e21e7d583e28b755093dcdc9b03a0e684fc6b346a0bdc00de
96,20,temporary_damage,recent_contact,9213,0.1,0.0,recovered,80.0,4.263256414560601e-14,0.5584355945300303,17970daa5c4537fb1b56e08a0e408ef6a8c375c8dfeab67e32245e6d57a23c7a
96,20,temporary_damage,recent_contact,9213,0.05,0.0,recovered,80.0,2.842170943040401e-14,0.5576310605575718,9069a5e4d3de97aee1a4abd41a087e57b126831a7c432db602bab9935e56fb88
96,20,temporary_damage,recent_contact,9214,0.2,0.0,recovered,87.60000000000001,2.842170943040401e-14,0.5680786555063015,09a6d62ded80de574c849b0287a8806ec9d1121015e905396ed323ca733db24a
96,20,temporary_damage,recent_contact,9214,0.1,0.0,recovered,87.4,4.263256414560601e-14,0.5654085921218497,9e3253f7fea9246d965d96dc992007aa81fac7e8e35b9c89e2cfe0dcd2f884ed
96,20,temporary_damage,recent_contact,9214,0.05,0.0,recovered,87.05000000000001,4.263256414560601e-14,0.5639911869357902,0d62cf738f5134fc01bc0a9d84b2f17f28299767b966260d659d831be3ee9db5
96,20,temporary_damage,recent_contact,9215,0.2,0.0,recovered,85.60000000000001,4.263256414560601e-14,0.5182642513881496,b297e3fb7969de13fbcc0e5ea04588598606b317a0dbf6df6cf22a78169cba1a
96,20,temporary_damage,recent_contact,9215,0.1,0.0,recovered,85.9,2.842170943040401e-14,0.5181889026144123,e54ec49a8b4abd135a7b69f06e8a148ac8e86e8dd5b4971f629ed8af8e8e7acc
96,20,temporary_damage,recent_contact,9215,0.05,0.0,recovered,86.0,2.842170943040401e-14,0.5181506880934655,f2904c6c7339c4ab1005e04fdbd3e3a56db05c2ff54ae58a1eb8c9e7ff3cbf92
96,20,temporary_damage,recent_contact,9216,0.2,0.0,recovered,84.4,2.842170943040401e-14,0.5521496272386562,1f585b92cd8398d7ceb2dffd0e827144338684f6cdba90872f2a76b08b49d02c
96,20,temporary_damage,recent_contact,9216,0.1,0.0,recovered,84.5,4.263256414560601e-14,0.5521008912490386,9cd9faca28a10071bca8e75eeb226209f7fff8ece1e1cea2324b1c6df1062b89
96,20,temporary_damage,recent_contact,9216,0.05,0.0,recovered,84.55000000000001,4.263256414560601e-14,0.5520754415085329,e89146e44ccaa0142487fc0d6339e5090277962038a09824005e3983fb0b97db
96,20,temporary_damage,recent_contact,9217,0.2,0.0,recovered,85.4,2.842170943040401e-14,0.5716901876573705,0d297330c45c9f589acc9c86f8bcd0a01b6395fd891aa299e34b6b31eba97731
96,20,temporary_damage,recent_contact,9217,0.1,0.0,recovered,85.5,2.842170943040401e-14,0.5694077182368327,2c6be1bf2eafc563785b716447f30d97ba34674eb9f5ce6ffc51b1298eab8572
96,20,temporary_damage,recent_contact,9217,0.05,0.0,recovered,85.45,4.263256414560601e-14,0.5686673819254685,591494ccd16a82062faa46eed6c2c6464826da34bd7ccbd803a4105e3accff9a
96,20,temporary_damage,recent_contact,9218,0.2,0.0,recovered,89.0,4.263256414560601e-14,0.5445122954488557,2950e86b8d236e5f2605554257fa4b4feb82ac4f2036c89b3f747cd615788884
96,20,temporary_damage,recent_contact,9218,0.1,0.0,recovered,89.0,2.842170943040401e-14,0.5445094724164469,c81b4d400fef8f28d71f159242772ef63e000e3c53a7eacd6a142ad6d28a5fef
96,20,temporary_damage,recent_contact,9218,0.05,0.0,recovered,89.0,2.842170943040401e-14,0.5445083373940486,25010d81a2b765cf658de6110b963b476824b9251b8e33c28f1d88d50030d0f3
96,20,temporary_damage,recent_contact,9219,0.2,0.0,recovered,99.2,4.263256414560601e-14,0.57951760824341,6413ff2abbee59cc78eb629a0e4bdb300e6303ce23df5400f1c77ccd0f7a4268
96,20,temporary_damage,recent_contact,9219,0.1,0.0,recovered,99.2,4.263256414560601e-14,0.57709109813008,e42f4d771e8d5c1e11c48403b84c9879b83e2d2f2894fb19127d9e63cba4bbd9
96,20,temporary_damage,recent_contact,9219,0.05,0.0,recovered,99.15,2.842170943040401e-14,0.5761325061731871,fdfab639f5604ed67f81c41bf55a2bcacfaf97d0e16ba39935cab45d2f9b1d4a
96,20,temporary_damage,recent_contact,9220,0.2,0.0,recovered,89.0,2.842170943040401e-14,0.5930406289102447,dba56bc6f8cac82c2f15d129b5e39f2767a073bbdc55cf64bc944548c44c1e90
96,20,temporary_damage,recent_contact,9220,0.1,0.0,recovered,89.10000000000001,2.842170943040401e-14,0.5918860088304477,b8fafe2ac6fb02c84e7e4bb19bc6a3ddb9cd53f437c224e2945e2f28fe96808d
96,20,temporary_damage,recent_contact,9220,0.05,0.0,recovered,89.10000000000001,2.842170943040401e-14,0.5913915217833573,3bc7f2f76a3599b5307f335ca6cbd6f88cd2a18833142f54f75376f3f39c829d
96,20,temporary_damage,recent_contact,9221,0.2,0.0,recovered,107.0,4.263256414560601e-14,0.5943163810793421,043a8a86b7c03c5090e730bd719171e9a226aad956b09bc27ced93c3b54f24ce
96,20,temporary_damage,recent_contact,9221,0.1,0.0,recovered,107.0,2.842170943040401e-14,0.5915819031026417,3add91f87723295e8bb1a7df0696cc3438646c689e4085c29e292da4e42b3cde
96,20,temporary_damage,recent_contact,9221,0.05,0.0,recovered,107.0,4.263256414560601e-14,0.5902864675938506,dea42723ea71bc90034e5ab17c5f7fc7d32c85594f675f16d0faf856b26a8b22
96,20,temporary_damage,recent_contact,9222,0.2,0.0,recovered,93.0,4.263256414560601e-14,0.5978724228460257,533436c3a77a68fac315eb6014107509aa4ccea01242ce8b0c9a5fa2f8faaf36
96,20,temporary_damage,recent_contact,9222,0.1,0.0,recovered,92.9,2.842170943040401e-14,0.5964056461708395,01e3998b07489b3fc627825766d55cee9b6fce7c6d5b17aeb2c2f55f7510de40
96,20,temporary_damage,recent_contact,9222,0.05,0.0,recovered,92.9,4.263256414560601e-14,0.5957276426939413,df574849f89970bf3932fff37fa6dc2274b82b4cfb968d8a2b76e6fb555c31f1
96,20,temporary_damage,recent_contact,9223,0.2,0.0,recovered,86.0,2.842170943040401e-14,0.550790174754008,b9cf7b1c00863ba28a0dcdf39c0c742c349573b81ae521833032fc5b8045a0a7
96,20,temporary_damage,recent_contact,9223,0.1,0.0,recovered,85.9,4.263256414560601e-14,0.5491852152282858,b0dd829d4d556752defcf260ccc83ae91b183ac61d1472b9c16f86e7d68d3fa8
96,20,temporary_damage,recent_contact,9223,0.05,0.0,recovered,85.9,4.263256414560601e-14,0.5484715928044193,1a0fe63689fbd5e08644d923dab9aa48afbb3e95cbb6167679f9d60794b03bfd
96,20,temporary_damage,recent_contact,9224,0.2,0.0,recovered,86.80000000000001,4.263256414560601e-14,0.5599455824017332,cf4e481617f6d9581a73074c7eca4787ba7535f435c44e13efcd4d649c04d43d
96,20,temporary_damage,recent_contact,9224,0.1,0.0,recovered,86.9,4.263256414560601e-14,0.5571592010308126,8313a8cb8d4dfdd0c5bb904dc06ac83c3473c87883efd3df414a7958107f4005
96,20,temporary_damage,recent_contact,9224,0.05,0.0,recovered,87.0,2.842170943040401e-14,0.5559357352473826,77b6ee7d5d0f2326b2dcf9b615c45d14e63943418f13d2a53febd94e43ffe075
96,20,temporary_damage,recent_contact,9225,0.2,0.0,recovered,86.80000000000001,4.263256414560601e-14,0.5460001381713749,c4fe66a0d197b0d5969fbc1d7a09f086ea9eac106e278af8e814aa34af22f5c1
96,20,temporary_damage,recent_contact,9225,0.1,0.0,recovered,86.80000000000001,4.263256414560601e-14,0.5456330477940848,10716c1194d299b662ae05db6e3280bb317b3856339403662d0aca26b0f71a48
96,20,temporary_damage,recent_contact,9225,0.05,0.0,recovered,86.85000000000001,4.263256414560601e-14,0.5454542301656853,43005a0cceb6dad7f548d7101336efe4cf706087709242b6aea973468685a3c8
96,20,temporary_damage,recent_contact,9226,0.2,0.0,recovered,83.4,4.263256414560601e-14,0.5956318204008273,ed4c02ba114b3c24c7ac895e41e07980a63856e8acaf63e85fb0086611180428
96,20,temporary_damage,recent_contact,9226,0.1,0.0,recovered,83.5,2.842170943040401e-14,0.5943394002212387,f02c5a55fade3d9172e40d609d6a32dbc322c691f938b3b690298938284b6f55
96,20,temporary_damage,recent_contact,9226,0.05,0.0,recovered,83.5,4.263256414560601e-14,0.5937314317120213,a91bb77ae923760fc78ba2e6cc9fb407724e1d2a5d73d77b1a9dcc4a7028c254
96,20,temporary_damage,recent_contact,9227,0.2,0.0,recovered,98.0,2.842170943040401e-14,0.5851782502385208,7eaaa80e96380d0ecaa84be86fd62be29c7fafe703334f2521ccb54b2460595b
96,20,temporary_damage,recent_contact,9227,0.1,0.0,recovered,98.0,2.842170943040401e-14,0.5835461696102947,3165b72fea4fd0fcca6481bc3170ab6ca18e10c9a5e6ac8b6cde79983ef24611
96,20,temporary_damage,recent_contact,9227,0.05,0.0,recovered,98.0,4.263256414560601e-14,0.5827463093953571,de3af317dc14ee9bee56c227e1d93fc9789a2f60def5320e8aeefe5fa6321bc4
96,20,temporary_damage,recent_contact,9228,0.2,0.0,recovered,89.60000000000001,2.842170943040401e-14,0.5916440951615298,21e0c30eb523f7062572b0e46ea38eb6ff8de1abd8854da33f74505aea584058
96,20,temporary_damage,recent_contact,9228,0.1,0.0,recovered,89.60000000000001,2.842170943040401e-14,0.5915784525050224,6f04b24c93d62198f21366144e32f72c607d4047d46e444bd259fdf3c4aa4a83
96,20,temporary_damage,recent_contact,9228,0.05,0.0,recovered,89.60000000000001,4.263256414560601e-14,0.5915435086116472,85aebc3ad531737ca3ec492a48a8b63614a161f16c610035777d8d2efb4a86a9
96,20,temporary_damage,recent_contact,9229,0.2,0.0,recovered,99.60000000000001,2.842170943040401e-14,0.6500558039182538,0b2c6b4461f015ff2e275d6e81cf3457ba21e757b8ace2a306181cb92ff78fe2
96,20,temporary_damage,recent_contact,9229,0.1,0.0,recovered,99.5,4.263256414560601e-14,0.649149457298349,2efe3026e398041773e204a0c1c98ebb32f436e1ffeab768ad1c45c26cd29598
96,20,temporary_damage,recent_contact,9229,0.05,0.0,recovered,99.45,4.263256414560601e-14,0.6484758007519751,545d7ae19c6eeaec35957b3a1b26a6c80e836fd7a06fd05418dc89ed8806cf8f
96,20,temporary_damage,experience_swap,9200,0.2,0.0,recovered,90.0,4.263256414560601e-14,0.5324937798626591,b52b9aa2d6cc35fd73cda69ccf3b4fcee7edf9c5ffe622ebc057dbcb308948e7
96,20,temporary_damage,experience_swap,9200,0.1,0.0,recovered,86.10000000000001,4.263256414560601e-14,0.5317781865609025,cd196dabb459150c30ebed1aa290c7775588ecde9cccd384c124f9565fb9c98f
96,20,temporary_damage,experience_swap,9200,0.05,0.0,recovered,90.15,4.263256414560601e-14,0.539161743485986,bd825a97bff4395277523a561c281debe1df8d3c4ba4bff255e9650e144a635d
96,20,temporary_damage,experience_swap,9201,0.2,0.0,recovered,83.60000000000001,4.263256414560601e-14,0.5479079743196879,ec1af8267d7b959b407d84cab65975995f2dfccf988774a603a79e52844767b7
96,20,temporary_damage,experience_swap,9201,0.1,0.0,recovered,83.7,2.842170943040401e-14,0.5470566684034255,a68be7bb41286cb790698b0a7a50d5a12fbcb881e6303bde41a942a6a425478e
96,20,temporary_damage,experience_swap,9201,0.05,0.0,recovered,83.80000000000001,4.263256414560601e-14,0.5465601511721003,4d3252e261bd183c5b0dd7c5c1977ad972f1d6aa334b7694d8faa24424d13217
96,20,temporary_damage,experience_swap,9202,0.2,0.0,recovered,80.2,2.842170943040401e-14,0.5783537629382339,4448de177ded73307b7d360be36bce13d0cbf9de415b71408f54374ccd58a70c
96,20,temporary_damage,experience_swap,9202,0.1,0.0,recovered,80.30000000000001,2.842170943040401e-14,0.5766180465157308,9454736c298598290c8649f21fe877a0f9f7af8e46710d375322aef27dbfc128
96,20,temporary_damage,experience_swap,9202,0.05,0.0,recovered,80.4,4.263256414560601e-14,0.5757347127325841,ffdc3e04606ebe7292b9843c63507cf7e1c4972a9c57f13b7210e5a517cbca4e
96,20,temporary_damage,experience_swap,9203,0.2,0.0,recovered,89.2,4.263256414560601e-14,0.5498820599991154,bfc5eea2e7265e346ce23a8259ec0e46a56b595bfe4b03caa98bce3fd5853a7c
96,20,temporary_damage,experience_swap,9203,0.1,0.0,recovered,86.0,4.263256414560601e-14,0.5476385540330978,d59433e51ac0ff94142fd2cbecc66814993551207b4a62296236687df82d6569
96,20,temporary_damage,experience_swap,9203,0.05,0.0,recovered,86.05000000000001,4.263256414560601e-14,0.5466105934888718,3f3a5319a08e46c516466e2cd0e910c8fc2d3129bda793a8b83ee87ab4d9a406
96,20,temporary_damage,experience_swap,9204,0.2,0.0,recovered,98.2,4.263256414560601e-14,0.5670584677326461,f25e6060bc3004f378cd037532c5c60b03c87fd9dfbed05422d43468a9722143
96,20,temporary_damage,experience_swap,9204,0.1,0.0,recovered,98.10000000000001,2.842170943040401e-14,0.5649540590794062,ef79c0d1c5b2708ecf9d10cc363a7f96a788643c46e1c2a4980fe0ceb43b8737
96,20,temporary_damage,experience_swap,9204,0.05,0.0,recovered,95.65,4.263256414560601e-14,0.5642338151709094,64e734cc0f96d4cdefd0f0b92996c6f6eedd24c691e8a38fb5cf4bbf6d82fa2c
96,20,temporary_damage,experience_swap,9205,0.2,0.0,recovered,87.80000000000001,4.263256414560601e-14,0.539502422144072,f73cc4b5a500c9526f103e087b5bd848377a1058f4418fb4d77329c1ea887668
96,20,temporary_damage,experience_swap,9205,0.1,0.0,recovered,92.10000000000001,2.842170943040401e-14,0.5365919730830616,a3bc114ed7d8c073d0caa65d85eb58e8e5073ae9241ede527c2222b26a24f9fb
96,20,temporary_damage,experience_swap,9205,0.05,0.0,recovered,92.05000000000001,4.263256414560601e-14,0.5365398952138398,73c71580e6845440f16b58d923448a224fd720da04d77c7158f667e7b5ffdf89
96,20,temporary_damage,experience_swap,9206,0.2,0.0,recovered,80.0,4.263256414560601e-14,0.5327285711652582,18c7c4a3d60f1a70f9ae3faf3c68fd2ae9e6c11852cb796f85a88c2a88b9fb0c
96,20,temporary_damage,experience_swap,9206,0.1,0.0,recovered,80.0,2.842170943040401e-14,0.5312313032081406,9d439e9dbc5f86f03140368fae367dd611f6197a1582fe01b1d2549f14a1cefc
96,20,temporary_damage,experience_swap,9206,0.05,0.0,recovered,80.0,4.263256414560601e-14,0.5312209800478925,f610f24f44c72f36a5d60f6adc49c01b1f8e5d5810be18ca68a7cd55e9bf6112
96,20,temporary_damage,experience_swap,9207,0.2,0.0,recovered,87.80000000000001,2.842170943040401e-14,0.602604013741294,381e50560109eabd5b7d8c829f2e1479c5b496343121fcc214ce68cf1890fa28
96,20,temporary_damage,experience_swap,9207,0.1,0.0,recovered,87.80000000000001,2.842170943040401e-14,0.6007924660655046,7a3efae37a4f2f04b9b7571d9cf32b6121c76b23105247f7227a49290a588d0a
96,20,temporary_damage,experience_swap,9207,0.05,0.0,recovered,87.75,2.842170943040401e-14,0.5999560041580236,9f6ea0298ce8e4ee1870169b255f7c0abb81f337bac3ad0fcfa199f2373e8336
96,20,temporary_damage,experience_swap,9208,0.2,0.0,recovered,86.2,2.842170943040401e-14,0.5527068818360039,5d86af1669e5b6b0c6eb6bc1a4bf9f9d3315f9b9b599cc74242681a85483a1d2
96,20,temporary_damage,experience_swap,9208,0.1,0.0,recovered,86.2,2.842170943040401e-14,0.55007482497198,79ee86cd4a7e1a8ac009a19a0ffd9b55792658216289863f10d765b9755410d2
96,20,temporary_damage,experience_swap,9208,0.05,0.0,recovered,86.2,4.263256414560601e-14,0.5488644052700667,284dafb34ce7ad8bf4f264d3d3ae3153d9020718140dc2ca556a9c7d34d233ae
96,20,temporary_damage,experience_swap,9209,0.2,0.0,recovered,88.0,2.842170943040401e-14,0.5880514701336055,b4f3118135621acf16f7af3ca836b60d8b8fc420acdb82e4d48af0a5d3cb22d1
96,20,temporary_damage,experience_swap,9209,0.1,0.0,recovered,86.80000000000001,2.842170943040401e-14,0.5540282924452211,f229e1247146e852b25155f5317e04869d6b9ee3ae232d61938d10863d5ffd09
96,20,temporary_damage,experience_swap,9209,0.05,0.0,recovered,86.85000000000001,4.263256414560601e-14,0.5524264374452224,7d5230fe8a6eaac766ae63ca28bd1a30a9940b6323cc2f93fc8d9a5a537a43e3
96,20,temporary_damage,experience_swap,9210,0.2,0.0,recovered,83.60000000000001,2.842170943040401e-14,0.5735380080652175,2a181f4cddfb089bce2632522c532d08a6f06547327ad81471d70643e2f016c6
96,20,temporary_damage,experience_swap,9210,0.1,0.0,recovered,83.7,4.263256414560601e-14,0.573219203844798,2298b5859937d3de8c29e200139ffad41c58dcc50b4b478abff8784b104737fc
96,20,temporary_damage,experience_swap,9210,0.05,0.0,recovered,83.75,2.842170943040401e-14,0.573061856357995,3b12ed5bd6944b13ee007c8e504f53753b4c7859acbe5264f6523bfe5432560d
96,20,temporary_damage,experience_swap,9211,0.2,0.0,recovered,83.80000000000001,2.842170943040401e-14,0.5921927501740505,c4ba0c61551eb0c4810c3b867f246cde71a5ad61c181d504bda84b6989198cec
96,20,temporary_damage,experience_swap,9211,0.1,0.0,recovered,83.80000000000001,4.263256414560601e-14,0.5921212244887066,a52668684f9db6fff65c85895daeb01940b1d6ccb9d0324ab5ee17e485d7403f
96,20,temporary_damage,experience_swap,9211,0.05,0.0,unaffected,,4.263256414560601e-14,0.5780000008492762,
96,20,temporary_damage,experience_swap,9212,0.2,0.0,recovered,80.0,2.842170943040401e-14,0.5370012250312367,b3256ae1c3f82cf0861e3ea43094b35388ae9706e421911566d1a8a44d3e3a1d
96,20,temporary_damage,experience_swap,9212,0.1,0.0,recovered,80.0,2.842170943040401e-14,0.5369529283448522,fed93c5c33ad80b964e060f842e7b54a97487e9ed7e08df256e844da444c09bd
96,20,temporary_damage,experience_swap,9212,0.05,0.0,recovered,80.0,2.842170943040401e-14,0.5369256377967976,1beafaf2f41d37d4fed4c6977ea2d07f1ff545a0b3a7aaa1db4886dc6207d729
96,20,temporary_damage,experience_swap,9213,0.2,0.0,unaffected,,4.263256414560601e-14,0.5268440740103164,
96,20,temporary_damage,experience_swap,9213,0.1,0.0,unaffected,,2.842170943040401e-14,0.5344987616308127,
96,20,temporary_damage,experience_swap,9213,0.05,0.0,unaffected,,4.263256414560601e-14,0.5344009586697674,
96,20,temporary_damage,experience_swap,9214,0.2,0.0,recovered,85.0,4.263256414560601e-14,0.5721838907807235,670fdfa7e01c1aa20dcc0aa8379e8d560ad97eaa63ea0f22e3f98a176614495f
96,20,temporary_damage,experience_swap,9214,0.1,0.0,recovered,89.10000000000001,2.842170943040401e-14,0.5705454134188902,3f97413e9d4e7134e140aecb002585b6f5dea8b49bde7421db9019263c26e71c
96,20,temporary_damage,experience_swap,9214,0.05,0.0,recovered,89.10000000000001,4.263256414560601e-14,0.5705380551101573,ee14d110df9f3bf28f895693e38f0e3896fd94eb8d141756fc881a8e82766330
96,20,temporary_damage,experience_swap,9215,0.2,0.0,recovered,80.0,4.263256414560601e-14,0.5514865602108511,569726e127b580df111c4b4bb4a74626d9c9b8ca9a14b0626b31a74776543812
96,20,temporary_damage,experience_swap,9215,0.1,0.0,recovered,80.0,2.842170943040401e-14,0.5215442809835581,bfbbd58333298d7fbe9a641ff52b4981a48398254588a338f6a23ba9a9b3bdfd
96,20,temporary_damage,experience_swap,9215,0.05,0.0,recovered,80.0,4.263256414560601e-14,0.5215509440770886,9e0a64d5504148d398a972806a3b58abaa3c668ba2fb55d27afe37c3f9f00f8a
96,20,temporary_damage,experience_swap,9216,0.2,0.0,recovered,80.0,4.263256414560601e-14,0.583275753286124,2a4c7bb48ee9a07b01edaea194bf57969fd416480eb33492d9d1c9df5cd7790f
96,20,temporary_damage,experience_swap,9216,0.1,0.0,recovered,84.10000000000001,4.263256414560601e-14,0.5455873781174169,4e52b53c5247595425ee6476b6a2eeb7a31fa6d41bca746851aba53fe68bcb2c
96,20,temporary_damage,experience_swap,9216,0.05,0.0,recovered,84.10000000000001,4.263256414560601e-14,0.5455462938954969,f8065a4e7e509efe03014f3027a768b68e67f1d887a7bde20b91a1e9c5e032f3
96,20,temporary_damage,experience_swap,9217,0.2,0.0,recovered,94.0,2.842170943040401e-14,0.5556860854755961,d5b260733d5ece5cbff895932117057643af10c538d3fbdc3ff0eb98aa3a2f14
96,20,temporary_damage,experience_swap,9217,0.1,0.0,recovered,86.0,2.842170943040401e-14,0.5837201036359982,04b27913fcbceafe95f20592b794ef35f6d200ebe41a19f711e20766ae2db020
96,20,temporary_damage,experience_swap,9217,0.05,0.0,recovered,91.7,5.684341886080802e-14,0.5822122575910829,2cb2ed0a2f55a6562bc58a8d936080676d22c0cbb7da2eaa08d91085a5053ac1
96,20,temporary_damage,experience_swap,9218,0.2,0.0,recovered,80.0,4.263256414560601e-14,0.5205197914568712,9275a6ad3eff7e5531e9ac36e39a3d704c227630ab1001d8e6cdfb8d94b23f09
96,20,temporary_damage,experience_swap,9218,0.1,0.0,recovered,80.0,2.842170943040401e-14,0.5204790170875087,14cca2cae91182f67b30d988573b368efb92473ce1dd6550350b5cc5ab87e094
96,20,temporary_damage,experience_swap,9218,0.05,0.0,recovered,80.0,2.842170943040401e-14,0.520455221164665,9290a020887c8ff76303bd8db8d62bf3738a0ab553ce1b34660384f952f671ee
96,20,temporary_damage,experience_swap,9219,0.2,0.0,recovered,91.2,2.842170943040401e-14,0.5591652970561031,f69ff98389d5ec65ced2fab304299053bc3167332e43fe1526283681338962ae
96,20,temporary_damage,experience_swap,9219,0.1,0.0,recovered,92.0,4.263256414560601e-14,0.5556854942902033,a80b31dbcb2f0cf5f6ea247fb6b338aa469ab81065abb6e97d09137730f2449b
96,20,temporary_damage,experience_swap,9219,0.05,0.0,recovered,92.0,2.842170943040401e-14,0.5541797711161773,fc58a6c97cf624cd8155208b8416fe04fd044c71f2765ff53eb745ee0cd02ece
96,20,temporary_damage,experience_swap,9220,0.2,0.0,recovered,92.2,4.263256414560601e-14,0.5701321465464793,921560a6ba90096159ef7f704f549599e7751ae8247535c1602137e6aad76acc
96,20,temporary_damage,experience_swap,9220,0.1,0.0,recovered,88.0,4.263256414560601e-14,0.5663689866013842,513feda6dace7483df17861d8bb379d92a5b24771dfae7d45cd565122ea80f54
96,20,temporary_damage,experience_swap,9220,0.05,0.0,recovered,87.30000000000001,4.263256414560601e-14,0.5644516765496804,8215112b4d71fefffdd90b8a415889559c78c35332ff21adc53cd3e3809f565f
96,20,temporary_damage,experience_swap,9221,0.2,0.0,recovered,84.0,2.842170943040401e-14,0.5133096701936511,693ee6422e9d1dab16ae8c50c0fd8d1a6e6a172f9e1cc96f170b1892903936b8
96,20,temporary_damage,experience_swap,9221,0.1,0.0,recovered,84.0,2.842170943040401e-14,0.5131946424035174,56591ed4c65ceadf6b840fa335c85b55b846bdd69f8f381c9f42dee3c3ef4509
96,20,temporary_damage,experience_swap,9221,0.05,0.0,recovered,89.25,4.263256414560601e-14,0.5172425451410195,29fdcf1913bddfc8823f21e202753c1441bf0d87546c1066af01d07f5cffc422
96,20,temporary_damage,experience_swap,9222,0.2,0.0,recovered,90.0,2.842170943040401e-14,0.5629703633165482,1e9b569b5c0ef1e84d2a89e07e7f979805ed31c63e1fc84a6bfcc28f68bb149f
96,20,temporary_damage,experience_swap,9222,0.1,0.0,recovered,89.5,2.842170943040401e-14,0.5618887383794032,5fd17fbc727a1f0d2f5665a8028afcadd9d96b6ab863fd590cf7269115ea9c22
96,20,temporary_damage,experience_swap,9222,0.05,0.0,recovered,89.5,4.263256414560601e-14,0.5617739049789406,50ca591cb5ac3dc918901430bb4b508818f9eda4affee9f425cc3fa56ccbf43c
96,20,temporary_damage,experience_swap,9223,0.2,0.0,recovered,87.4,4.263256414560601e-14,0.5211061003777667,a3649a4fa8f6cf9d84d5249cdc8eccc45228c28960cc25f4f2969a4226dd22e0
96,20,temporary_damage,experience_swap,9223,0.1,0.0,recovered,87.4,4.263256414560601e-14,0.5209076211386335,36435e6b17f24e4251c2e4290bbb7ca3b03489c26beac5e4129ec3d9729368bb
96,20,temporary_damage,experience_swap,9223,0.05,0.0,recovered,87.4,4.263256414560601e-14,0.5208081766051977,50e2a9a54cb34dd5a3eaa6620d6b40430ad0cd5b7eff45605ffb5ec7431bf448
96,20,temporary_damage,experience_swap,9224,0.2,0.0,recovered,81.0,4.263256414560601e-14,0.5571936201902491,e3cc43b821c24caed8c93726b7c6fb7c3a9dccfa92e785855c1a9efdd87baeae
96,20,temporary_damage,experience_swap,9224,0.1,0.0,recovered,84.0,4.263256414560601e-14,0.5559647261212972,4158f14a968b5e2dc82b02fe2779d337b655a4f23c2c99215ec54215f15534b5
96,20,temporary_damage,experience_swap,9224,0.05,0.0,recovered,84.0,2.842170943040401e-14,0.5556936287271562,26ae3fb744adf7d6227222aefc88afb7062ce41e49e4481606a7837304f6a35e
96,20,temporary_damage,experience_swap,9225,0.2,0.0,recovered,85.2,2.842170943040401e-14,0.5434097897730356,320bfe7b6d1f780acd389599d63d04b1cc5de2b926fffd3cc297d180c0ff7bab
96,20,temporary_damage,experience_swap,9225,0.1,0.0,recovered,87.0,4.263256414560601e-14,0.5433231559814752,82bd163b25a48175ec2ba3396161900feb552f11703f80f622890c42a2c9fdf8
96,20,temporary_damage,experience_swap,9225,0.05,0.0,recovered,92.0,4.263256414560601e-14,0.5496069144494165,b138b3593ff7f9c217a9373d89989840bcc2d2f2aaadf3310ea1b0906a8f3cc3
96,20,temporary_damage,experience_swap,9226,0.2,0.0,recovered,88.0,4.263256414560601e-14,0.5934461425673636,8983de5baea2400ef961e846d11ea9b5eb39dd959a607c527720290b1615231c
96,20,temporary_damage,experience_swap,9226,0.1,0.0,recovered,88.0,4.263256414560601e-14,0.5919792513268352,7ed1d424db3d9b68c6f2e7f60460ef3c296a58caa7258e2bf7cbb9fbb83e38c8
96,20,temporary_damage,experience_swap,9226,0.05,0.0,recovered,89.25,2.842170943040401e-14,0.5911779215698365,a58a6888a1c34b2b7db91ec5409bcec6909ea56e2834914c5f61d5eeefa0fb71
96,20,temporary_damage,experience_swap,9227,0.2,0.0,unaffected,,2.842170943040401e-14,0.5036652176548299,
96,20,temporary_damage,experience_swap,9227,0.1,0.0,unaffected,,4.263256414560601e-14,0.5020806273234227,
96,20,temporary_damage,experience_swap,9227,0.05,0.0,unaffected,,2.842170943040401e-14,0.5012834070998928,
96,20,temporary_damage,experience_swap,9228,0.2,0.0,recovered,89.0,4.263256414560601e-14,0.5589683343961603,2f7aac7191b5a0e167ecdfaef974ef28cfef7a642c0ecdd54c129d6a198b377a
96,20,temporary_damage,experience_swap,9228,0.1,0.0,recovered,88.9,2.842170943040401e-14,0.558995717163681,efabb4f1508730f8ba8131f05e14e717291be4a1a3b194f068e50adf92f41378
96,20,temporary_damage,experience_swap,9228,0.05,0.0,recovered,84.9,2.842170943040401e-14,0.5233628317060262,8c9e5066821fc06c41d6bae84bb7455a38774b0c6b18d5070614f9bc977e88dd
96,20,temporary_damage,experience_swap,9229,0.2,0.0,recovered,86.0,4.263256414560601e-14,0.604801295559334,42959b79e0b244bbf6079577a201fd3a305e479b7cc33308ab50c0e7463609c1
96,20,temporary_damage,experience_swap,9229,0.1,0.0,recovered,86.0,5.684341886080802e-14,0.602815935838789,b39221ae620fffdd4453384ee5b7d2cc6d0f1a319a26143f79bc5ee21fabd3b1
96,20,temporary_damage,experience_swap,9229,0.05,0.0,recovered,86.0,2.842170943040401e-14,0.6018399792488003,85be9f70e6adb3ec209430a9b787713953c4fc523284f5c76621ec14ef89fb9f
