n,cost_multiplier,scenario,policy,dt,total,recovered,not_recovered,unaffected,metric,mean,ci_low,ci_high
96,20,persistent_damage,experience_swap,0.1,10,1,7,2,quiet_service,-0.0001721085963019009,,
96,20,persistent_damage,experience_swap,0.1,10,1,7,2,quiet_p10,0.0,,
96,20,persistent_damage,experience_swap,0.1,10,1,7,2,quiet_low_time_fraction,0.06666666666666667,,
96,20,persistent_damage,experience_swap,0.1,10,1,7,2,quiet_relapse,1.0,,
96,20,persistent_damage,experience_swap,0.1,10,1,7,2,quiet_cost,28.80000000000001,,
96,20,persistent_damage,experience_swap,0.1,10,1,7,2,quiet_stock_end,-29.16146105510613,,
96,20,persistent_damage,experience_swap,0.1,10,1,7,2,quiet_fork_edge_share,-0.34375,,
96,20,persistent_damage,experience_swap,0.1,10,1,7,2,second_service,-0.05595842950298624,,
96,20,persistent_damage,experience_swap,0.1,10,1,7,2,second_p10,-0.13884261813537135,,
96,20,persistent_damage,experience_swap,0.1,10,1,7,2,second_low_time_fraction,0.08500000000000008,,
96,20,persistent_damage,experience_swap,0.1,10,1,7,2,second_unrecovered,0.0,,
96,20,persistent_damage,experience_swap,0.1,10,1,7,2,second_cost,0.0,,
96,20,persistent_damage,experience_swap,0.2,10,1,7,2,quiet_service,-0.00011113573180954184,,
96,20,persistent_damage,experience_swap,0.2,10,1,7,2,quiet_p10,-1.1102230246251565e-16,,
96,20,persistent_damage,experience_swap,0.2,10,1,7,2,quiet_low_time_fraction,0.06,,
96,20,persistent_damage,experience_swap,0.2,10,1,7,2,quiet_relapse,1.0,,
96,20,persistent_damage,experience_swap,0.2,10,1,7,2,quiet_cost,28.80000000000001,,
96,20,persistent_damage,experience_swap,0.2,10,1,7,2,quiet_stock_end,-42.206474817395616,,
96,20,persistent_damage,experience_swap,0.2,10,1,7,2,quiet_fork_edge_share,-0.36979166666666663,,
96,20,persistent_damage,experience_swap,0.2,10,1,7,2,second_service,0.006005623710533148,,
96,20,persistent_damage,experience_swap,0.2,10,1,7,2,second_p10,-0.02995047356020797,,
96,20,persistent_damage,experience_swap,0.2,10,1,7,2,second_low_time_fraction,0.10666666666666669,,
96,20,persistent_damage,experience_swap,0.2,10,1,7,2,second_unrecovered,0.0,,
96,20,persistent_damage,experience_swap,0.2,10,1,7,2,second_cost,0.0,,
96,20,persistent_damage,recent_contact,0.1,10,0,10,0,quiet_service,,,
96,20,persistent_damage,recent_contact,0.1,10,0,10,0,quiet_p10,,,
96,20,persistent_damage,recent_contact,0.1,10,0,10,0,quiet_low_time_fraction,,,
96,20,persistent_damage,recent_contact,0.1,10,0,10,0,quiet_relapse,,,
96,20,persistent_damage,recent_contact,0.1,10,0,10,0,quiet_cost,,,
96,20,persistent_damage,recent_contact,0.1,10,0,10,0,quiet_stock_end,,,
96,20,persistent_damage,recent_contact,0.1,10,0,10,0,quiet_fork_edge_share,,,
96,20,persistent_damage,recent_contact,0.1,10,0,10,0,second_service,,,
96,20,persistent_damage,recent_contact,0.1,10,0,10,0,second_p10,,,
96,20,persistent_damage,recent_contact,0.1,10,0,10,0,second_low_time_fraction,,,
96,20,persistent_damage,recent_contact,0.1,10,0,10,0,second_unrecovered,,,
96,20,persistent_damage,recent_contact,0.1,10,0,10,0,second_cost,,,
96,20,persistent_damage,recent_contact,0.2,10,0,10,0,quiet_service,,,
96,20,persistent_damage,recent_contact,0.2,10,0,10,0,quiet_p10,,,
96,20,persistent_damage,recent_contact,0.2,10,0,10,0,quiet_low_time_fraction,,,
96,20,persistent_damage,recent_contact,0.2,10,0,10,0,quiet_relapse,,,
96,20,persistent_damage,recent_contact,0.2,10,0,10,0,quiet_cost,,,
96,20,persistent_damage,recent_contact,0.2,10,0,10,0,quiet_stock_end,,,
96,20,persistent_damage,recent_contact,0.2,10,0,10,0,quiet_fork_edge_share,,,
96,20,persistent_damage,recent_contact,0.2,10,0,10,0,second_service,,,
96,20,persistent_damage,recent_contact,0.2,10,0,10,0,second_p10,,,
96,20,persistent_damage,recent_contact,0.2,10,0,10,0,second_low_time_fraction,,,
96,20,persistent_damage,recent_contact,0.2,10,0,10,0,second_unrecovered,,,
96,20,persistent_damage,recent_contact,0.2,10,0,10,0,second_cost,,,
