n,scenario,dt,category,cohort,eligible_seeds,checkpoints,policy,baseline,delta,lower,upper,primary
96,mixed,0.1,improving,step,4,12,now,trend_rule,0.8894439427445396,0.306620489890103,1.5196332657470086,0
96,mixed,0.1,improving,step,4,12,delay4,now,-0.12106385831539872,-0.29413692692123666,0.0444550794510879,0
96,mixed,0.1,improving,step,4,12,delay8,now,-0.29139289463305457,-0.6456674946647296,-0.05783513785204758,0
96,mixed,0.1,improving,step,4,12,now,none,0.8635511956891122,0.2807277428346756,1.5196332657470086,0
96,mixed,0.1,improving,step,4,12,delay4,none,0.7424873373737135,0.25863717226405925,1.2263375024833678,0
96,mixed,0.1,improving,step,4,12,delay8,none,0.5721583010560577,0.235397270572444,0.9089193315396713,0
96,mixed,0.1,improving,step,4,12,trend_rule,none,-0.025892747055427396,-0.07767824116628219,0.0,0
96,mixed,0.1,stalled,step,4,24,now,trend_rule,0.0,0.0,0.0,0
96,mixed,0.1,stalled,step,4,24,delay4,now,-0.05514530010693978,-0.1812592950450049,0.07694895873751756,0
96,mixed,0.1,stalled,step,4,24,delay8,now,-0.16663303189737516,-0.3194738371390109,-0.02461735876650789,0
96,mixed,0.1,stalled,step,4,24,now,none,0.55190173645054,0.3140562166195563,0.8476193625153694,0
96,mixed,0.1,stalled,step,4,24,delay4,none,0.49675643634360017,0.29407131666508707,0.6994415560221132,0
96,mixed,0.1,stalled,step,4,24,delay8,none,0.38526870455316475,0.2496365824924235,0.520900826613906,0
96,mixed,0.1,stalled,step,4,24,trend_rule,none,0.55190173645054,0.3140562166195563,0.8476193625153694,0
96,mixed,0.2,improving,main,20,62,now,trend_rule,0.9048992727733426,0.6171575316185446,1.1923556372275241,1
96,mixed,0.2,improving,main,20,62,delay4,now,-0.28014484439627885,-0.42505075245072904,-0.15378346263955214,0
96,mixed,0.2,improving,main,20,62,delay8,now,-0.5323210393046658,-0.7236116217658832,-0.35822349110804746,0
96,mixed,0.2,improving,main,20,62,now,none,1.0792604974240008,0.7521266902029109,1.4374069006416317,0
96,mixed,0.2,improving,main,20,62,delay4,none,0.7991156530277219,0.5625303261861754,1.0571810849104866,0
96,mixed,0.2,improving,main,20,62,delay8,none,0.5469394581193351,0.37701606157254236,0.7361786232882768,0
96,mixed,0.2,improving,main,20,62,trend_rule,none,0.17436122465065815,0.06614097814899574,0.3072732616191831,0
96,mixed,0.2,improving,step,4,12,now,trend_rule,0.9690336451463466,0.32021809226435494,1.6178491980283383,0
96,mixed,0.2,improving,step,4,12,delay4,now,-0.18517635469405747,-0.3353036193753714,-0.045632523754309304,0
96,mixed,0.2,improving,step,4,12,delay8,now,-0.38732780141700124,-0.6752175962755824,-0.11313150176977635,0
96,mixed,0.2,improving,step,4,12,now,none,0.9690336451463466,0.32021809226435494,1.6178491980283383,0
96,mixed,0.2,improving,step,4,12,delay4,none,0.7838572904522892,0.22895304475573633,1.338761536148842,0
96,mixed,0.2,improving,step,4,12,delay8,none,0.5817058437293454,0.2070865904945786,0.9563250969641122,0
96,mixed,0.2,improving,step,4,12,trend_rule,none,0.0,0.0,0.0,0
96,mixed,0.2,stalled,main,20,118,now,trend_rule,0.0,0.0,0.0,0
96,mixed,0.2,stalled,main,20,118,delay4,now,-0.11440862068207547,-0.18432183319120735,-0.05239458134911795,0
96,mixed,0.2,stalled,main,20,118,delay8,now,-0.20552631880871294,-0.3248317804111487,-0.09203746095996804,0
96,mixed,0.2,stalled,main,20,118,now,none,0.44777607472977204,0.24878829953478768,0.675186093471794,0
96,mixed,0.2,stalled,main,20,118,delay4,none,0.3333674540476965,0.17469246535208102,0.5231958110751469,0
96,mixed,0.2,stalled,main,20,118,delay8,none,0.24224975592105907,0.13463475687735107,0.3671977936214453,0
96,mixed,0.2,stalled,main,20,118,trend_rule,none,0.44777607472977204,0.24878829953478768,0.675186093471794,0
96,mixed,0.2,stalled,step,4,24,now,trend_rule,0.0,0.0,0.0,0
96,mixed,0.2,stalled,step,4,24,delay4,now,-0.1348502888330311,-0.1910521447523609,-0.044151084500314866,0
96,mixed,0.2,stalled,step,4,24,delay8,now,-0.20257680837272574,-0.3456904740649591,-0.060643705396991265,0
96,mixed,0.2,stalled,step,4,24,now,none,0.49076482141563815,0.12964592655719306,0.8480414641565517,0
96,mixed,0.2,stalled,step,4,24,delay4,none,0.3559145325826071,0.08912319243429916,0.6533609690267699,0
96,mixed,0.2,stalled,step,4,24,delay8,none,0.2881880130429124,0.0895915091260709,0.48176170212572345,0
96,mixed,0.2,stalled,step,4,24,trend_rule,none,0.49076482141563815,0.12964592655719306,0.8480414641565517,0
96,scarcity,0.2,improving,main,8,8,now,trend_rule,0.10054703743602644,0.059441341411093696,0.1523609378046764,0
96,scarcity,0.2,improving,main,8,8,delay4,now,-0.24098038262535582,-0.2840397889168451,-0.1965042247141213,0
96,scarcity,0.2,improving,main,8,8,delay8,now,-0.4927401188934475,-0.6272291572105738,-0.31764969580272506,0
96,scarcity,0.2,improving,main,8,8,now,none,0.8633263860228269,0.6430122087916291,1.0846386280804206,0
96,scarcity,0.2,improving,main,8,8,delay4,none,0.622346003397471,0.44383532807612613,0.7998893548278758,0
96,scarcity,0.2,improving,main,8,8,delay8,none,0.37058626712937937,0.08325819893802233,0.7014726151668462,0
96,scarcity,0.2,improving,main,8,8,trend_rule,none,0.7627793485868004,0.561742900139097,0.9660028849985062,0
96,scarcity,0.2,stalled,main,20,119,now,trend_rule,0.0,0.0,0.0,0
96,scarcity,0.2,stalled,main,20,119,delay4,now,-0.06934222954994064,-0.1008395806868895,-0.04057823284304002,0
96,scarcity,0.2,stalled,main,20,119,delay8,now,-0.13819662746503975,-0.20586723460522452,-0.07670474034915399,0
96,scarcity,0.2,stalled,main,20,119,now,none,0.32084630663923114,0.17225206368845974,0.5011715238662233,0
96,scarcity,0.2,stalled,main,20,119,delay4,none,0.2515040770892905,0.12726657481240983,0.40348684918513916,0
96,scarcity,0.2,stalled,main,20,119,delay8,none,0.18264967917419137,0.08188642104136873,0.30767169054848176,0
96,scarcity,0.2,stalled,main,20,119,trend_rule,none,0.32084630663923114,0.17225206368845974,0.5011715238662233,0
96,transient,0.2,improving,main,20,74,now,trend_rule,0.7366432523931632,0.5182043263514747,0.963614596317789,0
96,transient,0.2,improving,main,20,74,delay4,now,-0.3064922215858102,-0.4299652644833706,-0.19764594441312974,0
96,transient,0.2,improving,main,20,74,delay8,now,-0.607968772673569,-0.7941167510185738,-0.4290358452117491,0
96,transient,0.2,improving,main,20,74,now,none,1.4064856634420575,1.05351756897409,1.753854493150129,0
96,transient,0.2,improving,main,20,74,delay4,none,1.0999934418562471,0.8092371176224507,1.3827902402923364,0
96,transient,0.2,improving,main,20,74,delay8,none,0.7985168907684885,0.5944637415306234,0.9919282650225093,0
96,transient,0.2,improving,main,20,74,trend_rule,none,0.6698424110488943,0.4397934038423415,0.9233493574212535,0
96,transient,0.2,stalled,main,20,114,now,trend_rule,0.0,0.0,0.0,0
96,transient,0.2,stalled,main,20,114,delay4,now,0.01509046446025541,-0.09924133939591982,0.1390171529048421,0
96,transient,0.2,stalled,main,20,114,delay8,now,-0.11003509893165006,-0.2272939559408389,0.009742461040358827,0
96,transient,0.2,stalled,main,20,114,now,none,0.4811076839138786,0.2685094193841901,0.6963401603786319,0
96,transient,0.2,stalled,main,20,114,delay4,none,0.496198148374134,0.2989635757316859,0.6969052868138598,0
96,transient,0.2,stalled,main,20,114,delay8,none,0.37107258498222856,0.22760148927853788,0.5162350105056405,0
96,transient,0.2,stalled,main,20,114,trend_rule,none,0.4811076839138786,0.2685094193841901,0.6963401603786319,0
384,mixed,0.2,improving,main,20,76,now,trend_rule,0.7811175417324308,0.6192962508694155,0.9360693080097312,0
384,mixed,0.2,improving,main,20,76,delay4,now,-0.23077060835299354,-0.33554548169104226,-0.11395764044725527,0
384,mixed,0.2,improving,main,20,76,delay8,now,-0.4179231572899528,-0.5431400823672757,-0.2881545119083136,0
384,mixed,0.2,improving,main,20,76,now,none,0.9605977787852955,0.7725857412069304,1.1247251694190832,0
384,mixed,0.2,improving,main,20,76,delay4,none,0.7298271704323019,0.5623899174286668,0.8889216516791214,0
384,mixed,0.2,improving,main,20,76,delay8,none,0.5426746214953426,0.4079904073574857,0.67617207126717,0
384,mixed,0.2,improving,main,20,76,trend_rule,none,0.17948023705286448,0.08441720482401367,0.28506052575599417,0
384,mixed,0.2,stalled,main,20,120,now,trend_rule,0.0,0.0,0.0,0
384,mixed,0.2,stalled,main,20,120,delay4,now,-0.12085036307276768,-0.1691560720886992,-0.0722698760433251,0
384,mixed,0.2,stalled,main,20,120,delay8,now,-0.2075126493277224,-0.3004614906151071,-0.11009105417366352,0
384,mixed,0.2,stalled,main,20,120,now,none,0.582652569615605,0.3913492232026715,0.7668809451006262,0
384,mixed,0.2,stalled,main,20,120,delay4,none,0.46180220654283727,0.3014389703745991,0.6264848958799762,0
384,mixed,0.2,stalled,main,20,120,delay8,none,0.3751399202878824,0.24608172282932278,0.5077062484019605,0
384,mixed,0.2,stalled,main,20,120,trend_rule,none,0.582652569615605,0.3913492232026715,0.7668809451006262,0
384,scarcity,0.2,improving,main,18,18,now,trend_rule,0.02900664795096317,-0.06267626829127915,0.10791333444092024,0
384,scarcity,0.2,improving,main,18,18,delay4,now,-0.05105517808468423,-0.17885636522518697,0.11361392243130515,0
384,scarcity,0.2,improving,main,18,18,delay8,now,-0.25240045586751747,-0.4319925147606807,-0.059813347053675005,0
384,scarcity,0.2,improving,main,18,18,now,none,0.6401584922262108,0.3695253709776261,0.9200933029271686,0
384,scarcity,0.2,improving,main,18,18,delay4,none,0.5891033141415265,0.3701472708493801,0.8124821121513115,0
384,scarcity,0.2,improving,main,18,18,delay8,none,0.38775803635869327,0.20529782595335733,0.5859818560346295,0
384,scarcity,0.2,improving,main,18,18,trend_rule,none,0.6111518442752476,0.3900933465685232,0.8407076687415472,0
384,scarcity,0.2,stalled,main,20,120,now,trend_rule,0.0,0.0,0.0,0
384,scarcity,0.2,stalled,main,20,120,delay4,now,-0.02936566038763384,-0.06655706268379402,0.0034182561700161315,0
384,scarcity,0.2,stalled,main,20,120,delay8,now,-0.06362650300867377,-0.10927204390422843,-0.023323166357457577,0
384,scarcity,0.2,stalled,main,20,120,now,none,0.16696594244487814,0.08437351678500908,0.26613788321843285,0
384,scarcity,0.2,stalled,main,20,120,delay4,none,0.13760028205724428,0.06877445663506707,0.2188162538412499,0
384,scarcity,0.2,stalled,main,20,120,delay8,none,0.10333943943620436,0.0486653904607171,0.16823566569664458,0
384,scarcity,0.2,stalled,main,20,120,trend_rule,none,0.16696594244487814,0.08437351678500908,0.26613788321843285,0
384,transient,0.2,improving,main,20,97,now,trend_rule,0.5084138979253837,0.2287579641262394,0.7694290530212017,0
384,transient,0.2,improving,main,20,97,delay4,now,-0.013859193976650936,-0.12907030949706189,0.11357601038486351,0
384,transient,0.2,improving,main,20,97,delay8,now,-0.3590690431415762,-0.5037055680991426,-0.2107160082585279,0
384,transient,0.2,improving,main,20,97,now,none,1.1133624646322027,0.9222946002468997,1.2947785513878585,0
384,transient,0.2,improving,main,20,97,delay4,none,1.0995032706555516,0.9667733406827673,1.2392405871376806,0
384,transient,0.2,improving,main,20,97,delay8,none,0.7542934214906262,0.6646407391778444,0.8475299688172463,0
384,transient,0.2,improving,main,20,97,trend_rule,none,0.6049485667068187,0.41781494434127486,0.7967888867322658,0
384,transient,0.2,stalled,main,20,120,now,trend_rule,0.0,0.0,0.0,0
384,transient,0.2,stalled,main,20,120,delay4,now,-0.0400233131453092,-0.1450587987083751,0.059925605818138515,0
384,transient,0.2,stalled,main,20,120,delay8,now,-0.10000723632637783,-0.21512238223590663,0.004855751312691441,0
384,transient,0.2,stalled,main,20,120,now,none,0.3263849807566658,0.168175682808364,0.4979217037777287,0
384,transient,0.2,stalled,main,20,120,delay4,none,0.2863616676113566,0.16999894326877385,0.4136486896411209,0
384,transient,0.2,stalled,main,20,120,delay8,none,0.2263777444302879,0.1398815276443495,0.3214692551505316,0
384,transient,0.2,stalled,main,20,120,trend_rule,none,0.3263849807566658,0.168175682808364,0.4979217037777287,0
