n,scenario,seed,dt,t,category,candidate_count,node
96,mixed,23000,0.2,40.0,improving,0,-1
96,mixed,23000,0.2,40.0,stalled,11,0
96,mixed,23000,0.2,52.0,improving,0,-1
96,mixed,23000,0.2,52.0,stalled,22,1
96,mixed,23000,0.2,64.0,improving,0,-1
96,mixed,23000,0.2,64.0,stalled,26,46
96,mixed,23000,0.2,76.0,improving,3,45
96,mixed,23000,0.2,76.0,stalled,21,91
96,mixed,23000,0.2,88.0,improving,11,4
96,mixed,23000,0.2,88.0,stalled,11,30
96,mixed,23000,0.2,100.0,improving,10,30
96,mixed,23000,0.2,100.0,stalled,7,95
96,mixed,23001,0.2,40.0,improving,0,-1
96,mixed,23001,0.2,40.0,stalled,16,47
96,mixed,23001,0.2,52.0,improving,0,-1
96,mixed,23001,0.2,52.0,stalled,24,62
96,mixed,23001,0.2,64.0,improving,0,-1
96,mixed,23001,0.2,64.0,stalled,29,40
96,mixed,23001,0.2,76.0,improving,4,52
96,mixed,23001,0.2,76.0,stalled,20,2
96,mixed,23001,0.2,88.0,improving,4,3
96,mixed,23001,0.2,88.0,stalled,16,42
96,mixed,23001,0.2,100.0,improving,2,69
96,mixed,23001,0.2,100.0,stalled,15,47
96,mixed,23002,0.2,40.0,improving,1,59
96,mixed,23002,0.2,40.0,stalled,7,53
96,mixed,23002,0.2,52.0,improving,0,-1
96,mixed,23002,0.2,52.0,stalled,15,57
96,mixed,23002,0.2,64.0,improving,0,-1
96,mixed,23002,0.2,64.0,stalled,28,29
96,mixed,23002,0.2,76.0,improving,3,53
96,mixed,23002,0.2,76.0,stalled,15,56
96,mixed,23002,0.2,88.0,improving,7,29
96,mixed,23002,0.2,88.0,stalled,9,57
96,mixed,23002,0.2,100.0,improving,4,52
96,mixed,23002,0.2,100.0,stalled,6,56
96,mixed,23003,0.2,40.0,improving,1,55
96,mixed,23003,0.2,40.0,stalled,7,51
96,mixed,23003,0.2,52.0,improving,0,-1
96,mixed,23003,0.2,52.0,stalled,19,47
96,mixed,23003,0.2,64.0,improving,0,-1
96,mixed,23003,0.2,64.0,stalled,22,53
96,mixed,23003,0.2,76.0,improving,1,56
96,mixed,23003,0.2,76.0,stalled,16,55
96,mixed,23003,0.2,88.0,improving,6,9
96,mixed,23003,0.2,88.0,stalled,11,2
96,mixed,23003,0.2,100.0,improving,5,2
96,mixed,23003,0.2,100.0,stalled,7,53
96,mixed,23004,0.2,40.0,improving,0,-1
96,mixed,23004,0.2,40.0,stalled,4,8
96,mixed,23004,0.2,52.0,improving,0,-1
96,mixed,23004,0.2,52.0,stalled,14,56
96,mixed,23004,0.2,64.0,improving,0,-1
96,mixed,23004,0.2,64.0,stalled,29,11
96,mixed,23004,0.2,76.0,improving,2,55
96,mixed,23004,0.2,76.0,stalled,32,81
96,mixed,23004,0.2,88.0,improving,12,83
96,mixed,23004,0.2,88.0,stalled,5,9
96,mixed,23004,0.2,100.0,improving,9,6
96,mixed,23004,0.2,100.0,stalled,1,7
96,mixed,23005,0.2,40.0,improving,0,-1
96,mixed,23005,0.2,40.0,stalled,19,39
96,mixed,23005,0.2,52.0,improving,0,-1
96,mixed,23005,0.2,52.0,stalled,26,38
96,mixed,23005,0.2,64.0,improving,0,-1
96,mixed,23005,0.2,64.0,stalled,32,55
96,mixed,23005,0.2,76.0,improving,5,57
96,mixed,23005,0.2,76.0,stalled,26,40
96,mixed,23005,0.2,88.0,improving,9,72
96,mixed,23005,0.2,88.0,stalled,20,67
96,mixed,23005,0.2,100.0,improving,4,68
96,mixed,23005,0.2,100.0,stalled,17,45
96,mixed,23006,0.2,40.0,improving,0,-1
96,mixed,23006,0.2,40.0,stalled,10,12
96,mixed,23006,0.2,52.0,improving,0,-1
96,mixed,23006,0.2,52.0,stalled,25,13
96,mixed,23006,0.2,64.0,improving,0,-1
96,mixed,23006,0.2,64.0,stalled,31,20
96,mixed,23006,0.2,76.0,improving,1,58
96,mixed,23006,0.2,76.0,stalled,19,23
96,mixed,23006,0.2,88.0,improving,8,7
96,mixed,23006,0.2,88.0,stalled,12,19
96,mixed,23006,0.2,100.0,improving,7,58
96,mixed,23006,0.2,100.0,stalled,8,18
96,mixed,23007,0.2,40.0,improving,0,-1
96,mixed,23007,0.2,40.0,stalled,9,43
96,mixed,23007,0.2,52.0,improving,0,-1
96,mixed,23007,0.2,52.0,stalled,19,46
96,mixed,23007,0.2,64.0,improving,0,-1
96,mixed,23007,0.2,64.0,stalled,32,48
96,mixed,23007,0.2,76.0,improving,4,44
96,mixed,23007,0.2,76.0,stalled,29,6
96,mixed,23007,0.2,88.0,improving,14,17
96,mixed,23007,0.2,88.0,stalled,9,11
96,mixed,23007,0.2,100.0,improving,11,8
96,mixed,23007,0.2,100.0,stalled,4,11
96,mixed,23008,0.2,40.0,improving,0,-1
96,mixed,23008,0.2,40.0,stalled,6,94
96,mixed,23008,0.2,52.0,improving,0,-1
96,mixed,23008,0.2,52.0,stalled,7,91
96,mixed,23008,0.2,64.0,improving,0,-1
96,mixed,23008,0.2,64.0,stalled,18,83
96,mixed,23008,0.2,76.0,improving,0,-1
96,mixed,23008,0.2,76.0,stalled,24,92
96,mixed,23008,0.2,88.0,improving,14,14
96,mixed,23008,0.2,88.0,stalled,9,95
96,mixed,23008,0.2,100.0,improving,4,23
96,mixed,23008,0.2,100.0,stalled,9,87
96,mixed,23009,0.2,40.0,improving,0,-1
96,mixed,23009,0.2,40.0,stalled,9,29
96,mixed,23009,0.2,52.0,improving,0,-1
96,mixed,23009,0.2,52.0,stalled,13,29
96,mixed,23009,0.2,64.0,improving,0,-1
96,mixed,23009,0.2,64.0,stalled,24,31
96,mixed,23009,0.2,76.0,improving,2,31
96,mixed,23009,0.2,76.0,stalled,18,23
96,mixed,23009,0.2,88.0,improving,7,29
96,mixed,23009,0.2,88.0,stalled,11,28
96,mixed,23009,0.2,100.0,improving,7,30
96,mixed,23009,0.2,100.0,stalled,5,25
96,mixed,23010,0.2,40.0,improving,0,-1
96,mixed,23010,0.2,40.0,stalled,16,39
96,mixed,23010,0.2,52.0,improving,0,-1
96,mixed,23010,0.2,52.0,stalled,23,44
96,mixed,23010,0.2,64.0,improving,0,-1
96,mixed,23010,0.2,64.0,stalled,24,45
96,mixed,23010,0.2,76.0,improving,2,39
96,mixed,23010,0.2,76.0,stalled,21,51
96,mixed,23010,0.2,88.0,improving,7,60
96,mixed,23010,0.2,88.0,stalled,17,44
96,mixed,23010,0.2,100.0,improving,4,39
96,mixed,23010,0.2,100.0,stalled,14,56
96,mixed,23011,0.2,40.0,improving,0,-1
96,mixed,23011,0.2,40.0,stalled,21,9
96,mixed,23011,0.2,52.0,improving,0,-1
96,mixed,23011,0.2,52.0,stalled,27,81
96,mixed,23011,0.2,64.0,improving,0,-1
96,mixed,23011,0.2,64.0,stalled,36,91
96,mixed,23011,0.2,76.0,improving,1,68
96,mixed,23011,0.2,76.0,stalled,34,0
96,mixed,23011,0.2,88.0,improving,12,83
96,mixed,23011,0.2,88.0,stalled,17,78
96,mixed,23011,0.2,100.0,improving,11,17
96,mixed,23011,0.2,100.0,stalled,15,10
96,mixed,23012,0.2,40.0,improving,0,-1
96,mixed,23012,0.2,40.0,stalled,0,-1
96,mixed,23012,0.2,52.0,improving,0,-1
96,mixed,23012,0.2,52.0,stalled,3,20
96,mixed,23012,0.2,64.0,improving,0,-1
96,mixed,23012,0.2,64.0,stalled,15,62
96,mixed,23012,0.2,76.0,improving,1,26
96,mixed,23012,0.2,76.0,stalled,24,67
96,mixed,23012,0.2,88.0,improving,7,9
96,mixed,23012,0.2,88.0,stalled,8,22
96,mixed,23012,0.2,100.0,improving,6,21
96,mixed,23012,0.2,100.0,stalled,0,-1
96,mixed,23013,0.2,40.0,improving,0,-1
96,mixed,23013,0.2,40.0,stalled,19,11
96,mixed,23013,0.2,52.0,improving,0,-1
96,mixed,23013,0.2,52.0,stalled,21,14
96,mixed,23013,0.2,64.0,improving,0,-1
96,mixed,23013,0.2,64.0,stalled,22,29
96,mixed,23013,0.2,76.0,improving,2,29
96,mixed,23013,0.2,76.0,stalled,21,19
96,mixed,23013,0.2,88.0,improving,4,3
96,mixed,23013,0.2,88.0,stalled,17,8
96,mixed,23013,0.2,100.0,improving,7,28
96,mixed,23013,0.2,100.0,stalled,13,17
96,mixed,23014,0.2,40.0,improving,0,-1
96,mixed,23014,0.2,40.0,stalled,20,5
96,mixed,23014,0.2,52.0,improving,0,-1
96,mixed,23014,0.2,52.0,stalled,20,2
96,mixed,23014,0.2,64.0,improving,0,-1
96,mixed,23014,0.2,64.0,stalled,27,94
96,mixed,23014,0.2,76.0,improving,1,71
96,mixed,23014,0.2,76.0,stalled,31,75
96,mixed,23014,0.2,88.0,improving,9,88
96,mixed,23014,0.2,88.0,stalled,20,0
96,mixed,23014,0.2,100.0,improving,8,88
96,mixed,23014,0.2,100.0,stalled,14,91
96,mixed,23015,0.2,40.0,improving,0,-1
96,mixed,23015,0.2,40.0,stalled,7,9
96,mixed,23015,0.2,52.0,improving,0,-1
96,mixed,23015,0.2,52.0,stalled,12,20
96,mixed,23015,0.2,64.0,improving,0,-1
96,mixed,23015,0.2,64.0,stalled,23,17
96,mixed,23015,0.2,76.0,improving,0,-1
96,mixed,23015,0.2,76.0,stalled,13,4
96,mixed,23015,0.2,88.0,improving,4,10
96,mixed,23015,0.2,88.0,stalled,9,17
96,mixed,23015,0.2,100.0,improving,7,20
96,mixed,23015,0.2,100.0,stalled,2,19
96,mixed,23016,0.2,40.0,improving,0,-1
96,mixed,23016,0.2,40.0,stalled,11,7
96,mixed,23016,0.2,52.0,improving,0,-1
96,mixed,23016,0.2,52.0,stalled,15,18
96,mixed,23016,0.2,64.0,improving,0,-1
96,mixed,23016,0.2,64.0,stalled,16,24
96,mixed,23016,0.2,76.0,improving,1,23
96,mixed,23016,0.2,76.0,stalled,19,11
96,mixed,23016,0.2,88.0,improving,10,11
96,mixed,23016,0.2,88.0,stalled,8,21
96,mixed,23016,0.2,100.0,improving,11,80
96,mixed,23016,0.2,100.0,stalled,3,20
96,mixed,23017,0.2,40.0,improving,2,46
96,mixed,23017,0.2,40.0,stalled,7,0
96,mixed,23017,0.2,52.0,improving,0,-1
96,mixed,23017,0.2,52.0,stalled,22,1
96,mixed,23017,0.2,64.0,improving,0,-1
96,mixed,23017,0.2,64.0,stalled,26,44
96,mixed,23017,0.2,76.0,improving,2,44
96,mixed,23017,0.2,76.0,stalled,23,86
96,mixed,23017,0.2,88.0,improving,4,44
96,mixed,23017,0.2,88.0,stalled,16,54
96,mixed,23017,0.2,100.0,improving,6,0
96,mixed,23017,0.2,100.0,stalled,10,92
96,mixed,23018,0.2,40.0,improving,1,48
96,mixed,23018,0.2,40.0,stalled,5,45
96,mixed,23018,0.2,52.0,improving,0,-1
96,mixed,23018,0.2,52.0,stalled,15,41
96,mixed,23018,0.2,64.0,improving,0,-1
96,mixed,23018,0.2,64.0,stalled,18,42
96,mixed,23018,0.2,76.0,improving,4,48
96,mixed,23018,0.2,76.0,stalled,11,47
96,mixed,23018,0.2,88.0,improving,5,15
96,mixed,23018,0.2,88.0,stalled,9,13
96,mixed,23018,0.2,100.0,improving,6,14
96,mixed,23018,0.2,100.0,stalled,5,44
96,mixed,23019,0.2,40.0,improving,0,-1
96,mixed,23019,0.2,40.0,stalled,18,92
96,mixed,23019,0.2,52.0,improving,0,-1
96,mixed,23019,0.2,52.0,stalled,21,6
96,mixed,23019,0.2,64.0,improving,0,-1
96,mixed,23019,0.2,64.0,stalled,39,66
96,mixed,23019,0.2,76.0,improving,2,64
96,mixed,23019,0.2,76.0,stalled,35,89
96,mixed,23019,0.2,88.0,improving,6,85
96,mixed,23019,0.2,88.0,stalled,18,0
96,mixed,23019,0.2,100.0,improving,6,6
96,mixed,23019,0.2,100.0,stalled,14,95
96,transient,23000,0.2,40.0,improving,1,95
96,transient,23000,0.2,40.0,stalled,8,31
96,transient,23000,0.2,52.0,improving,0,-1
96,transient,23000,0.2,52.0,stalled,22,1
96,transient,23000,0.2,64.0,improving,6,95
96,transient,23000,0.2,64.0,stalled,5,32
96,transient,23000,0.2,76.0,improving,5,95
96,transient,23000,0.2,76.0,stalled,4,35
96,transient,23000,0.2,88.0,improving,3,36
96,transient,23000,0.2,88.0,stalled,6,32
96,transient,23000,0.2,100.0,improving,1,95
96,transient,23000,0.2,100.0,stalled,8,36
96,transient,23001,0.2,40.0,improving,0,-1
96,transient,23001,0.2,40.0,stalled,16,47
96,transient,23001,0.2,52.0,improving,0,-1
96,transient,23001,0.2,52.0,stalled,30,69
96,transient,23001,0.2,64.0,improving,3,39
96,transient,23001,0.2,64.0,stalled,14,51
96,transient,23001,0.2,76.0,improving,1,39
96,transient,23001,0.2,76.0,stalled,16,52
96,transient,23001,0.2,88.0,improving,0,-1
96,transient,23001,0.2,88.0,stalled,16,42
96,transient,23001,0.2,100.0,improving,0,-1
96,transient,23001,0.2,100.0,stalled,16,48
96,transient,23002,0.2,40.0,improving,1,59
96,transient,23002,0.2,40.0,stalled,7,53
96,transient,23002,0.2,52.0,improving,0,-1
96,transient,23002,0.2,52.0,stalled,18,57
96,transient,23002,0.2,64.0,improving,5,35
96,transient,23002,0.2,64.0,stalled,5,55
96,transient,23002,0.2,76.0,improving,3,59
96,transient,23002,0.2,76.0,stalled,5,56
96,transient,23002,0.2,88.0,improving,3,52
96,transient,23002,0.2,88.0,stalled,5,56
96,transient,23002,0.2,100.0,improving,2,52
96,transient,23002,0.2,100.0,stalled,6,56
96,transient,23003,0.2,40.0,improving,1,55
96,transient,23003,0.2,40.0,stalled,7,51
96,transient,23003,0.2,52.0,improving,0,-1
96,transient,23003,0.2,52.0,stalled,22,46
96,transient,23003,0.2,64.0,improving,4,56
96,transient,23003,0.2,64.0,stalled,7,51
96,transient,23003,0.2,76.0,improving,3,56
96,transient,23003,0.2,76.0,stalled,6,52
96,transient,23003,0.2,88.0,improving,2,55
96,transient,23003,0.2,88.0,stalled,6,48
96,transient,23003,0.2,100.0,improving,1,55
96,transient,23003,0.2,100.0,stalled,7,50
96,transient,23004,0.2,40.0,improving,0,-1
96,transient,23004,0.2,40.0,stalled,2,7
96,transient,23004,0.2,52.0,improving,0,-1
96,transient,23004,0.2,52.0,stalled,21,82
96,transient,23004,0.2,64.0,improving,9,7
96,transient,23004,0.2,64.0,stalled,0,-1
96,transient,23004,0.2,76.0,improving,6,8
96,transient,23004,0.2,76.0,stalled,1,6
96,transient,23004,0.2,88.0,improving,4,84
96,transient,23004,0.2,88.0,stalled,2,6
96,transient,23004,0.2,100.0,improving,0,-1
96,transient,23004,0.2,100.0,stalled,4,5
96,transient,23005,0.2,40.0,improving,0,-1
96,transient,23005,0.2,40.0,stalled,19,39
96,transient,23005,0.2,52.0,improving,0,-1
96,transient,23005,0.2,52.0,stalled,28,39
96,transient,23005,0.2,64.0,improving,5,65
96,transient,23005,0.2,64.0,stalled,15,43
96,transient,23005,0.2,76.0,improving,3,67
96,transient,23005,0.2,76.0,stalled,16,43
96,transient,23005,0.2,88.0,improving,1,68
96,transient,23005,0.2,88.0,stalled,18,52
96,transient,23005,0.2,100.0,improving,0,-1
96,transient,23005,0.2,100.0,stalled,19,52
96,transient,23006,0.2,40.0,improving,1,13
96,transient,23006,0.2,40.0,stalled,8,14
96,transient,23006,0.2,52.0,improving,0,-1
96,transient,23006,0.2,52.0,stalled,18,12
96,transient,23006,0.2,64.0,improving,6,20
96,transient,23006,0.2,64.0,stalled,6,16
96,transient,23006,0.2,76.0,improving,3,58
96,transient,23006,0.2,76.0,stalled,7,16
96,transient,23006,0.2,88.0,improving,3,13
96,transient,23006,0.2,88.0,stalled,7,20
96,transient,23006,0.2,100.0,improving,2,58
96,transient,23006,0.2,100.0,stalled,8,19
96,transient,23007,0.2,40.0,improving,0,-1
96,transient,23007,0.2,40.0,stalled,6,44
96,transient,23007,0.2,52.0,improving,0,-1
96,transient,23007,0.2,52.0,stalled,28,90
96,transient,23007,0.2,64.0,improving,10,85
96,transient,23007,0.2,64.0,stalled,4,44
96,transient,23007,0.2,76.0,improving,4,43
96,transient,23007,0.2,76.0,stalled,3,10
96,transient,23007,0.2,88.0,improving,4,43
96,transient,23007,0.2,88.0,stalled,3,10
96,transient,23007,0.2,100.0,improving,1,91
96,transient,23007,0.2,100.0,stalled,5,10
96,transient,23008,0.2,40.0,improving,1,95
96,transient,23008,0.2,40.0,stalled,5,94
96,transient,23008,0.2,52.0,improving,0,-1
96,transient,23008,0.2,52.0,stalled,15,82
96,transient,23008,0.2,64.0,improving,4,83
96,transient,23008,0.2,64.0,stalled,6,91
96,transient,23008,0.2,76.0,improving,1,95
96,transient,23008,0.2,76.0,stalled,7,94
96,transient,23008,0.2,88.0,improving,1,95
96,transient,23008,0.2,88.0,stalled,6,90
96,transient,23008,0.2,100.0,improving,1,95
96,transient,23008,0.2,100.0,stalled,6,92
96,transient,23009,0.2,40.0,improving,0,-1
96,transient,23009,0.2,40.0,stalled,6,25
96,transient,23009,0.2,52.0,improving,0,-1
96,transient,23009,0.2,52.0,stalled,20,28
96,transient,23009,0.2,64.0,improving,5,30
96,transient,23009,0.2,64.0,stalled,7,25
96,transient,23009,0.2,76.0,improving,1,30
96,transient,23009,0.2,76.0,stalled,7,28
96,transient,23009,0.2,88.0,improving,0,-1
96,transient,23009,0.2,88.0,stalled,7,25
96,transient,23009,0.2,100.0,improving,0,-1
96,transient,23009,0.2,100.0,stalled,6,26
96,transient,23010,0.2,40.0,improving,0,-1
96,transient,23010,0.2,40.0,stalled,16,39
96,transient,23010,0.2,52.0,improving,0,-1
96,transient,23010,0.2,52.0,stalled,21,45
96,transient,23010,0.2,64.0,improving,3,58
96,transient,23010,0.2,64.0,stalled,13,55
96,transient,23010,0.2,76.0,improving,1,39
96,transient,23010,0.2,76.0,stalled,15,53
96,transient,23010,0.2,88.0,improving,0,-1
96,transient,23010,0.2,88.0,stalled,16,55
96,transient,23010,0.2,100.0,improving,0,-1
96,transient,23010,0.2,100.0,stalled,16,45
96,transient,23011,0.2,40.0,improving,0,-1
96,transient,23011,0.2,40.0,stalled,20,9
96,transient,23011,0.2,52.0,improving,0,-1
96,transient,23011,0.2,52.0,stalled,36,82
96,transient,23011,0.2,64.0,improving,7,95
96,transient,23011,0.2,64.0,stalled,13,93
96,transient,23011,0.2,76.0,improving,4,10
96,transient,23011,0.2,76.0,stalled,16,91
96,transient,23011,0.2,88.0,improving,1,73
96,transient,23011,0.2,88.0,stalled,19,92
96,transient,23011,0.2,100.0,improving,0,-1
96,transient,23011,0.2,100.0,stalled,20,79
96,transient,23012,0.2,40.0,improving,0,-1
96,transient,23012,0.2,40.0,stalled,0,-1
96,transient,23012,0.2,52.0,improving,0,-1
96,transient,23012,0.2,52.0,stalled,16,21
96,transient,23012,0.2,64.0,improving,3,22
96,transient,23012,0.2,64.0,stalled,0,-1
96,transient,23012,0.2,76.0,improving,3,22
96,transient,23012,0.2,76.0,stalled,0,-1
96,transient,23012,0.2,88.0,improving,2,21
96,transient,23012,0.2,88.0,stalled,0,-1
96,transient,23012,0.2,100.0,improving,1,21
96,transient,23012,0.2,100.0,stalled,0,-1
96,transient,23013,0.2,40.0,improving,0,-1
96,transient,23013,0.2,40.0,stalled,18,11
96,transient,23013,0.2,52.0,improving,0,-1
96,transient,23013,0.2,52.0,stalled,22,11
96,transient,23013,0.2,64.0,improving,4,28
96,transient,23013,0.2,64.0,stalled,14,17
96,transient,23013,0.2,76.0,improving,0,-1
96,transient,23013,0.2,76.0,stalled,18,20
96,transient,23013,0.2,88.0,improving,0,-1
96,transient,23013,0.2,88.0,stalled,18,6
96,transient,23013,0.2,100.0,improving,0,-1
96,transient,23013,0.2,100.0,stalled,18,27
96,transient,23014,0.2,40.0,improving,0,-1
96,transient,23014,0.2,40.0,stalled,18,4
96,transient,23014,0.2,52.0,improving,0,-1
96,transient,23014,0.2,52.0,stalled,30,3
96,transient,23014,0.2,64.0,improving,7,89
96,transient,23014,0.2,64.0,stalled,14,4
96,transient,23014,0.2,76.0,improving,2,88
96,transient,23014,0.2,76.0,stalled,18,89
96,transient,23014,0.2,88.0,improving,1,8
96,transient,23014,0.2,88.0,stalled,18,94
96,transient,23014,0.2,100.0,improving,0,-1
96,transient,23014,0.2,100.0,stalled,18,92
96,transient,23015,0.2,40.0,improving,0,-1
96,transient,23015,0.2,40.0,stalled,7,9
96,transient,23015,0.2,52.0,improving,0,-1
96,transient,23015,0.2,52.0,stalled,13,20
96,transient,23015,0.2,64.0,improving,6,9
96,transient,23015,0.2,64.0,stalled,1,8
96,transient,23015,0.2,76.0,improving,2,6
96,transient,23015,0.2,76.0,stalled,5,18
96,transient,23015,0.2,88.0,improving,1,20
96,transient,23015,0.2,88.0,stalled,6,18
96,transient,23015,0.2,100.0,improving,1,20
96,transient,23015,0.2,100.0,stalled,6,18
96,transient,23016,0.2,40.0,improving,1,22
96,transient,23016,0.2,40.0,stalled,8,8
96,transient,23016,0.2,52.0,improving,0,-1
96,transient,23016,0.2,52.0,stalled,20,20
96,transient,23016,0.2,64.0,improving,9,79
96,transient,23016,0.2,64.0,stalled,2,20
96,transient,23016,0.2,76.0,improving,5,22
96,transient,23016,0.2,76.0,stalled,5,21
96,transient,23016,0.2,88.0,improving,2,21
96,transient,23016,0.2,88.0,stalled,7,20
96,transient,23016,0.2,100.0,improving,1,22
96,transient,23016,0.2,100.0,stalled,8,79
96,transient,23017,0.2,40.0,improving,2,46
96,transient,23017,0.2,40.0,stalled,7,0
96,transient,23017,0.2,52.0,improving,0,-1
96,transient,23017,0.2,52.0,stalled,28,2
96,transient,23017,0.2,64.0,improving,7,44
96,transient,23017,0.2,64.0,stalled,8,92
96,transient,23017,0.2,76.0,improving,5,0
96,transient,23017,0.2,76.0,stalled,6,93
96,transient,23017,0.2,88.0,improving,3,46
96,transient,23017,0.2,88.0,stalled,6,93
96,transient,23017,0.2,100.0,improving,0,-1
96,transient,23017,0.2,100.0,stalled,9,0
96,transient,23018,0.2,40.0,improving,2,48
96,transient,23018,0.2,40.0,stalled,4,46
96,transient,23018,0.2,52.0,improving,0,-1
96,transient,23018,0.2,52.0,stalled,14,15
96,transient,23018,0.2,64.0,improving,4,47
96,transient,23018,0.2,64.0,stalled,3,44
96,transient,23018,0.2,76.0,improving,3,48
96,transient,23018,0.2,76.0,stalled,3,46
96,transient,23018,0.2,88.0,improving,2,43
96,transient,23018,0.2,88.0,stalled,4,44
96,transient,23018,0.2,100.0,improving,2,43
96,transient,23018,0.2,100.0,stalled,4,45
96,transient,23019,0.2,40.0,improving,0,-1
96,transient,23019,0.2,40.0,stalled,17,92
96,transient,23019,0.2,52.0,improving,0,-1
96,transient,23019,0.2,52.0,stalled,31,65
96,transient,23019,0.2,64.0,improving,4,4
96,transient,23019,0.2,64.0,stalled,13,93
96,transient,23019,0.2,76.0,improving,3,66
96,transient,23019,0.2,76.0,stalled,14,93
96,transient,23019,0.2,88.0,improving,2,67
96,transient,23019,0.2,88.0,stalled,15,0
96,transient,23019,0.2,100.0,improving,1,66
96,transient,23019,0.2,100.0,stalled,16,67
96,scarcity,23000,0.2,40.0,improving,1,95
96,scarcity,23000,0.2,40.0,stalled,8,31
96,scarcity,23000,0.2,52.0,improving,0,-1
96,scarcity,23000,0.2,52.0,stalled,16,30
96,scarcity,23000,0.2,64.0,improving,0,-1
96,scarcity,23000,0.2,64.0,stalled,22,92
96,scarcity,23000,0.2,76.0,improving,0,-1
96,scarcity,23000,0.2,76.0,stalled,27,93
96,scarcity,23000,0.2,88.0,improving,0,-1
96,scarcity,23000,0.2,88.0,stalled,29,6
96,scarcity,23000,0.2,100.0,improving,0,-1
96,scarcity,23000,0.2,100.0,stalled,29,43
96,scarcity,23001,0.2,40.0,improving,0,-1
96,scarcity,23001,0.2,40.0,stalled,16,47
96,scarcity,23001,0.2,52.0,improving,0,-1
96,scarcity,23001,0.2,52.0,stalled,27,67
96,scarcity,23001,0.2,64.0,improving,0,-1
96,scarcity,23001,0.2,64.0,stalled,29,40
96,scarcity,23001,0.2,76.0,improving,0,-1
96,scarcity,23001,0.2,76.0,stalled,32,58
96,scarcity,23001,0.2,88.0,improving,0,-1
96,scarcity,23001,0.2,88.0,stalled,34,39
96,scarcity,23001,0.2,100.0,improving,0,-1
96,scarcity,23001,0.2,100.0,stalled,36,49
96,scarcity,23002,0.2,40.0,improving,1,59
96,scarcity,23002,0.2,40.0,stalled,7,53
96,scarcity,23002,0.2,52.0,improving,0,-1
96,scarcity,23002,0.2,52.0,stalled,12,57
96,scarcity,23002,0.2,64.0,improving,0,-1
96,scarcity,23002,0.2,64.0,stalled,23,34
96,scarcity,23002,0.2,76.0,improving,0,-1
96,scarcity,23002,0.2,76.0,stalled,25,60
96,scarcity,23002,0.2,88.0,improving,0,-1
96,scarcity,23002,0.2,88.0,stalled,33,36
96,scarcity,23002,0.2,100.0,improving,0,-1
96,scarcity,23002,0.2,100.0,stalled,36,45
96,scarcity,23003,0.2,40.0,improving,1,55
96,scarcity,23003,0.2,40.0,stalled,7,51
96,scarcity,23003,0.2,52.0,improving,0,-1
96,scarcity,23003,0.2,52.0,stalled,18,48
96,scarcity,23003,0.2,64.0,improving,0,-1
96,scarcity,23003,0.2,64.0,stalled,21,56
96,scarcity,23003,0.2,76.0,improving,0,-1
96,scarcity,23003,0.2,76.0,stalled,28,64
96,scarcity,23003,0.2,88.0,improving,0,-1
96,scarcity,23003,0.2,88.0,stalled,31,54
96,scarcity,23003,0.2,100.0,improving,0,-1
96,scarcity,23003,0.2,100.0,stalled,34,46
96,scarcity,23004,0.2,40.0,improving,0,-1
96,scarcity,23004,0.2,40.0,stalled,2,7
96,scarcity,23004,0.2,52.0,improving,0,-1
96,scarcity,23004,0.2,52.0,stalled,21,84
96,scarcity,23004,0.2,64.0,improving,0,-1
96,scarcity,23004,0.2,64.0,stalled,29,10
96,scarcity,23004,0.2,76.0,improving,0,-1
96,scarcity,23004,0.2,76.0,stalled,33,54
96,scarcity,23004,0.2,88.0,improving,0,-1
96,scarcity,23004,0.2,88.0,stalled,33,88
96,scarcity,23004,0.2,100.0,improving,0,-1
96,scarcity,23004,0.2,100.0,stalled,35,5
96,scarcity,23005,0.2,40.0,improving,0,-1
96,scarcity,23005,0.2,40.0,stalled,19,39
96,scarcity,23005,0.2,52.0,improving,0,-1
96,scarcity,23005,0.2,52.0,stalled,28,40
96,scarcity,23005,0.2,64.0,improving,0,-1
96,scarcity,23005,0.2,64.0,stalled,31,59
96,scarcity,23005,0.2,76.0,improving,0,-1
96,scarcity,23005,0.2,76.0,stalled,32,57
96,scarcity,23005,0.2,88.0,improving,0,-1
96,scarcity,23005,0.2,88.0,stalled,34,58
96,scarcity,23005,0.2,100.0,improving,0,-1
96,scarcity,23005,0.2,100.0,stalled,36,59
96,scarcity,23006,0.2,40.0,improving,1,13
96,scarcity,23006,0.2,40.0,stalled,8,14
96,scarcity,23006,0.2,52.0,improving,0,-1
96,scarcity,23006,0.2,52.0,stalled,20,15
96,scarcity,23006,0.2,64.0,improving,0,-1
96,scarcity,23006,0.2,64.0,stalled,28,22
96,scarcity,23006,0.2,76.0,improving,0,-1
96,scarcity,23006,0.2,76.0,stalled,34,62
96,scarcity,23006,0.2,88.0,improving,0,-1
96,scarcity,23006,0.2,88.0,stalled,37,13
96,scarcity,23006,0.2,100.0,improving,0,-1
96,scarcity,23006,0.2,100.0,stalled,38,61
96,scarcity,23007,0.2,40.0,improving,0,-1
96,scarcity,23007,0.2,40.0,stalled,6,44
96,scarcity,23007,0.2,52.0,improving,0,-1
96,scarcity,23007,0.2,52.0,stalled,24,92
96,scarcity,23007,0.2,64.0,improving,0,-1
96,scarcity,23007,0.2,64.0,stalled,29,86
96,scarcity,23007,0.2,76.0,improving,0,-1
96,scarcity,23007,0.2,76.0,stalled,35,45
96,scarcity,23007,0.2,88.0,improving,0,-1
96,scarcity,23007,0.2,88.0,stalled,37,37
96,scarcity,23007,0.2,100.0,improving,0,-1
96,scarcity,23007,0.2,100.0,stalled,40,10
96,scarcity,23008,0.2,40.0,improving,1,95
96,scarcity,23008,0.2,40.0,stalled,5,94
96,scarcity,23008,0.2,52.0,improving,0,-1
96,scarcity,23008,0.2,52.0,stalled,14,85
96,scarcity,23008,0.2,64.0,improving,0,-1
96,scarcity,23008,0.2,64.0,stalled,17,83
96,scarcity,23008,0.2,76.0,improving,0,-1
96,scarcity,23008,0.2,76.0,stalled,25,92
96,scarcity,23008,0.2,88.0,improving,0,-1
96,scarcity,23008,0.2,88.0,stalled,32,12
96,scarcity,23008,0.2,100.0,improving,0,-1
96,scarcity,23008,0.2,100.0,stalled,37,80
96,scarcity,23009,0.2,40.0,improving,0,-1
96,scarcity,23009,0.2,40.0,stalled,6,25
96,scarcity,23009,0.2,52.0,improving,0,-1
96,scarcity,23009,0.2,52.0,stalled,19,28
96,scarcity,23009,0.2,64.0,improving,0,-1
96,scarcity,23009,0.2,64.0,stalled,24,28
96,scarcity,23009,0.2,76.0,improving,0,-1
96,scarcity,23009,0.2,76.0,stalled,31,64
96,scarcity,23009,0.2,88.0,improving,0,-1
96,scarcity,23009,0.2,88.0,stalled,34,31
96,scarcity,23009,0.2,100.0,improving,0,-1
96,scarcity,23009,0.2,100.0,stalled,34,45
96,scarcity,23010,0.2,40.0,improving,0,-1
96,scarcity,23010,0.2,40.0,stalled,16,39
96,scarcity,23010,0.2,52.0,improving,0,-1
96,scarcity,23010,0.2,52.0,stalled,21,45
96,scarcity,23010,0.2,64.0,improving,0,-1
96,scarcity,23010,0.2,64.0,stalled,23,46
96,scarcity,23010,0.2,76.0,improving,0,-1
96,scarcity,23010,0.2,76.0,stalled,23,51
96,scarcity,23010,0.2,88.0,improving,0,-1
96,scarcity,23010,0.2,88.0,stalled,30,57
96,scarcity,23010,0.2,100.0,improving,0,-1
96,scarcity,23010,0.2,100.0,stalled,32,41
96,scarcity,23011,0.2,40.0,improving,0,-1
96,scarcity,23011,0.2,40.0,stalled,20,9
96,scarcity,23011,0.2,52.0,improving,0,-1
96,scarcity,23011,0.2,52.0,stalled,35,83
96,scarcity,23011,0.2,64.0,improving,0,-1
96,scarcity,23011,0.2,64.0,stalled,37,91
96,scarcity,23011,0.2,76.0,improving,0,-1
96,scarcity,23011,0.2,76.0,stalled,39,0
96,scarcity,23011,0.2,88.0,improving,0,-1
96,scarcity,23011,0.2,88.0,stalled,39,89
96,scarcity,23011,0.2,100.0,improving,0,-1
96,scarcity,23011,0.2,100.0,stalled,39,74
96,scarcity,23012,0.2,40.0,improving,0,-1
96,scarcity,23012,0.2,40.0,stalled,0,-1
96,scarcity,23012,0.2,52.0,improving,0,-1
96,scarcity,23012,0.2,52.0,stalled,5,21
96,scarcity,23012,0.2,64.0,improving,0,-1
96,scarcity,23012,0.2,64.0,stalled,27,71
96,scarcity,23012,0.2,76.0,improving,0,-1
96,scarcity,23012,0.2,76.0,stalled,34,64
96,scarcity,23012,0.2,88.0,improving,0,-1
96,scarcity,23012,0.2,88.0,stalled,39,18
96,scarcity,23012,0.2,100.0,improving,0,-1
96,scarcity,23012,0.2,100.0,stalled,40,69
96,scarcity,23013,0.2,40.0,improving,0,-1
96,scarcity,23013,0.2,40.0,stalled,18,11
96,scarcity,23013,0.2,52.0,improving,0,-1
96,scarcity,23013,0.2,52.0,stalled,21,13
96,scarcity,23013,0.2,64.0,improving,0,-1
96,scarcity,23013,0.2,64.0,stalled,23,29
96,scarcity,23013,0.2,76.0,improving,0,-1
96,scarcity,23013,0.2,76.0,stalled,24,19
96,scarcity,23013,0.2,88.0,improving,0,-1
96,scarcity,23013,0.2,88.0,stalled,24,4
96,scarcity,23013,0.2,100.0,improving,0,-1
96,scarcity,23013,0.2,100.0,stalled,25,28
96,scarcity,23014,0.2,40.0,improving,0,-1
96,scarcity,23014,0.2,40.0,stalled,18,4
96,scarcity,23014,0.2,52.0,improving,0,-1
96,scarcity,23014,0.2,52.0,stalled,26,2
96,scarcity,23014,0.2,64.0,improving,0,-1
96,scarcity,23014,0.2,64.0,stalled,28,93
96,scarcity,23014,0.2,76.0,improving,0,-1
96,scarcity,23014,0.2,76.0,stalled,33,72
96,scarcity,23014,0.2,88.0,improving,0,-1
96,scarcity,23014,0.2,88.0,stalled,34,93
96,scarcity,23014,0.2,100.0,improving,0,-1
96,scarcity,23014,0.2,100.0,stalled,34,89
96,scarcity,23015,0.2,40.0,improving,0,-1
96,scarcity,23015,0.2,40.0,stalled,7,9
96,scarcity,23015,0.2,52.0,improving,0,-1
96,scarcity,23015,0.2,52.0,stalled,13,19
96,scarcity,23015,0.2,64.0,improving,0,-1
96,scarcity,23015,0.2,64.0,stalled,21,11
96,scarcity,23015,0.2,76.0,improving,0,-1
96,scarcity,23015,0.2,76.0,stalled,29,5
96,scarcity,23015,0.2,88.0,improving,0,-1
96,scarcity,23015,0.2,88.0,stalled,32,42
96,scarcity,23015,0.2,100.0,improving,0,-1
96,scarcity,23015,0.2,100.0,stalled,37,48
96,scarcity,23016,0.2,40.0,improving,1,22
96,scarcity,23016,0.2,40.0,stalled,8,8
96,scarcity,23016,0.2,52.0,improving,0,-1
96,scarcity,23016,0.2,52.0,stalled,17,18
96,scarcity,23016,0.2,64.0,improving,0,-1
96,scarcity,23016,0.2,64.0,stalled,21,79
96,scarcity,23016,0.2,76.0,improving,0,-1
96,scarcity,23016,0.2,76.0,stalled,27,12
96,scarcity,23016,0.2,88.0,improving,0,-1
96,scarcity,23016,0.2,88.0,stalled,29,17
96,scarcity,23016,0.2,100.0,improving,0,-1
96,scarcity,23016,0.2,100.0,stalled,31,79
96,scarcity,23017,0.2,40.0,improving,2,46
96,scarcity,23017,0.2,40.0,stalled,7,0
96,scarcity,23017,0.2,52.0,improving,0,-1
96,scarcity,23017,0.2,52.0,stalled,20,1
96,scarcity,23017,0.2,64.0,improving,0,-1
96,scarcity,23017,0.2,64.0,stalled,27,45
96,scarcity,23017,0.2,76.0,improving,0,-1
96,scarcity,23017,0.2,76.0,stalled,29,2
96,scarcity,23017,0.2,88.0,improving,0,-1
96,scarcity,23017,0.2,88.0,stalled,32,52
96,scarcity,23017,0.2,100.0,improving,0,-1
96,scarcity,23017,0.2,100.0,stalled,33,0
96,scarcity,23018,0.2,40.0,improving,2,48
96,scarcity,23018,0.2,40.0,stalled,4,46
96,scarcity,23018,0.2,52.0,improving,0,-1
96,scarcity,23018,0.2,52.0,stalled,8,44
96,scarcity,23018,0.2,64.0,improving,0,-1
96,scarcity,23018,0.2,64.0,stalled,19,42
96,scarcity,23018,0.2,76.0,improving,0,-1
96,scarcity,23018,0.2,76.0,stalled,31,44
96,scarcity,23018,0.2,88.0,improving,0,-1
96,scarcity,23018,0.2,88.0,stalled,35,26
96,scarcity,23018,0.2,100.0,improving,0,-1
96,scarcity,23018,0.2,100.0,stalled,37,41
96,scarcity,23019,0.2,40.0,improving,0,-1
96,scarcity,23019,0.2,40.0,stalled,17,92
96,scarcity,23019,0.2,52.0,improving,0,-1
96,scarcity,23019,0.2,52.0,stalled,32,67
96,scarcity,23019,0.2,64.0,improving,0,-1
96,scarcity,23019,0.2,64.0,stalled,33,68
96,scarcity,23019,0.2,76.0,improving,0,-1
96,scarcity,23019,0.2,76.0,stalled,36,66
96,scarcity,23019,0.2,88.0,improving,0,-1
96,scarcity,23019,0.2,88.0,stalled,41,89
96,scarcity,23019,0.2,100.0,improving,0,-1
96,scarcity,23019,0.2,100.0,stalled,44,57
384,mixed,23000,0.2,40.0,improving,0,-1
384,mixed,23000,0.2,40.0,stalled,75,22
384,mixed,23000,0.2,52.0,improving,0,-1
384,mixed,23000,0.2,52.0,stalled,98,24
384,mixed,23000,0.2,64.0,improving,0,-1
384,mixed,23000,0.2,64.0,stalled,127,319
384,mixed,23000,0.2,76.0,improving,6,173
384,mixed,23000,0.2,76.0,stalled,123,328
384,mixed,23000,0.2,88.0,improving,30,38
384,mixed,23000,0.2,88.0,stalled,70,84
384,mixed,23000,0.2,100.0,improving,25,159
384,mixed,23000,0.2,100.0,stalled,61,351
384,mixed,23001,0.2,40.0,improving,0,-1
384,mixed,23001,0.2,40.0,stalled,40,336
384,mixed,23001,0.2,52.0,improving,0,-1
384,mixed,23001,0.2,52.0,stalled,63,371
384,mixed,23001,0.2,64.0,improving,0,-1
384,mixed,23001,0.2,64.0,stalled,120,72
384,mixed,23001,0.2,76.0,improving,12,235
384,mixed,23001,0.2,76.0,stalled,106,5
384,mixed,23001,0.2,88.0,improving,57,201
384,mixed,23001,0.2,88.0,stalled,27,58
384,mixed,23001,0.2,100.0,improving,22,108
384,mixed,23001,0.2,100.0,stalled,37,344
384,mixed,23002,0.2,40.0,improving,3,183
384,mixed,23002,0.2,40.0,stalled,46,47
384,mixed,23002,0.2,52.0,improving,0,-1
384,mixed,23002,0.2,52.0,stalled,84,236
384,mixed,23002,0.2,64.0,improving,0,-1
384,mixed,23002,0.2,64.0,stalled,113,6
384,mixed,23002,0.2,76.0,improving,16,239
384,mixed,23002,0.2,76.0,stalled,79,110
384,mixed,23002,0.2,88.0,improving,37,23
384,mixed,23002,0.2,88.0,stalled,48,212
384,mixed,23002,0.2,100.0,improving,20,41
384,mixed,23002,0.2,100.0,stalled,50,239
384,mixed,23003,0.2,40.0,improving,1,2
384,mixed,23003,0.2,40.0,stalled,39,320
384,mixed,23003,0.2,52.0,improving,0,-1
384,mixed,23003,0.2,52.0,stalled,57,189
384,mixed,23003,0.2,64.0,improving,0,-1
384,mixed,23003,0.2,64.0,stalled,103,325
384,mixed,23003,0.2,76.0,improving,6,250
384,mixed,23003,0.2,76.0,stalled,87,120
384,mixed,23003,0.2,88.0,improving,44,249
384,mixed,23003,0.2,88.0,stalled,45,2
384,mixed,23003,0.2,100.0,improving,24,70
384,mixed,23003,0.2,100.0,stalled,26,337
384,mixed,23004,0.2,40.0,improving,0,-1
384,mixed,23004,0.2,40.0,stalled,47,290
384,mixed,23004,0.2,52.0,improving,0,-1
384,mixed,23004,0.2,52.0,stalled,77,233
384,mixed,23004,0.2,64.0,improving,0,-1
384,mixed,23004,0.2,64.0,stalled,95,113
384,mixed,23004,0.2,76.0,improving,3,207
384,mixed,23004,0.2,76.0,stalled,99,246
384,mixed,23004,0.2,88.0,improving,27,292
384,mixed,23004,0.2,88.0,stalled,65,255
384,mixed,23004,0.2,100.0,improving,23,20
384,mixed,23004,0.2,100.0,stalled,48,244
384,mixed,23005,0.2,40.0,improving,0,-1
384,mixed,23005,0.2,40.0,stalled,44,39
384,mixed,23005,0.2,52.0,improving,0,-1
384,mixed,23005,0.2,52.0,stalled,71,43
384,mixed,23005,0.2,64.0,improving,0,-1
384,mixed,23005,0.2,64.0,stalled,127,259
384,mixed,23005,0.2,76.0,improving,12,237
384,mixed,23005,0.2,76.0,stalled,107,99
384,mixed,23005,0.2,88.0,improving,41,270
384,mixed,23005,0.2,88.0,stalled,43,366
384,mixed,23005,0.2,100.0,improving,23,150
384,mixed,23005,0.2,100.0,stalled,39,111
384,mixed,23006,0.2,40.0,improving,1,164
384,mixed,23006,0.2,40.0,stalled,41,46
384,mixed,23006,0.2,52.0,improving,0,-1
384,mixed,23006,0.2,52.0,stalled,69,95
384,mixed,23006,0.2,64.0,improving,0,-1
384,mixed,23006,0.2,64.0,stalled,104,156
384,mixed,23006,0.2,76.0,improving,8,248
384,mixed,23006,0.2,76.0,stalled,93,111
384,mixed,23006,0.2,88.0,improving,35,48
384,mixed,23006,0.2,88.0,stalled,41,156
384,mixed,23006,0.2,100.0,improving,24,270
384,mixed,23006,0.2,100.0,stalled,30,216
384,mixed,23007,0.2,40.0,improving,0,-1
384,mixed,23007,0.2,40.0,stalled,45,296
384,mixed,23007,0.2,52.0,improving,0,-1
384,mixed,23007,0.2,52.0,stalled,78,359
384,mixed,23007,0.2,64.0,improving,0,-1
384,mixed,23007,0.2,64.0,stalled,115,300
384,mixed,23007,0.2,76.0,improving,13,186
384,mixed,23007,0.2,76.0,stalled,90,19
384,mixed,23007,0.2,88.0,improving,47,186
384,mixed,23007,0.2,88.0,stalled,41,59
384,mixed,23007,0.2,100.0,improving,21,35
384,mixed,23007,0.2,100.0,stalled,47,170
384,mixed,23008,0.2,40.0,improving,0,-1
384,mixed,23008,0.2,40.0,stalled,35,375
384,mixed,23008,0.2,52.0,improving,0,-1
384,mixed,23008,0.2,52.0,stalled,58,124
384,mixed,23008,0.2,64.0,improving,0,-1
384,mixed,23008,0.2,64.0,stalled,117,163
384,mixed,23008,0.2,76.0,improving,8,204
384,mixed,23008,0.2,76.0,stalled,103,317
384,mixed,23008,0.2,88.0,improving,44,98
384,mixed,23008,0.2,88.0,stalled,46,375
384,mixed,23008,0.2,100.0,improving,29,211
384,mixed,23008,0.2,100.0,stalled,23,40
384,mixed,23009,0.2,40.0,improving,2,226
384,mixed,23009,0.2,40.0,stalled,46,13
384,mixed,23009,0.2,52.0,improving,0,-1
384,mixed,23009,0.2,52.0,stalled,75,212
384,mixed,23009,0.2,64.0,improving,0,-1
384,mixed,23009,0.2,64.0,stalled,94,207
384,mixed,23009,0.2,76.0,improving,11,261
384,mixed,23009,0.2,76.0,stalled,92,216
384,mixed,23009,0.2,88.0,improving,34,157
384,mixed,23009,0.2,88.0,stalled,54,223
384,mixed,23009,0.2,100.0,improving,26,314
384,mixed,23009,0.2,100.0,stalled,40,82
384,mixed,23010,0.2,40.0,improving,1,241
384,mixed,23010,0.2,40.0,stalled,53,20
384,mixed,23010,0.2,52.0,improving,0,-1
384,mixed,23010,0.2,52.0,stalled,101,72
384,mixed,23010,0.2,64.0,improving,0,-1
384,mixed,23010,0.2,64.0,stalled,118,84
384,mixed,23010,0.2,76.0,improving,12,194
384,mixed,23010,0.2,76.0,stalled,90,90
384,mixed,23010,0.2,88.0,improving,27,201
384,mixed,23010,0.2,88.0,stalled,67,70
384,mixed,23010,0.2,100.0,improving,21,32
384,mixed,23010,0.2,100.0,stalled,56,228
384,mixed,23011,0.2,40.0,improving,1,200
384,mixed,23011,0.2,40.0,stalled,56,58
384,mixed,23011,0.2,52.0,improving,0,-1
384,mixed,23011,0.2,52.0,stalled,85,212
384,mixed,23011,0.2,64.0,improving,0,-1
384,mixed,23011,0.2,64.0,stalled,103,245
384,mixed,23011,0.2,76.0,improving,8,125
384,mixed,23011,0.2,76.0,stalled,102,251
384,mixed,23011,0.2,88.0,improving,28,355
384,mixed,23011,0.2,88.0,stalled,65,116
384,mixed,23011,0.2,100.0,improving,28,92
384,mixed,23011,0.2,100.0,stalled,48,8
384,mixed,23012,0.2,40.0,improving,2,296
384,mixed,23012,0.2,40.0,stalled,50,10
384,mixed,23012,0.2,52.0,improving,1,325
384,mixed,23012,0.2,52.0,stalled,80,174
384,mixed,23012,0.2,64.0,improving,0,-1
384,mixed,23012,0.2,64.0,stalled,116,347
384,mixed,23012,0.2,76.0,improving,16,222
384,mixed,23012,0.2,76.0,stalled,94,297
384,mixed,23012,0.2,88.0,improving,33,37
384,mixed,23012,0.2,88.0,stalled,50,346
384,mixed,23012,0.2,100.0,improving,21,297
384,mixed,23012,0.2,100.0,stalled,40,180
384,mixed,23013,0.2,40.0,improving,2,176
384,mixed,23013,0.2,40.0,stalled,29,160
384,mixed,23013,0.2,52.0,improving,1,368
384,mixed,23013,0.2,52.0,stalled,62,103
384,mixed,23013,0.2,64.0,improving,0,-1
384,mixed,23013,0.2,64.0,stalled,90,380
384,mixed,23013,0.2,76.0,improving,10,170
384,mixed,23013,0.2,76.0,stalled,68,291
384,mixed,23013,0.2,88.0,improving,31,1
384,mixed,23013,0.2,88.0,stalled,40,17
384,mixed,23013,0.2,100.0,improving,19,368
384,mixed,23013,0.2,100.0,stalled,30,174
384,mixed,23014,0.2,40.0,improving,1,350
384,mixed,23014,0.2,40.0,stalled,44,19
384,mixed,23014,0.2,52.0,improving,1,350
384,mixed,23014,0.2,52.0,stalled,55,6
384,mixed,23014,0.2,64.0,improving,0,-1
384,mixed,23014,0.2,64.0,stalled,95,376
384,mixed,23014,0.2,76.0,improving,2,168
384,mixed,23014,0.2,76.0,stalled,101,320
384,mixed,23014,0.2,88.0,improving,36,377
384,mixed,23014,0.2,88.0,stalled,49,1
384,mixed,23014,0.2,100.0,improving,28,349
384,mixed,23014,0.2,100.0,stalled,28,354
384,mixed,23015,0.2,40.0,improving,2,254
384,mixed,23015,0.2,40.0,stalled,56,141
384,mixed,23015,0.2,52.0,improving,0,-1
384,mixed,23015,0.2,52.0,stalled,87,241
384,mixed,23015,0.2,64.0,improving,0,-1
384,mixed,23015,0.2,64.0,stalled,120,116
384,mixed,23015,0.2,76.0,improving,12,121
384,mixed,23015,0.2,76.0,stalled,95,297
384,mixed,23015,0.2,88.0,improving,30,299
384,mixed,23015,0.2,88.0,stalled,63,120
384,mixed,23015,0.2,100.0,improving,25,255
384,mixed,23015,0.2,100.0,stalled,47,349
384,mixed,23016,0.2,40.0,improving,0,-1
384,mixed,23016,0.2,40.0,stalled,53,20
384,mixed,23016,0.2,52.0,improving,0,-1
384,mixed,23016,0.2,52.0,stalled,67,205
384,mixed,23016,0.2,64.0,improving,0,-1
384,mixed,23016,0.2,64.0,stalled,96,333
384,mixed,23016,0.2,76.0,improving,8,219
384,mixed,23016,0.2,76.0,stalled,117,336
384,mixed,23016,0.2,88.0,improving,47,90
384,mixed,23016,0.2,88.0,stalled,46,254
384,mixed,23016,0.2,100.0,improving,18,333
384,mixed,23016,0.2,100.0,stalled,51,254
384,mixed,23017,0.2,40.0,improving,1,244
384,mixed,23017,0.2,40.0,stalled,40,210
384,mixed,23017,0.2,52.0,improving,0,-1
384,mixed,23017,0.2,52.0,stalled,73,27
384,mixed,23017,0.2,64.0,improving,0,-1
384,mixed,23017,0.2,64.0,stalled,99,39
384,mixed,23017,0.2,76.0,improving,13,165
384,mixed,23017,0.2,76.0,stalled,82,279
384,mixed,23017,0.2,88.0,improving,32,193
384,mixed,23017,0.2,88.0,stalled,40,205
384,mixed,23017,0.2,100.0,improving,28,4
384,mixed,23017,0.2,100.0,stalled,28,210
384,mixed,23018,0.2,40.0,improving,0,-1
384,mixed,23018,0.2,40.0,stalled,43,172
384,mixed,23018,0.2,52.0,improving,0,-1
384,mixed,23018,0.2,52.0,stalled,62,78
384,mixed,23018,0.2,64.0,improving,0,-1
384,mixed,23018,0.2,64.0,stalled,104,200
384,mixed,23018,0.2,76.0,improving,13,225
384,mixed,23018,0.2,76.0,stalled,89,380
384,mixed,23018,0.2,88.0,improving,32,101
384,mixed,23018,0.2,88.0,stalled,42,37
384,mixed,23018,0.2,100.0,improving,25,76
384,mixed,23018,0.2,100.0,stalled,30,79
384,mixed,23019,0.2,40.0,improving,1,277
384,mixed,23019,0.2,40.0,stalled,28,368
384,mixed,23019,0.2,52.0,improving,1,277
384,mixed,23019,0.2,52.0,stalled,65,143
384,mixed,23019,0.2,64.0,improving,0,-1
384,mixed,23019,0.2,64.0,stalled,102,149
384,mixed,23019,0.2,76.0,improving,10,160
384,mixed,23019,0.2,76.0,stalled,87,363
384,mixed,23019,0.2,88.0,improving,43,366
384,mixed,23019,0.2,88.0,stalled,37,20
384,mixed,23019,0.2,100.0,improving,27,65
384,mixed,23019,0.2,100.0,stalled,28,374
384,transient,23000,0.2,40.0,improving,0,-1
384,transient,23000,0.2,40.0,stalled,71,23
384,transient,23000,0.2,52.0,improving,0,-1
384,transient,23000,0.2,52.0,stalled,120,22
384,transient,23000,0.2,64.0,improving,24,311
384,transient,23000,0.2,64.0,stalled,62,17
384,transient,23000,0.2,76.0,improving,15,357
384,transient,23000,0.2,76.0,stalled,68,312
384,transient,23000,0.2,88.0,improving,5,82
384,transient,23000,0.2,88.0,stalled,73,108
384,transient,23000,0.2,100.0,improving,0,-1
384,transient,23000,0.2,100.0,stalled,76,169
384,transient,23001,0.2,40.0,improving,1,59
384,transient,23001,0.2,40.0,stalled,38,337
384,transient,23001,0.2,52.0,improving,0,-1
384,transient,23001,0.2,52.0,stalled,105,370
384,transient,23001,0.2,64.0,improving,28,69
384,transient,23001,0.2,64.0,stalled,23,347
384,transient,23001,0.2,76.0,improving,11,308
384,transient,23001,0.2,76.0,stalled,33,61
384,transient,23001,0.2,88.0,improving,5,271
384,transient,23001,0.2,88.0,stalled,37,310
384,transient,23001,0.2,100.0,improving,1,378
384,transient,23001,0.2,100.0,stalled,41,340
384,transient,23002,0.2,40.0,improving,6,43
384,transient,23002,0.2,40.0,stalled,42,185
384,transient,23002,0.2,52.0,improving,0,-1
384,transient,23002,0.2,52.0,stalled,99,253
384,transient,23002,0.2,64.0,improving,30,2
384,transient,23002,0.2,64.0,stalled,30,46
384,transient,23002,0.2,76.0,improving,16,341
384,transient,23002,0.2,76.0,stalled,36,237
384,transient,23002,0.2,88.0,improving,8,8
384,transient,23002,0.2,88.0,stalled,41,255
384,transient,23002,0.2,100.0,improving,4,43
384,transient,23002,0.2,100.0,stalled,45,253
384,transient,23003,0.2,40.0,improving,1,72
384,transient,23003,0.2,40.0,stalled,32,324
384,transient,23003,0.2,52.0,improving,0,-1
384,transient,23003,0.2,52.0,stalled,89,199
384,transient,23003,0.2,64.0,improving,20,249
384,transient,23003,0.2,64.0,stalled,28,327
384,transient,23003,0.2,76.0,improving,14,344
384,transient,23003,0.2,76.0,stalled,26,331
384,transient,23003,0.2,88.0,improving,9,75
384,transient,23003,0.2,88.0,stalled,28,4
384,transient,23003,0.2,100.0,improving,3,72
384,transient,23003,0.2,100.0,stalled,32,338
384,transient,23004,0.2,40.0,improving,2,20
384,transient,23004,0.2,40.0,stalled,43,225
384,transient,23004,0.2,52.0,improving,0,-1
384,transient,23004,0.2,52.0,stalled,92,241
384,transient,23004,0.2,64.0,improving,16,52
384,transient,23004,0.2,64.0,stalled,43,223
384,transient,23004,0.2,76.0,improving,10,58
384,transient,23004,0.2,76.0,stalled,43,241
384,transient,23004,0.2,88.0,improving,5,287
384,transient,23004,0.2,88.0,stalled,45,290
384,transient,23004,0.2,100.0,improving,3,17
384,transient,23004,0.2,100.0,stalled,44,246
384,transient,23005,0.2,40.0,improving,2,39
384,transient,23005,0.2,40.0,stalled,39,113
384,transient,23005,0.2,52.0,improving,0,-1
384,transient,23005,0.2,52.0,stalled,100,45
384,transient,23005,0.2,64.0,improving,28,312
384,transient,23005,0.2,64.0,stalled,32,111
384,transient,23005,0.2,76.0,improving,19,312
384,transient,23005,0.2,76.0,stalled,31,144
384,transient,23005,0.2,88.0,improving,5,150
384,transient,23005,0.2,88.0,stalled,42,366
384,transient,23005,0.2,100.0,improving,1,150
384,transient,23005,0.2,100.0,stalled,44,313
384,transient,23006,0.2,40.0,improving,2,112
384,transient,23006,0.2,40.0,stalled,38,313
384,transient,23006,0.2,52.0,improving,0,-1
384,transient,23006,0.2,52.0,stalled,104,94
384,transient,23006,0.2,64.0,improving,25,151
384,transient,23006,0.2,64.0,stalled,25,156
384,transient,23006,0.2,76.0,improving,15,309
384,transient,23006,0.2,76.0,stalled,29,153
384,transient,23006,0.2,88.0,improving,11,44
384,transient,23006,0.2,88.0,stalled,31,215
384,transient,23006,0.2,100.0,improving,4,317
384,transient,23006,0.2,100.0,stalled,36,213
384,transient,23007,0.2,40.0,improving,2,64
384,transient,23007,0.2,40.0,stalled,43,356
384,transient,23007,0.2,52.0,improving,0,-1
384,transient,23007,0.2,52.0,stalled,103,359
384,transient,23007,0.2,64.0,improving,24,305
384,transient,23007,0.2,64.0,stalled,33,170
384,transient,23007,0.2,76.0,improving,16,234
384,transient,23007,0.2,76.0,stalled,36,62
384,transient,23007,0.2,88.0,improving,6,64
384,transient,23007,0.2,88.0,stalled,43,161
384,transient,23007,0.2,100.0,improving,4,59
384,transient,23007,0.2,100.0,stalled,44,185
384,transient,23008,0.2,40.0,improving,2,123
384,transient,23008,0.2,40.0,stalled,30,210
384,transient,23008,0.2,52.0,improving,0,-1
384,transient,23008,0.2,52.0,stalled,80,160
384,transient,23008,0.2,64.0,improving,29,124
384,transient,23008,0.2,64.0,stalled,21,298
384,transient,23008,0.2,76.0,improving,17,331
384,transient,23008,0.2,76.0,stalled,22,377
384,transient,23008,0.2,88.0,improving,11,119
384,transient,23008,0.2,88.0,stalled,26,382
384,transient,23008,0.2,100.0,improving,7,208
384,transient,23008,0.2,100.0,stalled,29,119
384,transient,23009,0.2,40.0,improving,3,226
384,transient,23009,0.2,40.0,stalled,40,14
384,transient,23009,0.2,52.0,improving,0,-1
384,transient,23009,0.2,52.0,stalled,103,225
384,transient,23009,0.2,64.0,improving,20,227
384,transient,23009,0.2,64.0,stalled,34,33
384,transient,23009,0.2,76.0,improving,11,315
384,transient,23009,0.2,76.0,stalled,36,81
384,transient,23009,0.2,88.0,improving,8,156
384,transient,23009,0.2,88.0,stalled,37,223
384,transient,23009,0.2,100.0,improving,2,226
384,transient,23009,0.2,100.0,stalled,42,156
384,transient,23010,0.2,40.0,improving,3,19
384,transient,23010,0.2,40.0,stalled,51,227
384,transient,23010,0.2,52.0,improving,0,-1
384,transient,23010,0.2,52.0,stalled,111,72
384,transient,23010,0.2,64.0,improving,15,162
384,transient,23010,0.2,64.0,stalled,49,226
384,transient,23010,0.2,76.0,improving,10,176
384,transient,23010,0.2,76.0,stalled,48,198
384,transient,23010,0.2,88.0,improving,4,177
384,transient,23010,0.2,88.0,stalled,51,165
384,transient,23010,0.2,100.0,improving,3,19
384,transient,23010,0.2,100.0,stalled,52,229
384,transient,23011,0.2,40.0,improving,3,8
384,transient,23011,0.2,40.0,stalled,50,210
384,transient,23011,0.2,52.0,improving,0,-1
384,transient,23011,0.2,52.0,stalled,97,215
384,transient,23011,0.2,64.0,improving,25,252
384,transient,23011,0.2,64.0,stalled,38,249
384,transient,23011,0.2,76.0,improving,19,7
384,transient,23011,0.2,76.0,stalled,41,210
384,transient,23011,0.2,88.0,improving,6,251
384,transient,23011,0.2,88.0,stalled,49,202
384,transient,23011,0.2,100.0,improving,3,251
384,transient,23011,0.2,100.0,stalled,50,9
384,transient,23012,0.2,40.0,improving,2,296
384,transient,23012,0.2,40.0,stalled,49,10
384,transient,23012,0.2,52.0,improving,0,-1
384,transient,23012,0.2,52.0,stalled,111,179
384,transient,23012,0.2,64.0,improving,32,343
384,transient,23012,0.2,64.0,stalled,29,218
384,transient,23012,0.2,76.0,improving,12,296
384,transient,23012,0.2,76.0,stalled,43,222
384,transient,23012,0.2,88.0,improving,2,296
384,transient,23012,0.2,88.0,stalled,50,348
384,transient,23012,0.2,100.0,improving,1,325
384,transient,23012,0.2,100.0,stalled,50,295
384,transient,23013,0.2,40.0,improving,2,176
384,transient,23013,0.2,40.0,stalled,28,170
384,transient,23013,0.2,52.0,improving,0,-1
384,transient,23013,0.2,52.0,stalled,75,105
384,transient,23013,0.2,64.0,improving,18,383
384,transient,23013,0.2,64.0,stalled,21,174
384,transient,23013,0.2,76.0,improving,6,159
384,transient,23013,0.2,76.0,stalled,27,371
384,transient,23013,0.2,88.0,improving,3,159
384,transient,23013,0.2,88.0,stalled,28,13
384,transient,23013,0.2,100.0,improving,1,176
384,transient,23013,0.2,100.0,stalled,29,381
384,transient,23014,0.2,40.0,improving,1,350
384,transient,23014,0.2,40.0,stalled,41,11
384,transient,23014,0.2,52.0,improving,0,-1
384,transient,23014,0.2,52.0,stalled,91,10
384,transient,23014,0.2,64.0,improving,18,373
384,transient,23014,0.2,64.0,stalled,30,9
384,transient,23014,0.2,76.0,improving,12,284
384,transient,23014,0.2,76.0,stalled,30,352
384,transient,23014,0.2,88.0,improving,5,350
384,transient,23014,0.2,88.0,stalled,37,1
384,transient,23014,0.2,100.0,improving,2,350
384,transient,23014,0.2,100.0,stalled,40,353
384,transient,23015,0.2,40.0,improving,2,254
384,transient,23015,0.2,40.0,stalled,55,141
384,transient,23015,0.2,52.0,improving,0,-1
384,transient,23015,0.2,52.0,stalled,117,253
384,transient,23015,0.2,64.0,improving,35,111
384,transient,23015,0.2,64.0,stalled,34,32
384,transient,23015,0.2,76.0,improving,22,17
384,transient,23015,0.2,76.0,stalled,38,250
384,transient,23015,0.2,88.0,improving,8,237
384,transient,23015,0.2,88.0,stalled,51,177
384,transient,23015,0.2,100.0,improving,2,254
384,transient,23015,0.2,100.0,stalled,56,348
384,transient,23016,0.2,40.0,improving,3,40
384,transient,23016,0.2,40.0,stalled,47,300
384,transient,23016,0.2,52.0,improving,0,-1
384,transient,23016,0.2,52.0,stalled,90,222
384,transient,23016,0.2,64.0,improving,23,303
384,transient,23016,0.2,64.0,stalled,42,33
384,transient,23016,0.2,76.0,improving,15,220
384,transient,23016,0.2,76.0,stalled,42,340
384,transient,23016,0.2,88.0,improving,9,87
384,transient,23016,0.2,88.0,stalled,45,335
384,transient,23016,0.2,100.0,improving,5,333
384,transient,23016,0.2,100.0,stalled,48,255
384,transient,23017,0.2,40.0,improving,1,244
384,transient,23017,0.2,40.0,stalled,40,210
384,transient,23017,0.2,52.0,improving,0,-1
384,transient,23017,0.2,52.0,stalled,90,23
384,transient,23017,0.2,64.0,improving,24,114
384,transient,23017,0.2,64.0,stalled,27,217
384,transient,23017,0.2,76.0,improving,18,24
384,transient,23017,0.2,76.0,stalled,26,214
384,transient,23017,0.2,88.0,improving,8,216
384,transient,23017,0.2,88.0,stalled,34,213
384,transient,23017,0.2,100.0,improving,4,23
384,transient,23017,0.2,100.0,stalled,38,215
384,transient,23018,0.2,40.0,improving,0,-1
384,transient,23018,0.2,40.0,stalled,38,195
384,transient,23018,0.2,52.0,improving,0,-1
384,transient,23018,0.2,52.0,stalled,92,82
384,transient,23018,0.2,64.0,improving,33,198
384,transient,23018,0.2,64.0,stalled,18,39
384,transient,23018,0.2,76.0,improving,19,197
384,transient,23018,0.2,76.0,stalled,28,382
384,transient,23018,0.2,88.0,improving,7,173
384,transient,23018,0.2,88.0,stalled,35,39
384,transient,23018,0.2,100.0,improving,2,285
384,transient,23018,0.2,100.0,stalled,39,77
384,transient,23019,0.2,40.0,improving,1,277
384,transient,23019,0.2,40.0,stalled,27,369
384,transient,23019,0.2,52.0,improving,0,-1
384,transient,23019,0.2,52.0,stalled,94,144
384,transient,23019,0.2,64.0,improving,20,144
384,transient,23019,0.2,64.0,stalled,25,370
384,transient,23019,0.2,76.0,improving,15,161
384,transient,23019,0.2,76.0,stalled,22,370
384,transient,23019,0.2,88.0,improving,7,274
384,transient,23019,0.2,88.0,stalled,26,22
384,transient,23019,0.2,100.0,improving,1,174
384,transient,23019,0.2,100.0,stalled,31,165
384,scarcity,23000,0.2,40.0,improving,0,-1
384,scarcity,23000,0.2,40.0,stalled,71,23
384,scarcity,23000,0.2,52.0,improving,0,-1
384,scarcity,23000,0.2,52.0,stalled,109,24
384,scarcity,23000,0.2,64.0,improving,0,-1
384,scarcity,23000,0.2,64.0,stalled,145,334
384,scarcity,23000,0.2,76.0,improving,0,-1
384,scarcity,23000,0.2,76.0,stalled,153,347
384,scarcity,23000,0.2,88.0,improving,0,-1
384,scarcity,23000,0.2,88.0,stalled,156,82
384,scarcity,23000,0.2,100.0,improving,0,-1
384,scarcity,23000,0.2,100.0,stalled,157,257
384,scarcity,23001,0.2,40.0,improving,1,59
384,scarcity,23001,0.2,40.0,stalled,38,337
384,scarcity,23001,0.2,52.0,improving,0,-1
384,scarcity,23001,0.2,52.0,stalled,80,374
384,scarcity,23001,0.2,64.0,improving,0,-1
384,scarcity,23001,0.2,64.0,stalled,110,123
384,scarcity,23001,0.2,76.0,improving,0,-1
384,scarcity,23001,0.2,76.0,stalled,128,334
384,scarcity,23001,0.2,88.0,improving,0,-1
384,scarcity,23001,0.2,88.0,stalled,135,138
384,scarcity,23001,0.2,100.0,improving,0,-1
384,scarcity,23001,0.2,100.0,stalled,141,289
384,scarcity,23002,0.2,40.0,improving,6,43
384,scarcity,23002,0.2,40.0,stalled,42,185
384,scarcity,23002,0.2,52.0,improving,0,-1
384,scarcity,23002,0.2,52.0,stalled,96,243
384,scarcity,23002,0.2,64.0,improving,0,-1
384,scarcity,23002,0.2,64.0,stalled,113,4
384,scarcity,23002,0.2,76.0,improving,0,-1
384,scarcity,23002,0.2,76.0,stalled,125,339
384,scarcity,23002,0.2,88.0,improving,0,-1
384,scarcity,23002,0.2,88.0,stalled,144,30
384,scarcity,23002,0.2,100.0,improving,0,-1
384,scarcity,23002,0.2,100.0,stalled,156,100
384,scarcity,23003,0.2,40.0,improving,1,72
384,scarcity,23003,0.2,40.0,stalled,32,324
384,scarcity,23003,0.2,52.0,improving,0,-1
384,scarcity,23003,0.2,52.0,stalled,62,191
384,scarcity,23003,0.2,64.0,improving,0,-1
384,scarcity,23003,0.2,64.0,stalled,97,327
384,scarcity,23003,0.2,76.0,improving,0,-1
384,scarcity,23003,0.2,76.0,stalled,125,335
384,scarcity,23003,0.2,88.0,improving,0,-1
384,scarcity,23003,0.2,88.0,stalled,141,197
384,scarcity,23003,0.2,100.0,improving,0,-1
384,scarcity,23003,0.2,100.0,stalled,150,104
384,scarcity,23004,0.2,40.0,improving,2,20
384,scarcity,23004,0.2,40.0,stalled,43,225
384,scarcity,23004,0.2,52.0,improving,0,-1
384,scarcity,23004,0.2,52.0,stalled,84,241
384,scarcity,23004,0.2,64.0,improving,0,-1
384,scarcity,23004,0.2,64.0,stalled,111,87
384,scarcity,23004,0.2,76.0,improving,0,-1
384,scarcity,23004,0.2,76.0,stalled,136,115
384,scarcity,23004,0.2,88.0,improving,0,-1
384,scarcity,23004,0.2,88.0,stalled,152,270
384,scarcity,23004,0.2,100.0,improving,0,-1
384,scarcity,23004,0.2,100.0,stalled,155,36
384,scarcity,23005,0.2,40.0,improving,2,39
384,scarcity,23005,0.2,40.0,stalled,39,113
384,scarcity,23005,0.2,52.0,improving,0,-1
384,scarcity,23005,0.2,52.0,stalled,98,48
384,scarcity,23005,0.2,64.0,improving,0,-1
384,scarcity,23005,0.2,64.0,stalled,132,310
384,scarcity,23005,0.2,76.0,improving,0,-1
384,scarcity,23005,0.2,76.0,stalled,144,259
384,scarcity,23005,0.2,88.0,improving,0,-1
384,scarcity,23005,0.2,88.0,stalled,149,253
384,scarcity,23005,0.2,100.0,improving,0,-1
384,scarcity,23005,0.2,100.0,stalled,152,251
384,scarcity,23006,0.2,40.0,improving,2,112
384,scarcity,23006,0.2,40.0,stalled,38,313
384,scarcity,23006,0.2,52.0,improving,0,-1
384,scarcity,23006,0.2,52.0,stalled,77,95
384,scarcity,23006,0.2,64.0,improving,0,-1
384,scarcity,23006,0.2,64.0,stalled,107,159
384,scarcity,23006,0.2,76.0,improving,0,-1
384,scarcity,23006,0.2,76.0,stalled,120,311
384,scarcity,23006,0.2,88.0,improving,0,-1
384,scarcity,23006,0.2,88.0,stalled,133,92
384,scarcity,23006,0.2,100.0,improving,0,-1
384,scarcity,23006,0.2,100.0,stalled,143,305
384,scarcity,23007,0.2,40.0,improving,2,64
384,scarcity,23007,0.2,40.0,stalled,43,356
384,scarcity,23007,0.2,52.0,improving,0,-1
384,scarcity,23007,0.2,52.0,stalled,85,359
384,scarcity,23007,0.2,64.0,improving,0,-1
384,scarcity,23007,0.2,64.0,stalled,109,305
384,scarcity,23007,0.2,76.0,improving,0,-1
384,scarcity,23007,0.2,76.0,stalled,132,239
384,scarcity,23007,0.2,88.0,improving,0,-1
384,scarcity,23007,0.2,88.0,stalled,141,164
384,scarcity,23007,0.2,100.0,improving,0,-1
384,scarcity,23007,0.2,100.0,stalled,153,62
384,scarcity,23008,0.2,40.0,improving,2,123
384,scarcity,23008,0.2,40.0,stalled,30,210
384,scarcity,23008,0.2,52.0,improving,0,-1
384,scarcity,23008,0.2,52.0,stalled,68,174
384,scarcity,23008,0.2,64.0,improving,0,-1
384,scarcity,23008,0.2,64.0,stalled,121,170
384,scarcity,23008,0.2,76.0,improving,0,-1
384,scarcity,23008,0.2,76.0,stalled,141,331
384,scarcity,23008,0.2,88.0,improving,0,-1
384,scarcity,23008,0.2,88.0,stalled,147,86
384,scarcity,23008,0.2,100.0,improving,0,-1
384,scarcity,23008,0.2,100.0,stalled,151,215
384,scarcity,23009,0.2,40.0,improving,3,226
384,scarcity,23009,0.2,40.0,stalled,40,14
384,scarcity,23009,0.2,52.0,improving,0,-1
384,scarcity,23009,0.2,52.0,stalled,72,215
384,scarcity,23009,0.2,64.0,improving,0,-1
384,scarcity,23009,0.2,64.0,stalled,111,224
384,scarcity,23009,0.2,76.0,improving,0,-1
384,scarcity,23009,0.2,76.0,stalled,121,331
384,scarcity,23009,0.2,88.0,improving,0,-1
384,scarcity,23009,0.2,88.0,stalled,143,215
384,scarcity,23009,0.2,100.0,improving,0,-1
384,scarcity,23009,0.2,100.0,stalled,155,335
384,scarcity,23010,0.2,40.0,improving,3,19
384,scarcity,23010,0.2,40.0,stalled,51,227
384,scarcity,23010,0.2,52.0,improving,0,-1
384,scarcity,23010,0.2,52.0,stalled,91,76
384,scarcity,23010,0.2,64.0,improving,0,-1
384,scarcity,23010,0.2,64.0,stalled,102,84
384,scarcity,23010,0.2,76.0,improving,0,-1
384,scarcity,23010,0.2,76.0,stalled,119,180
384,scarcity,23010,0.2,88.0,improving,0,-1
384,scarcity,23010,0.2,88.0,stalled,130,229
384,scarcity,23010,0.2,100.0,improving,0,-1
384,scarcity,23010,0.2,100.0,stalled,137,82
384,scarcity,23011,0.2,40.0,improving,3,8
384,scarcity,23011,0.2,40.0,stalled,50,210
384,scarcity,23011,0.2,52.0,improving,0,-1
384,scarcity,23011,0.2,52.0,stalled,76,241
384,scarcity,23011,0.2,64.0,improving,0,-1
384,scarcity,23011,0.2,64.0,stalled,115,272
384,scarcity,23011,0.2,76.0,improving,0,-1
384,scarcity,23011,0.2,76.0,stalled,146,4
384,scarcity,23011,0.2,88.0,improving,0,-1
384,scarcity,23011,0.2,88.0,stalled,153,267
384,scarcity,23011,0.2,100.0,improving,0,-1
384,scarcity,23011,0.2,100.0,stalled,159,198
384,scarcity,23012,0.2,40.0,improving,2,296
384,scarcity,23012,0.2,40.0,stalled,49,10
384,scarcity,23012,0.2,52.0,improving,0,-1
384,scarcity,23012,0.2,52.0,stalled,98,181
384,scarcity,23012,0.2,64.0,improving,0,-1
384,scarcity,23012,0.2,64.0,stalled,114,345
384,scarcity,23012,0.2,76.0,improving,0,-1
384,scarcity,23012,0.2,76.0,stalled,125,292
384,scarcity,23012,0.2,88.0,improving,0,-1
384,scarcity,23012,0.2,88.0,stalled,141,96
384,scarcity,23012,0.2,100.0,improving,0,-1
384,scarcity,23012,0.2,100.0,stalled,141,309
384,scarcity,23013,0.2,40.0,improving,2,176
384,scarcity,23013,0.2,40.0,stalled,28,170
384,scarcity,23013,0.2,52.0,improving,0,-1
384,scarcity,23013,0.2,52.0,stalled,60,106
384,scarcity,23013,0.2,64.0,improving,0,-1
384,scarcity,23013,0.2,64.0,stalled,85,381
384,scarcity,23013,0.2,76.0,improving,0,-1
384,scarcity,23013,0.2,76.0,stalled,102,178
384,scarcity,23013,0.2,88.0,improving,0,-1
384,scarcity,23013,0.2,88.0,stalled,122,7
384,scarcity,23013,0.2,100.0,improving,0,-1
384,scarcity,23013,0.2,100.0,stalled,135,369
384,scarcity,23014,0.2,40.0,improving,1,350
384,scarcity,23014,0.2,40.0,stalled,41,11
384,scarcity,23014,0.2,52.0,improving,0,-1
384,scarcity,23014,0.2,52.0,stalled,73,8
384,scarcity,23014,0.2,64.0,improving,0,-1
384,scarcity,23014,0.2,64.0,stalled,107,375
384,scarcity,23014,0.2,76.0,improving,0,-1
384,scarcity,23014,0.2,76.0,stalled,127,247
384,scarcity,23014,0.2,88.0,improving,0,-1
384,scarcity,23014,0.2,88.0,stalled,140,373
384,scarcity,23014,0.2,100.0,improving,0,-1
384,scarcity,23014,0.2,100.0,stalled,146,348
384,scarcity,23015,0.2,40.0,improving,2,254
384,scarcity,23015,0.2,40.0,stalled,55,141
384,scarcity,23015,0.2,52.0,improving,0,-1
384,scarcity,23015,0.2,52.0,stalled,87,253
384,scarcity,23015,0.2,64.0,improving,0,-1
384,scarcity,23015,0.2,64.0,stalled,108,120
384,scarcity,23015,0.2,76.0,improving,0,-1
384,scarcity,23015,0.2,76.0,stalled,122,19
384,scarcity,23015,0.2,88.0,improving,0,-1
384,scarcity,23015,0.2,88.0,stalled,133,245
384,scarcity,23015,0.2,100.0,improving,0,-1
384,scarcity,23015,0.2,100.0,stalled,138,256
384,scarcity,23016,0.2,40.0,improving,3,40
384,scarcity,23016,0.2,40.0,stalled,47,300
384,scarcity,23016,0.2,52.0,improving,0,-1
384,scarcity,23016,0.2,52.0,stalled,85,219
384,scarcity,23016,0.2,64.0,improving,0,-1
384,scarcity,23016,0.2,64.0,stalled,115,331
384,scarcity,23016,0.2,76.0,improving,0,-1
384,scarcity,23016,0.2,76.0,stalled,134,81
384,scarcity,23016,0.2,88.0,improving,0,-1
384,scarcity,23016,0.2,88.0,stalled,149,85
384,scarcity,23016,0.2,100.0,improving,0,-1
384,scarcity,23016,0.2,100.0,stalled,153,338
384,scarcity,23017,0.2,40.0,improving,1,244
384,scarcity,23017,0.2,40.0,stalled,40,210
384,scarcity,23017,0.2,52.0,improving,0,-1
384,scarcity,23017,0.2,52.0,stalled,78,28
384,scarcity,23017,0.2,64.0,improving,0,-1
384,scarcity,23017,0.2,64.0,stalled,115,110
384,scarcity,23017,0.2,76.0,improving,0,-1
384,scarcity,23017,0.2,76.0,stalled,126,25
384,scarcity,23017,0.2,88.0,improving,0,-1
384,scarcity,23017,0.2,88.0,stalled,134,192
384,scarcity,23017,0.2,100.0,improving,0,-1
384,scarcity,23017,0.2,100.0,stalled,147,2
384,scarcity,23018,0.2,40.0,improving,0,-1
384,scarcity,23018,0.2,40.0,stalled,38,195
384,scarcity,23018,0.2,52.0,improving,0,-1
384,scarcity,23018,0.2,52.0,stalled,88,75
384,scarcity,23018,0.2,64.0,improving,0,-1
384,scarcity,23018,0.2,64.0,stalled,125,228
384,scarcity,23018,0.2,76.0,improving,0,-1
384,scarcity,23018,0.2,76.0,stalled,136,256
384,scarcity,23018,0.2,88.0,improving,0,-1
384,scarcity,23018,0.2,88.0,stalled,141,77
384,scarcity,23018,0.2,100.0,improving,0,-1
384,scarcity,23018,0.2,100.0,stalled,145,199
384,scarcity,23019,0.2,40.0,improving,1,277
384,scarcity,23019,0.2,40.0,stalled,27,369
384,scarcity,23019,0.2,52.0,improving,0,-1
384,scarcity,23019,0.2,52.0,stalled,72,161
384,scarcity,23019,0.2,64.0,improving,0,-1
384,scarcity,23019,0.2,64.0,stalled,106,163
384,scarcity,23019,0.2,76.0,improving,0,-1
384,scarcity,23019,0.2,76.0,stalled,124,160
384,scarcity,23019,0.2,88.0,improving,0,-1
384,scarcity,23019,0.2,88.0,stalled,143,328
384,scarcity,23019,0.2,100.0,improving,0,-1
384,scarcity,23019,0.2,100.0,stalled,152,161
96,mixed,23100,0.2,40.0,improving,0,-1
96,mixed,23100,0.2,40.0,stalled,6,24
96,mixed,23100,0.2,52.0,improving,0,-1
96,mixed,23100,0.2,52.0,stalled,21,42
96,mixed,23100,0.2,64.0,improving,0,-1
96,mixed,23100,0.2,64.0,stalled,24,59
96,mixed,23100,0.2,76.0,improving,6,30
96,mixed,23100,0.2,76.0,stalled,14,22
96,mixed,23100,0.2,88.0,improving,7,61
96,mixed,23100,0.2,88.0,stalled,9,26
96,mixed,23100,0.2,100.0,improving,5,21
96,mixed,23100,0.2,100.0,stalled,5,24
96,mixed,23100,0.1,40.0,improving,0,-1
96,mixed,23100,0.1,40.0,stalled,6,24
96,mixed,23100,0.1,52.0,improving,0,-1
96,mixed,23100,0.1,52.0,stalled,20,42
96,mixed,23100,0.1,64.0,improving,0,-1
96,mixed,23100,0.1,64.0,stalled,24,59
96,mixed,23100,0.1,76.0,improving,6,30
96,mixed,23100,0.1,76.0,stalled,14,22
96,mixed,23100,0.1,88.0,improving,8,60
96,mixed,23100,0.1,88.0,stalled,8,26
96,mixed,23100,0.1,100.0,improving,5,21
96,mixed,23100,0.1,100.0,stalled,5,24
96,mixed,23101,0.2,40.0,improving,0,-1
96,mixed,23101,0.2,40.0,stalled,13,38
96,mixed,23101,0.2,52.0,improving,0,-1
96,mixed,23101,0.2,52.0,stalled,22,19
96,mixed,23101,0.2,64.0,improving,0,-1
96,mixed,23101,0.2,64.0,stalled,26,30
96,mixed,23101,0.2,76.0,improving,2,38
96,mixed,23101,0.2,76.0,stalled,24,29
96,mixed,23101,0.2,88.0,improving,6,28
96,mixed,23101,0.2,88.0,stalled,19,19
96,mixed,23101,0.2,100.0,improving,10,94
96,mixed,23101,0.2,100.0,stalled,10,31
96,mixed,23101,0.1,40.0,improving,0,-1
96,mixed,23101,0.1,40.0,stalled,13,38
96,mixed,23101,0.1,52.0,improving,0,-1
96,mixed,23101,0.1,52.0,stalled,22,19
96,mixed,23101,0.1,64.0,improving,0,-1
96,mixed,23101,0.1,64.0,stalled,26,30
96,mixed,23101,0.1,76.0,improving,2,38
96,mixed,23101,0.1,76.0,stalled,24,29
96,mixed,23101,0.1,88.0,improving,6,28
96,mixed,23101,0.1,88.0,stalled,19,19
96,mixed,23101,0.1,100.0,improving,10,94
96,mixed,23101,0.1,100.0,stalled,10,31
96,mixed,23102,0.2,40.0,improving,0,-1
96,mixed,23102,0.2,40.0,stalled,14,58
96,mixed,23102,0.2,52.0,improving,0,-1
96,mixed,23102,0.2,52.0,stalled,26,45
96,mixed,23102,0.2,64.0,improving,0,-1
96,mixed,23102,0.2,64.0,stalled,43,27
96,mixed,23102,0.2,76.0,improving,9,28
96,mixed,23102,0.2,76.0,stalled,22,19
96,mixed,23102,0.2,88.0,improving,15,58
96,mixed,23102,0.2,88.0,stalled,13,44
96,mixed,23102,0.2,100.0,improving,5,24
96,mixed,23102,0.2,100.0,stalled,16,57
96,mixed,23102,0.1,40.0,improving,0,-1
96,mixed,23102,0.1,40.0,stalled,14,58
96,mixed,23102,0.1,52.0,improving,0,-1
96,mixed,23102,0.1,52.0,stalled,26,45
96,mixed,23102,0.1,64.0,improving,0,-1
96,mixed,23102,0.1,64.0,stalled,43,27
96,mixed,23102,0.1,76.0,improving,9,28
96,mixed,23102,0.1,76.0,stalled,22,19
96,mixed,23102,0.1,88.0,improving,15,58
96,mixed,23102,0.1,88.0,stalled,13,44
96,mixed,23102,0.1,100.0,improving,5,24
96,mixed,23102,0.1,100.0,stalled,16,57
96,mixed,23103,0.2,40.0,improving,0,-1
96,mixed,23103,0.2,40.0,stalled,14,29
96,mixed,23103,0.2,52.0,improving,0,-1
96,mixed,23103,0.2,52.0,stalled,25,35
96,mixed,23103,0.2,64.0,improving,0,-1
96,mixed,23103,0.2,64.0,stalled,32,11
96,mixed,23103,0.2,76.0,improving,2,36
96,mixed,23103,0.2,76.0,stalled,23,9
96,mixed,23103,0.2,88.0,improving,7,11
96,mixed,23103,0.2,88.0,stalled,16,20
96,mixed,23103,0.2,100.0,improving,6,19
96,mixed,23103,0.2,100.0,stalled,11,27
96,mixed,23103,0.1,40.0,improving,0,-1
96,mixed,23103,0.1,40.0,stalled,14,29
96,mixed,23103,0.1,52.0,improving,0,-1
96,mixed,23103,0.1,52.0,stalled,25,35
96,mixed,23103,0.1,64.0,improving,0,-1
96,mixed,23103,0.1,64.0,stalled,31,11
96,mixed,23103,0.1,76.0,improving,2,36
96,mixed,23103,0.1,76.0,stalled,23,9
96,mixed,23103,0.1,88.0,improving,7,11
96,mixed,23103,0.1,88.0,stalled,16,20
96,mixed,23103,0.1,100.0,improving,6,19
96,mixed,23103,0.1,100.0,stalled,11,27
