profile,policy,runs,complete_fraction,complete_ci_low,complete_ci_high,partial_fraction,prepared_fraction,clean_abort_fraction,fully_acknowledged_fraction,messages,mixed_view_ticks,unavailable_changed_edge_node_ticks,completion_time_conditional,budget_exhausted_fraction
reliable_delay,fixed,200,0.0,1.734723475976807e-18,0.018845326377266575,0,0,0,0,0,0,0,,0
reliable_delay,ideal_atomic,200,1.0,0.9811546736227335,1.0,0,0,0,0,0,0,0,0,0
reliable_delay,command_once,200,1.0,0.9811546736227335,1.0,0,0,0,0,3,3.445,7.66,3.445,0
reliable_delay,confirmed_once,200,1.0,0.9811546736227335,1.0,0,0,0,1,12,3.35,7.24,9.6,0
reliable_delay,confirmed_retry,200,1.0,0.9811546736227335,1.0,0,0,0,1,21.65,3.18,6.86,9.38,0
loss_10,fixed,200,0.0,1.734723475976807e-18,0.018845326377266575,0,0,0,0,0,0,0,,0
loss_10,ideal_atomic,200,1.0,0.9811546736227335,1.0,0,0,0,0,0,0,0,0,0
loss_10,command_once,200,0.735,0.6698242380737758,0.7913184585289088,0.265,0,0,0,3,23.715,49.11,3.421768707482993,0
loss_10,confirmed_once,200,0.385,0.32033309726923215,0.45400132779753916,0.165,0.29,0.325,0.48,11.37,13.5,28.14,9.766233766233766,0
loss_10,confirmed_retry,200,1.0,0.9811546736227335,1.0,0,0,0,1,22.72,3.935,8.56,11.805,0
loss_30,fixed,200,0.0,1.734723475976807e-18,0.018845326377266575,0,0,0,0,0,0,0,,0
loss_30,ideal_atomic,200,1.0,0.9811546736227335,1.0,0,0,0,0,0,0,0,0,0
loss_30,command_once,200,0.29,0.23154025607067882,0.3563747810077731,0.71,0,0,0,3,57.77,126.49,3.3448275862068964,0
loss_30,confirmed_once,200,0.045,0.023852543001492997,0.0832967040018196,0.06,0.475,0.48,0.115,10.18,4.56,11.33,9.222222222222221,0
loss_30,confirmed_retry,200,0.725,0.6593166064233035,0.7822029967069265,0,0,0.275,0.985,26.89,4.465,9.61,16.958620689655174,0.02
loss_duplicates,fixed,200,0.0,1.734723475976807e-18,0.018845326377266575,0,0,0,0,0,0,0,,0
loss_duplicates,ideal_atomic,200,1.0,0.9811546736227335,1.0,0,0,0,0,0,0,0,0,0
loss_duplicates,command_once,200,0.735,0.6698242380737758,0.7913184585289088,0.265,0,0,0,3,23.715,49.11,3.421768707482993,0
loss_duplicates,confirmed_once,200,0.405,0.3393777128250677,0.47420289918661307,0.195,0.3,0.295,0.54,12.94,15.64,32.45,9.851851851851851,0
loss_duplicates,confirmed_retry,200,1.0,0.9811546736227335,1.0,0,0,0,1,25.695,3.925,8.54,11.71,0
temporary_partition,fixed,200,0.0,1.734723475976807e-18,0.018845326377266575,0,0,0,0,0,0,0,,0
temporary_partition,ideal_atomic,200,1.0,0.9811546736227335,1.0,0,0,0,0,0,0,0,0,0
temporary_partition,command_once,200,0.0,1.734723475976807e-18,0.018845326377266575,1,0,0,0,3,80,160,,0
temporary_partition,confirmed_once,200,0.0,1.734723475976807e-18,0.018845326377266575,0,0,1,0,10,0,0,,0
temporary_partition,confirmed_retry,200,0.0,1.734723475976807e-18,0.018845326377266575,0,0,1,1,22.25,0,0,,0
final_never_arrives,fixed,200,0.0,1.734723475976807e-18,0.018845326377266575,0,0,0,0,0,0,0,,0
final_never_arrives,ideal_atomic,200,1.0,0.9811546736227335,1.0,0,0,0,0,0,0,0,0,0
final_never_arrives,command_once,200,0.0,1.734723475976807e-18,0.018845326377266575,1,0,0,0,3,80,160,,0
final_never_arrives,confirmed_once,200,0.0,1.734723475976807e-18,0.018845326377266575,1,1,0,0,11,73.75,147.5,,0
final_never_arrives,confirmed_retry,200,0.0,1.734723475976807e-18,0.018845326377266575,1,1,0,0,32.785,73.8,147.6,,0.985
