scenario,baseline,metric,delta_mean,ci_low,ci_high
unchanged,old_repair,service_fraction,0.0,0.0,0.0
unchanged,old_repair,stress_area,0.9077352627379398,0.8676800123595911,0.9487046391640847
unchanged,old_repair,resource_cost,0.3815055323076164,0.3659473749401976,0.3979673199938442
unchanged,old_repair,capped_recovery_delay,0.0024999999999999467,0.0,0.00749999999999984
unchanged,threshold,service_fraction,0.0,0.0,0.0
unchanged,threshold,stress_area,-0.055447067463763045,-0.06122233099950279,-0.05019268602016324
unchanged,threshold,resource_cost,-0.017544374136184083,-0.019735504857135707,-0.015213911242279932
unchanged,threshold,capped_recovery_delay,0.004999999999999805,0.0,0.012499999999999557
unchanged,feedback_gate,service_fraction,0.0,0.0,0.0
unchanged,feedback_gate,stress_area,-0.055447067463763045,-0.06128489091198226,-0.05009110339125197
unchanged,feedback_gate,resource_cost,-0.017544374136184083,-0.01980191470537967,-0.015224877025416469
unchanged,feedback_gate,capped_recovery_delay,0.004999999999999805,0.0,0.012499999999999557
unchanged,no_memory,service_fraction,0.0,0.0,0.0
unchanged,no_memory,stress_area,0.4763669016776886,0.4542372381561524,0.49941345065150033
unchanged,no_memory,resource_cost,0.20272256947649164,0.19358587339320804,0.21210186328939154
unchanged,no_memory,capped_recovery_delay,-8.881784197001253e-17,-0.007500000000000106,0.00749999999999984
persistent_damage,old_repair,service_fraction,0.5669830044413584,0.5615619989963752,0.5719853027242282
persistent_damage,old_repair,stress_area,-50.24413465965917,-50.61954236495226,-49.82712340612762
persistent_damage,old_repair,resource_cost,5.243195034584404,5.180398357054385,5.3061512899435455
persistent_damage,old_repair,capped_recovery_delay,-59.970000000000006,-60.1725,-59.7674375
persistent_damage,threshold,service_fraction,0.5427656694953245,0.5361211554244638,0.5497547326122162
persistent_damage,threshold,stress_area,-46.8269518760235,-47.23057051027799,-46.42949503702361
persistent_damage,threshold,resource_cost,5.04133018809503,4.970792966816423,5.1154792127896505
persistent_damage,threshold,capped_recovery_delay,-59.970000000000006,-60.182500000000005,-59.7549375
persistent_damage,feedback_gate,service_fraction,-0.0007002481479367495,-0.0020649373794708963,0.0
persistent_damage,feedback_gate,stress_area,13.813080521999732,13.648949113839418,14.045057079123143
persistent_damage,feedback_gate,resource_cost,-0.04550918159554014,-0.05510983421444523,-0.03625526206342404
persistent_damage,feedback_gate,capped_recovery_delay,6.962500000000001,6.832500000000001,7.095062500000001
persistent_damage,no_memory,service_fraction,0.5619695006121941,0.5561313921792771,0.5676154442991226
persistent_damage,no_memory,stress_area,-49.920051053387894,-50.293788421271614,-49.503820105500154
persistent_damage,no_memory,resource_cost,5.173238262194235,5.110511332942404,5.234974753528856
persistent_damage,no_memory,capped_recovery_delay,-59.970000000000006,-60.175,-59.76493749999999
temporary_damage,old_repair,service_fraction,0.5676832525892952,0.5618998304430362,0.5733728961396937
temporary_damage,old_repair,stress_area,-68.29763583826825,-68.55435812214046,-68.03832369828136
temporary_damage,old_repair,resource_cost,3.2922503482692833,3.2440408709728104,3.3403862415126717
temporary_damage,old_repair,capped_recovery_delay,-65.29,-65.39500000000001,-65.1875
temporary_damage,threshold,service_fraction,0.23969046139622022,0.15459963051361733,0.32696006842066877
temporary_damage,threshold,stress_area,-30.012387202471633,-39.00233965472378,-21.084703574661628
temporary_damage,threshold,resource_cost,1.487326779708523,1.0348707644796136,1.9486829800139722
temporary_damage,threshold,capped_recovery_delay,-28.7625,-38.25512499999999,-19.2599375
temporary_damage,feedback_gate,service_fraction,0.0,0.0,0.0
temporary_damage,feedback_gate,stress_area,4.9091700453689935,4.875867977905712,4.944487881634024
temporary_damage,feedback_gate,resource_cost,0.11074341259522902,0.10626485411147508,0.11580295502867702
temporary_damage,feedback_gate,capped_recovery_delay,2.05,1.9924999999999997,2.1149999999999993
temporary_damage,no_memory,service_fraction,0.5626697487601308,0.5572519477690776,0.5685475978941242
temporary_damage,no_memory,stress_area,-67.97355223199699,-68.24370936751714,-67.72515531891133
temporary_damage,no_memory,resource_cost,3.222293575879114,3.177591746724786,3.2682199240740215
temporary_damage,no_memory,capped_recovery_delay,-65.29,-65.4,-65.1825
no_safe_detour,old_repair,service_fraction,-0.004761753772350307,-0.004915814693189516,-0.004600722875128717
no_safe_detour,old_repair,stress_area,-3.7621242417672827,-3.8999976956862246,-3.620623287417158
no_safe_detour,old_repair,resource_cost,-0.015868610483826078,-0.018186381924230027,-0.013681097024770286
no_safe_detour,old_repair,capped_recovery_delay,0.0,0.0,0.0
no_safe_detour,threshold,service_fraction,-0.0007652090243614879,-0.0008271426642912113,-0.0007052176317237061
no_safe_detour,threshold,stress_area,-0.6835167735678844,-0.7679469633616356,-0.6044592862548146
no_safe_detour,threshold,resource_cost,-0.004246837264037867,-0.006911957207456559,-0.001526214695203777
no_safe_detour,threshold,capped_recovery_delay,0.0,0.0,0.0
no_safe_detour,feedback_gate,service_fraction,0.0034560697537180203,0.0033228850425616584,0.003591274079785964
no_safe_detour,feedback_gate,stress_area,6.036067945417704,5.847540026313496,6.214632342238218
no_safe_detour,feedback_gate,resource_cost,0.18969135055544314,0.1843418229335265,0.19490091832415388
no_safe_detour,feedback_gate,capped_recovery_delay,0.0,0.0,0.0
no_safe_detour,no_memory,service_fraction,-0.0016655034328749347,-0.00178067655274039,-0.0015519493809891783
no_safe_detour,no_memory,stress_area,-3.4273478519092975,-3.5480565152772567,-3.295092839893972
no_safe_detour,no_memory,resource_cost,-0.03616310005357343,-0.0384524025578473,-0.033864891978691226
no_safe_detour,no_memory,capped_recovery_delay,0.0,0.0,0.0
changed_again,old_repair,service_fraction,0.5479916841074808,0.5261903347037273,0.5651731933572629
changed_again,old_repair,stress_area,-50.4231259271235,-52.266826288763305,-47.95116178871307
changed_again,old_repair,resource_cost,4.13945604132559,4.041363417063123,4.23431403618752
changed_again,old_repair,capped_recovery_delay,-59.970000000000006,-60.17249999999999,-59.760000000000005
changed_again,threshold,service_fraction,0.5237743491614469,0.502484500673385,0.5408677702795776
changed_again,threshold,stress_area,-47.00594314348783,-48.93450776899295,-44.49059083121709
changed_again,threshold,resource_cost,3.937591194836216,3.839062428626312,4.028554758162313
changed_again,threshold,capped_recovery_delay,-59.970000000000006,-60.177499999999995,-59.765
changed_again,feedback_gate,service_fraction,-0.01969156848181433,-0.045816876079755,-3.2472578564368693e-06
changed_again,feedback_gate,stress_area,16.408802061821724,14.491515111436689,18.913326813403515
changed_again,feedback_gate,resource_cost,0.006279907357637016,-0.09159957300597421,0.08062852546659768
changed_again,feedback_gate,capped_recovery_delay,6.962500000000001,6.835000000000003,7.092500000000001
changed_again,no_memory,service_fraction,0.5429781802783165,0.5233507684827123,0.5603420481910195
changed_again,no_memory,stress_area,-50.09904232085223,-52.018635487542234,-47.829287557484825
changed_again,no_memory,resource_cost,4.069499268935422,3.9645371547609938,4.155772336074377
changed_again,no_memory,capped_recovery_delay,-59.970000000000006,-60.17999999999999,-59.7625
