dt,policy,scenario,seed,service_fraction,recovered,recovery_delay,capped_recovery_delay,demand,served,sent,lost,resource_cost,stress_area,donor_stress_area,isolation_time,overload_time,detour_volume,damaged_edge_volume,max_budget_ratio,max_mass_error
0.1,threshold,unchanged,3000,1.0,1,1.7000000000000028,1.7000000000000028,21.24179949297691,21.24179949297691,25.374065387382892,1.0149626154953155,4.947942750539665,14.58276294562093,5.5091124408776695,0.0,0.0,2.056132715232319,0.0,1.0000000000000002,8.881784197001252e-16
0.05,threshold,unchanged,3000,1.0,1,1.7000000000000028,1.7000000000000028,21.241799492976742,21.241799492976742,25.373935839691754,1.0149574335876688,4.947917488739883,14.582417120816416,5.508981537575432,0.0,0.0,2.056006837956305,0.0,1.0000000000000004,1.7763568394002505e-15
0.025,threshold,unchanged,3000,1.0,1,1.7250000000000014,1.7250000000000014,21.24179949297594,21.24179949297594,25.37387188020852,1.014954875208345,4.947905016640674,14.582241145764673,5.5089144667595935,0.0,0.0,2.055944717007446,0.0,1.0000000000000004,1.7763568394002505e-15
0.1,feedback_gate,unchanged,3000,1.0,1,1.7000000000000028,1.7000000000000028,21.24179949297691,21.24179949297691,25.374065387382892,1.0149626154953155,4.947942750539665,14.58276294562093,5.5091124408776695,0.0,0.0,2.056132715232319,0.0,1.0000000000000002,8.881784197001252e-16
0.05,feedback_gate,unchanged,3000,1.0,1,1.7000000000000028,1.7000000000000028,21.241799492976742,21.241799492976742,25.373935839691754,1.0149574335876688,4.947917488739883,14.582417120816416,5.508981537575432,0.0,0.0,2.056006837956305,0.0,1.0000000000000004,1.7763568394002505e-15
0.025,feedback_gate,unchanged,3000,1.0,1,1.7250000000000014,1.7250000000000014,21.24179949297594,21.24179949297594,25.37387188020852,1.014954875208345,4.947905016640674,14.582241145764673,5.5089144667595935,0.0,0.0,2.055944717007446,0.0,1.0000000000000004,1.7763568394002505e-15
0.1,lifecycle,unchanged,3000,1.0,1,1.7000000000000028,1.7000000000000028,21.24179949297691,21.24179949297691,25.293300324975476,1.01173201299902,4.932193563370226,14.529280760847666,5.508739666849219,0.0,0.0,1.9764715928265455,0.0,1.0,8.881784197001252e-16
0.05,lifecycle,unchanged,3000,1.0,1,1.7000000000000028,1.7000000000000028,21.241799492976742,21.241799492976742,25.2934310396932,1.0117372415877277,4.932219052740155,14.528903496412354,5.508609309729011,0.0,0.0,1.9766026854236156,0.0,1.0000000000000002,1.7763568394002505e-15
0.025,lifecycle,unchanged,3000,1.0,1,1.75,1.75,21.24179949297594,21.24179949297594,25.293497098442312,1.0117398839376945,4.932231934196263,14.528712102555325,5.508542601164056,0.0,0.0,1.976668937831818,0.0,1.0000000000000002,1.7763568394002505e-15
0.1,no_memory,unchanged,3000,1.0,1,1.7000000000000028,1.7000000000000028,21.24179949297691,21.24179949297691,24.22464180347163,0.9689856721388668,4.7238051516769755,14.039527089685272,5.505395163085354,0.0,0.0,0.9220546591055788,0.0,1.0000000000000002,8.881784197001252e-16
0.05,no_memory,unchanged,3000,1.0,1,1.7000000000000028,1.7000000000000028,21.241799492976742,21.241799492976742,24.22458412683072,0.9689833650732308,4.723793904731987,14.039223577277939,5.505262735144062,0.0,0.0,0.9220004519867675,0.0,1.0000000000000002,1.7763568394002505e-15
0.025,no_memory,unchanged,3000,1.0,1,1.7250000000000014,1.7250000000000014,21.24179949297594,21.24179949297594,24.224555605194514,0.9689822242077767,4.7237883430129095,14.039068871723016,5.505195022954998,0.0,0.0,0.9219736771834464,0.0,1.0000000000000002,1.7763568394002505e-15
0.1,threshold,persistent_damage,3000,0.4507336817975514,0,nan,70.0,21.24179949297691,9.574394493474843,11.436914425743206,1.4522705871204598,2.2301983130199257,86.1928888223614,8.632706306695058,69.30000000000034,77.89999999999985,0.618962400946077,1.1842785834413478,1.0000000000000002,8.881784197001252e-16
0.05,threshold,persistent_damage,3000,0.4492621453443939,0,nan,70.0,21.241799492976742,9.54313641119019,11.361855694061898,1.4223210810758955,2.215561860342068,86.00138985221801,8.463407690911053,69.4999999999982,77.89999999999772,0.5954458019245578,1.152198634896932,1.0000000000000004,8.881784197001252e-16
0.025,threshold,persistent_damage,3000,0.44920111023509857,0,nan,70.0,21.24179949297594,9.541839915636146,11.366776818789804,1.42254332494539,2.2165214796640167,85.98409024490216,8.465503133624319,69.52499999999868,77.85000000000058,0.5966084567518479,1.1522288716592775,1.0000000000000004,1.3322676295501878e-15
0.1,feedback_gate,persistent_damage,3000,1.0,1,2.6000000000000014,2.6000000000000014,21.24179949297691,21.24179949297691,37.55066506956578,1.9399404691975852,7.322379688565321,25.021566387815284,8.053872921101823,0.0,0.0,14.055231625826766,0.521326031446375,1.0000000000000004,8.881784197001252e-16
0.05,feedback_gate,persistent_damage,3000,1.0,1,2.6000000000000014,2.6000000000000014,21.241799492976742,21.241799492976742,37.55222452101414,1.9313114737664185,7.322683781597752,24.88770064893186,7.987442974096894,0.0,0.0,14.059592832646656,0.5109791582450646,1.0000000000000004,1.3322676295501878e-15
0.025,feedback_gate,persistent_damage,3000,1.0,1,2.6000000000000014,2.6000000000000014,21.24179949297594,21.24179949297594,37.553016718179094,1.9271491685003923,7.322838260044957,24.820854645034537,7.954269805772177,0.0,0.0,14.061716793379187,0.5059863092538379,1.0000000000000004,1.3322676295501878e-15
0.1,lifecycle,persistent_damage,3000,1.0,1,9.100000000000001,9.100000000000001,21.24179949297691,21.24179949297691,37.3305744917647,3.103759460684487,7.27946202589412,38.109287345243146,14.738509156181918,0.0,0.0,13.465334180187794,1.9173053345403466,1.0,8.881784197001252e-16
0.05,lifecycle,persistent_damage,3000,1.0,1,9.150000000000006,9.150000000000006,21.241799492976742,21.241799492976742,37.33070898745412,3.1028900695790007,7.2794882525535485,38.085694301886,14.728447848496034,0.0,0.0,13.465760913789568,1.9162639405724267,1.0000000000000002,8.881784197001252e-16
0.025,lifecycle,persistent_damage,3000,1.0,1,9.175000000000004,9.175000000000004,21.24179949297594,21.24179949297594,37.3307758824765,3.1024573687640995,7.279501297082889,38.07391815576859,14.723427636797192,0.0,0.0,13.465973277036303,1.915745635077439,1.0000000000000002,1.3322676295501878e-15
0.1,no_memory,persistent_damage,3000,0.43091520755737595,0,nan,70.0,21.24179949297691,9.153414437408308,10.730428713037423,1.6137790153820502,2.0924335990423026,89.25708539872859,9.69056656509491,71.90000000000019,78.09999999999984,0.17992239653739542,1.410192698643513,1.0000000000000002,8.881784197001252e-16
0.05,no_memory,persistent_damage,3000,0.43064776072962424,0,nan,70.0,21.241799492976742,9.147733385518102,10.730555456157244,1.6102863308395896,2.092458313950667,89.20972132100658,9.672127592855086,71.89999999999806,78.04999999999771,0.17955813073210236,1.4060287054682141,1.0000000000000002,8.881784197001252e-16
0.025,no_memory,persistent_damage,3000,0.43051530214269257,0,nan,70.0,21.24179949297594,9.14491972677303,10.730752759929935,1.6086319850108222,2.0924967881863346,89.18647706884047,9.663446660339963,71.92499999999923,78.05000000000062,0.17939108027766076,1.4040498507305015,1.0000000000000002,1.3322676295501878e-15
0.1,threshold,temporary_damage,3000,1.0,1,6.399999999999999,6.399999999999999,21.24179949297691,21.24179949297691,26.323025176500366,1.9701559708964889,5.132989909417567,25.87141097061852,11.004394549558429,0.0,9.299999999999983,2.6866947256003533,1.0919463855196148,1.0000000000000002,8.881784197001252e-16
0.05,threshold,temporary_damage,3000,1.0,1,6.600000000000001,6.600000000000001,21.241799492976742,21.241799492976742,26.335598901039898,1.9825121454979093,5.1354417857027865,26.01715379208476,11.075279306204768,0.0,9.45,2.695151669308369,1.1060573684003625,1.0000000000000004,1.3322676295501878e-15
0.025,threshold,temporary_damage,3000,1.0,1,6.575000000000003,6.575000000000003,21.24179949297594,21.24179949297594,26.3299721254366,1.9758538431289212,5.13434456446015,25.938318997788734,11.036673282171858,0.0,9.375000000000066,2.6917453137608254,1.098398759656503,1.0000000000000004,1.3322676295501878e-15
0.1,feedback_gate,temporary_damage,3000,1.0,1,2.1000000000000014,2.1000000000000014,21.24179949297691,21.24179949297691,26.795967750757484,1.1253817435708036,5.225213711397719,15.887716188526396,5.834202763665563,0.0,0.0,3.4412287029396493,0.0637417065958352,1.0000000000000002,8.881784197001252e-16
0.05,feedback_gate,temporary_damage,3000,1.0,1,2.1499999999999986,2.1499999999999986,21.241799492976742,21.241799492976742,26.804293389709255,1.1187590344091674,5.226837210993307,15.809163215567224,5.792448409610081,0.0,0.0,3.4517638547398124,0.05546107002475742,1.0000000000000004,1.7763568394002505e-15
0.025,feedback_gate,temporary_damage,3000,1.0,1,2.125,2.125,21.24179949297594,21.24179949297594,26.808468330786894,1.1154485584267029,5.22765132450344,15.769893664702026,5.771572006692897,0.0,0.0,3.457043273560097,0.05132122047050669,1.0000000000000004,1.7763568394002505e-15
0.1,lifecycle,temporary_damage,3000,1.0,1,4.300000000000004,4.300000000000004,21.24179949297691,21.24179949297691,27.367740361839555,1.5420329192881936,5.336709370558713,20.796434960101646,8.193794584255173,0.0,0.0,3.8741447168986407,0.5325277438269155,1.0,8.881784197001252e-16
0.05,lifecycle,temporary_damage,3000,1.0,1,4.350000000000001,4.350000000000001,21.241799492976742,21.241799492976742,27.358773113059893,1.5405426729059513,5.334960757046684,20.7783834386291,8.186859912760813,0.0,0.0,3.8656763379093957,0.5311806528375645,1.0000000000000002,1.7763568394002505e-15
0.025,lifecycle,temporary_damage,3000,1.0,1,4.375,4.375,21.24179949297594,21.24179949297594,27.35429373429869,1.5398008552548692,5.334087278188242,20.769393649043458,8.183409833966369,0.0,0.0,3.8614453062755927,0.5305108403368135,1.0000000000000002,1.7763568394002505e-15
0.1,no_memory,temporary_damage,3000,0.43091520755737595,0,nan,70.0,21.24179949297691,9.153414437408308,10.730428713037423,1.6137790153820502,2.0924335990423026,89.25708539872859,9.69056656509491,71.90000000000019,78.09999999999984,0.17992239653739542,1.410192698643513,1.0000000000000002,8.881784197001252e-16
0.05,no_memory,temporary_damage,3000,0.43064776072962424,0,nan,70.0,21.241799492976742,9.147733385518102,10.730555456157244,1.6102863308395896,2.092458313950667,89.20972132100658,9.672127592855086,71.89999999999806,78.04999999999771,0.17955813073210236,1.4060287054682141,1.0000000000000002,8.881784197001252e-16
0.025,no_memory,temporary_damage,3000,0.43051530214269257,0,nan,70.0,21.24179949297594,9.14491972677303,10.730752759929935,1.6086319850108222,2.0924967881863346,89.18647706884047,9.663446660339963,71.92499999999923,78.05000000000062,0.17939108027766076,1.4040498507305015,1.0000000000000002,1.3322676295501878e-15
0.1,threshold,no_safe_detour,3000,0.42150610127060595,0,nan,70.0,21.24179949297691,8.953548088256632,10.299259275671412,1.2202668789475126,2.008355558755927,86.48221720512872,5.67045763578985,73.00000000000013,78.59999999999981,0.3341573564404878,0.9622577475245899,1.0000000000000002,8.881784197001252e-16
0.05,threshold,no_safe_detour,3000,0.421307974812777,0,nan,70.0,21.241799492976742,8.949339525765104,10.31376264429614,1.2252149500434468,2.0111837156377455,86.47289277557147,5.680501795269108,73.049999999998,78.59999999999768,0.33825576103659577,0.9674576717519084,1.0000000000000004,8.881784197001252e-16
0.025,threshold,no_safe_detour,3000,0.42105390154715694,0,nan,70.0,21.24179949297594,8.943942552399939,10.280494018828987,1.2030192996651834,2.0046963336716472,86.2818979878731,5.605048065191334,73.07499999999949,78.57500000000074,0.3277470371857118,0.9426184987047848,1.0000000000000004,1.3322676295501878e-15
0.1,feedback_gate,no_safe_detour,3000,0.41707436901736,0,nan,70.0,21.24179949297691,8.859410120326622,9.257155496435667,0.5196169522679992,1.8051453218049553,79.44754476607,2.8162962602063524,73.6000000000001,73.00000000000013,0.08684146928366204,0.17777468144115693,1.0000000000000002,8.881784197001252e-16
0.05,feedback_gate,no_safe_detour,3000,0.41648805696077534,0,nan,70.0,21.241799492976742,8.846955797180266,9.171239675304706,0.46282793119002097,1.7883917366844178,78.91444306581623,2.6197993142349443,73.64999999999796,72.849999999998,0.06050353637935041,0.11425993354503913,1.0000000000000004,8.881784197001252e-16
0.025,feedback_gate,no_safe_detour,3000,0.416276738284907,0,nan,70.0,21.24179949297594,8.842467008238016,9.14269612403662,0.4471785747398969,1.7828257441871347,78.74617143694832,2.5972211319799197,73.67499999999963,72.84999999999944,0.04726540838672191,0.09698896402194332,1.0000000000000004,1.3322676295501878e-15
0.1,lifecycle,no_safe_detour,3000,0.42080709297109614,0,nan,70.0,21.24179949297691,8.938699894114517,10.275731989272224,1.1714688245823324,2.0037677379080856,85.7039329407,5.143916125318948,73.20000000000012,77.29999999999988,0.3799414465475287,0.9052851726326698,1.0,8.881784197001252e-16
0.05,lifecycle,no_safe_detour,3000,0.42056022023965334,0,nan,70.0,21.241799492976742,8.933455873052855,10.275993444177677,1.1685964644064932,2.003818721614641,85.6631238063576,5.135789317574887,73.19999999999798,77.29999999999775,0.37864736998919735,0.9018532459992676,1.0000000000000002,8.881784197001252e-16
0.025,lifecycle,no_safe_detour,3000,0.42043672013093325,0,nan,70.0,21.24179949297594,8.930832508505725,10.276107213083664,1.1671500667701555,2.003840906551314,85.64267150227076,5.131691974974602,73.19999999999952,77.27500000000045,0.37799495342651546,0.9001259264842945,1.0000000000000002,1.3322676295501878e-15
0.1,no_memory,no_safe_detour,3000,0.4224071969033175,0,nan,70.0,21.24179949297691,8.972688981010688,10.459821626012356,1.5469550418489417,2.0396652170724066,89.22865711120203,8.522528258218992,72.90000000000013,78.29999999999983,0.15686473528477796,1.3435264009624375,1.0000000000000002,8.881784197001252e-16
0.05,no_memory,no_safe_detour,3000,0.42215910429038045,0,nan,70.0,21.241799492976742,8.96741904747092,10.460971762236621,1.543933255272437,2.03988949363614,89.18530366214654,8.507944802340072,72.949999999998,78.2999999999977,0.15664184595494365,1.3398742675987785,1.0000000000000002,8.881784197001252e-16
0.025,no_memory,no_safe_detour,3000,0.4220351813213968,0,nan,70.0,21.24179949297594,8.964786700610855,10.461571505343652,1.5424416111577899,2.0400064435420187,89.16367412373631,8.500750660257026,72.97499999999947,78.27500000000067,0.15653322107061995,1.3380699416000543,1.0000000000000002,1.3322676295501878e-15
0.1,threshold,changed_again,3000,0.4507336817975514,0,nan,70.0,21.24179949297691,9.574394493474843,11.436914425743206,1.4522705871204598,2.2301983130199257,86.1928888223614,8.632706306695058,69.30000000000034,77.89999999999985,0.618962400946077,1.1842785834413478,1.0000000000000002,8.881784197001252e-16
0.05,threshold,changed_again,3000,0.4492621453443939,0,nan,70.0,21.241799492976742,9.54313641119019,11.361855694061898,1.4223210810758955,2.215561860342068,86.00138985221801,8.463407690911053,69.4999999999982,77.89999999999772,0.5954458019245578,1.152198634896932,1.0000000000000004,8.881784197001252e-16
0.025,threshold,changed_again,3000,0.44920111023509857,0,nan,70.0,21.24179949297594,9.541839915636146,11.366776818789804,1.42254332494539,2.2165214796640167,85.98409024490216,8.465503133624319,69.52499999999868,77.85000000000058,0.5966084567518479,1.1522288716592775,1.0000000000000004,1.3322676295501878e-15
0.1,feedback_gate,changed_again,3000,1.0,1,2.6000000000000014,2.6000000000000014,21.24179949297691,21.24179949297691,31.608277939428056,1.6896268133325976,6.1636141981884585,22.36626282404513,7.004666586860532,0.0,0.0,8.065484886115902,0.5063043997089006,1.0000000000000004,8.881784197001252e-16
0.05,feedback_gate,changed_again,3000,1.0,1,2.6000000000000014,2.6000000000000014,21.241799492976742,21.241799492976742,31.582916545663952,1.6635715327603329,6.1586687264044775,22.08155301539273,6.9569653158199944,0.0,0.0,8.048732906783375,0.47649389396878344,1.0000000000000004,1.7763568394002505e-15
0.025,feedback_gate,changed_again,3000,1.0,1,2.6000000000000014,2.6000000000000014,21.24179949297594,21.24179949297594,31.58757303814605,1.6625769584149919,6.159576742438505,22.0634688771882,6.934381835701656,0.0,0.0,8.053730068126242,0.47508813915374487,1.0000000000000004,1.7763568394002505e-15
0.1,lifecycle,changed_again,3000,1.0,1,9.100000000000001,9.100000000000001,21.24179949297691,21.24179949297691,32.01154246702224,2.8787046531758507,6.242250781069327,36.455639441737155,11.932119740905572,0.0,0.0,8.072649577179973,1.9026701839225737,1.0,8.881784197001252e-16
0.05,lifecycle,changed_again,3000,1.0,1,9.150000000000006,9.150000000000006,21.241799492976742,21.241799492976742,32.00649904868325,2.8742678098300893,6.24126731449323,36.4000930497855,11.926376698714664,0.0,0.0,8.069089189432427,1.8976283903366122,1.0000000000000002,8.881784197001252e-16
0.025,lifecycle,changed_again,3000,1.0,1,9.175000000000004,9.175000000000004,21.24179949297594,21.24179949297594,32.00398921285705,2.8720598429084876,6.2407778965071214,36.372423575487765,11.923516262145057,0.0,0.0,8.067317411152153,1.8951193742788135,1.0000000000000002,1.3322676295501878e-15
0.1,no_memory,changed_again,3000,0.43091520755737595,0,nan,70.0,21.24179949297691,9.153414437408308,10.730428713037423,1.6137790153820502,2.0924335990423026,89.25708539872859,9.69056656509491,71.90000000000019,78.09999999999984,0.17992239653739542,1.410192698643513,1.0000000000000002,8.881784197001252e-16
0.05,no_memory,changed_again,3000,0.43064776072962424,0,nan,70.0,21.241799492976742,9.147733385518102,10.730555456157244,1.6102863308395896,2.092458313950667,89.20972132100658,9.672127592855086,71.89999999999806,78.04999999999771,0.17955813073210236,1.4060287054682141,1.0000000000000002,8.881784197001252e-16
0.025,no_memory,changed_again,3000,0.43051530214269257,0,nan,70.0,21.24179949297594,9.14491972677303,10.730752759929935,1.6086319850108222,2.0924967881863346,89.18647706884047,9.663446660339963,71.92499999999923,78.05000000000062,0.17939108027766076,1.4040498507305015,1.0000000000000002,1.3322676295501878e-15
