scenario,policy,n,service_fraction_mean,service_fraction_sd,recovered_mean,recovered_sd,capped_recovery_delay_mean,capped_recovery_delay_sd,lost_mean,lost_sd,sent_mean,sent_sd,resource_cost_mean,resource_cost_sd,stress_area_mean,stress_area_sd,donor_stress_area_mean,donor_stress_area_sd,isolation_time_mean,isolation_time_sd,detour_volume_mean,detour_volume_sd
unchanged,old_repair,40,1.0,0.0,1.0,0.0,2.287500000000001,0.5796495404497353,0.935274518651488,0.020446667707193153,23.38186296628718,0.5111666926798327,4.559463278426,0.09967750507256662,14.041779499134611,0.4681231465135075,5.52922507526128,0.11778581268904319,0.0,0.0,0.0,0.0
unchanged,threshold,40,1.0,0.0,1.0,0.0,2.285000000000001,0.577150382571617,1.017130909716883,0.025501313862213455,25.428272742922054,0.6375328465553384,4.958513184869799,0.12431890507828997,15.004961829336315,0.5208189971725533,5.541219153862711,0.11553195083802324,0.0,0.0,1.988048608306407,0.2620359240030769
unchanged,feedback_gate,40,1.0,0.0,1.0,0.0,2.285000000000001,0.577150382571617,1.017130909716883,0.025501313862213455,25.428272742922054,0.6375328465553384,4.958513184869799,0.12431890507828997,15.004961829336315,0.5208189971725533,5.541219153862711,0.11553195083802324,0.0,0.0,1.988048608306407,0.2620359240030769
unchanged,lifecycle,40,1.0,0.0,1.0,0.0,2.2900000000000014,0.5750362307426083,1.0135320637402299,0.026100359549341683,25.338301593505726,0.6525089887335357,4.940968810733617,0.12723925280304124,14.94951476187255,0.5254055895289056,5.5397597413918,0.11605137417944637,0.0,0.0,1.9059507170893428,0.27396424718163287
unchanged,no_memory,40,1.0,0.0,1.0,0.0,2.2900000000000014,0.5816863195563172,0.9719479469245392,0.022277194578642055,24.29869867311346,0.5569298644660448,4.738246241257125,0.10860132357087947,14.473147860194862,0.48787067605579815,5.534674654784179,0.11668796388136231,0.0,0.0,0.8901218650993133,0.1170187265371458
persistent_damage,old_repair,40,0.43231674741070486,0.018256700423829448,0.0,0.0,70.0,0.0,1.5810853898176547,0.0901146322082776,10.535969668608491,0.3870202084813192,2.0545140853786554,0.07546894065385754,89.52347145880022,0.4305239953257212,9.53912783904361,0.5312395781827609,72.49750000000014,0.7757502571951834,0.0,0.0
persistent_damage,threshold,40,0.45653408235673876,0.023126184108000016,0.0,0.0,70.0,0.0,1.4176192855434997,0.18473136607744323,11.571174009579641,0.5153318928452401,2.25637893186803,0.10048971910482167,86.10628867516455,0.5174903346943276,8.43210216673949,1.0579558490874739,69.37000000000035,1.7026675903054576,0.5988623854339483,0.13946945871785144
persistent_damage,feedback_gate,40,1.0,0.0,1.0,0.0,3.0675000000000017,0.4874778101458726,1.9443062153738293,0.03950094713516429,37.65752975158257,0.9190396027649815,7.343218301558599,0.17921272253917142,25.46625627714132,0.6348614454929095,8.09361453841137,0.12976654418714564,0.0,0.0,14.001994999382873,0.5102515906450742
persistent_damage,lifecycle,40,0.9992997518520632,0.0042025897398504175,1.0,0.0,10.030000000000003,0.6813260072866204,3.1645077007009226,0.06747147016353776,37.42414933314391,0.923103207029493,7.297709119963059,0.18000512537075036,39.27933679914105,1.013110644485996,15.09778874007677,0.2819202083247744,0.0,0.0,13.374010084060757,0.4978222829955803
persistent_damage,no_memory,40,0.43733025123986924,0.018607767971898618,0.0,0.0,70.0,0.0,1.5828509940837003,0.09921899510796017,10.894722347532431,0.37788495321414817,2.1244708577688245,0.07368756587675966,89.19938785252896,0.44645971167942483,9.508879086528307,0.5820937817158269,71.8750000000002,0.8737628616858534,0.17290378868479098,0.014160951243641941
temporary_damage,old_repair,40,0.43231674741070486,0.018256700423829448,0.0,0.0,70.0,0.0,1.5810853898176547,0.0901146322082776,10.535969668608491,0.3870202084813192,2.0545140853786554,0.07546894065385754,89.52347145880022,0.4305239953257212,9.53912783904361,0.5312395781827609,72.49750000000014,0.7757502571951834,0.0,0.0
temporary_damage,threshold,40,0.7603095386037798,0.2825466155350614,0.575,0.5006406152531231,33.472500000000004,31.803821633772575,1.6411491217971061,0.3442831468185922,19.79198796892008,7.469539080850997,3.859437653939415,1.4565601207659442,51.238222823003596,30.098970942588156,9.397725864573328,1.7018621588885972,30.175000000000104,35.54846998041866,1.624089419431046,1.011867998196969
temporary_damage,feedback_gate,40,1.0,0.0,1.0,0.0,2.6600000000000015,0.5271111399374457,1.1282159922994213,0.029160604631970292,26.85138985155236,0.6646755367785242,5.23602102105271,0.12961172967181206,16.31666557516296,0.5468275731115612,5.872013243788876,0.1299020567205137,0.0,0.0,3.363294668785893,0.2850201013305489
temporary_damage,lifecycle,40,1.0,0.0,1.0,0.0,4.710000000000002,0.34403339134301253,1.544884272821504,0.029314900365673986,27.41930478793814,0.6603761038888852,5.346764433647938,0.12877334025833212,21.225835620531956,0.4995822916318686,8.237238912995139,0.1323622888154581,0.0,0.0,3.7704816119441893,0.2847674431283471
temporary_damage,no_memory,40,0.43733025123986924,0.018607767971898618,0.0,0.0,70.0,0.0,1.5828509940837003,0.09921899510796017,10.894722347532431,0.37788495321414817,2.1244708577688245,0.07368756587675966,89.19938785252896,0.44645971167942483,9.508879086528307,0.5820937817158269,71.8750000000002,0.8737628616858534,0.17290378868479098,0.014160951243641941
no_safe_detour,old_repair,40,0.43231674741070486,0.018256700423829448,0.0,0.0,70.0,0.0,1.5810853898176547,0.0901146322082776,10.535969668608491,0.3870202084813192,2.0545140853786554,0.07546894065385754,89.52347145880022,0.4305239953257212,9.53912783904361,0.5312395781827609,72.49750000000014,0.7757502571951834,0.0,0.0
no_safe_detour,threshold,40,0.42832020266271603,0.01787224715257702,0.0,0.0,70.0,0.0,1.2001627385653069,0.06209743409088766,10.476370831583935,0.3925036424655793,2.0428923121588674,0.07653821028078832,86.44486399060081,0.29063453581731735,5.618270604390661,0.23982995873349636,72.99500000000013,0.7139453401471928,0.3212328386141209,0.027370960356964593
no_safe_detour,feedback_gate,40,0.42409892388463655,0.017555991975292347,0.0,0.0,70.0,0.0,0.5296262369156044,0.018383052169882924,9.48181602225326,0.4042694625331398,1.8489541243393863,0.07883254519396155,79.72527927161522,0.6667344006509709,2.872344448329284,0.09698687252072127,73.5475000000001,0.6574962220813386,0.08732228684789733,0.007514714311832544
no_safe_detour,lifecycle,40,0.4275549936383546,0.01780560791471244,0.0,0.0,70.0,0.0,1.1577460499889802,0.046763652772532964,10.454592178947843,0.37173018748439646,2.0386454748948295,0.07248738655945741,85.76134721703293,0.15269653040125478,5.142494180180874,0.17063364037635187,73.14000000000013,0.7048549587116887,0.3645270585340218,0.026363934506421053
no_safe_detour,no_memory,40,0.42922049707122945,0.018112587179807526,0.0,0.0,70.0,0.0,1.5230647883728212,0.08527134152423001,10.640043974094374,0.382137706594463,2.0748085749484027,0.07451685278592009,89.18869506894222,0.39131783723906294,8.410824118483745,0.44892519785253504,72.89250000000013,0.7532451162325187,0.15108483554455132,0.011418572837631877
changed_again,old_repair,40,0.43231674741070486,0.018256700423829448,0.0,0.0,70.0,0.0,1.5810853898176547,0.0901146322082776,10.535969668608491,0.3870202084813192,2.0545140853786554,0.07546894065385754,89.52347145880022,0.4305239953257212,9.53912783904361,0.5312395781827609,72.49750000000014,0.7757502571951834,0.0,0.0
changed_again,threshold,40,0.45653408235673876,0.023126184108000016,0.0,0.0,70.0,0.0,1.4176192855434997,0.18473136607744323,11.571174009579641,0.5153318928452401,2.25637893186803,0.10048971910482167,86.10628867516455,0.5174903346943276,8.43210216673949,1.0579558490874739,69.37000000000035,1.7026675903054576,0.5988623854339483,0.13946945871785144
changed_again,feedback_gate,40,1.0,0.0,1.0,0.0,3.0675000000000017,0.4874778101458726,1.68302728575078,0.03478299033522563,31.731744714597983,0.7170416571361932,6.187690219346608,0.1398231231415562,22.691543469854995,0.5998020561058869,7.045200806011847,0.1299312960059714,0.0,0.0,8.027195411195857,0.2874047134722953
changed_again,lifecycle,40,0.9803084315181856,0.07002966192131647,1.0,0.0,10.030000000000003,0.6813260072866204,2.874628593981304,0.13083813718838266,31.763949367714076,1.5399086590618167,6.1939701267042455,0.30028218851705324,39.10034553167672,6.809520727339439,12.08149865130352,0.323277492143125,2.500000000000015,8.892549459937621,7.996049169573122,0.28924815288333144
changed_again,no_memory,40,0.43733025123986924,0.018607767971898618,0.0,0.0,70.0,0.0,1.5828509940837003,0.09921899510796017,10.894722347532431,0.37788495321414817,2.1244708577688245,0.07368756587675966,89.19938785252896,0.44645971167942483,9.508879086528307,0.5820937817158269,71.8750000000002,0.8737628616858534,0.17290378868479098,0.014160951243641941
