n,scenario,policy,seed,dt,service,p10,messages,requests,swaps,resource_cost,active_need_end,request_rate_90_100,request_rate_110_140,source_reach_end,allowed_edges,active_edges,max_mass_error,max_budget_ratio,simulation_seconds,phase0_service,phase0_requests,phase0_messages,phase0_need_onsets,phase0_need_offsets,phase1_service,phase1_requests,phase1_messages,phase1_need_onsets,phase1_need_offsets,phase2_service,phase2_requests,phase2_messages,phase2_need_onsets,phase2_need_offsets,phase3_service,phase3_requests,phase3_messages,phase3_need_onsets,phase3_need_offsets
96,repeated_damage,fixed,10100,0.2,0.7770359110714036,0.06849205218173338,0,0,0,0.0,26,0.0,0.0,1.0,576,192,4.263256414560601e-14,1.0000000000000002,0.07471739989705384,0.9204704999107167,0,0,11,2,0.7437597116063381,0,0,19,0,0.8598493411224339,0,0,0,17,0.7522672957784211,0,0,15,0
96,repeated_damage,periodic,10100,0.2,0.9665717099664212,0.8819979893128006,44152,1438,1205,28.91999999999993,7,0.12361111111111112,0.12453703703703704,1.0,576,192,4.263256414560601e-14,1.0000000000000002,0.1998922999482602,0.9899519044029528,358,11040,7,7,0.9587106692027603,267,8192,18,11,0.9976325689212071,269,8392,1,8,0.9549718008708584,544,16528,16,9
96,repeated_damage,local_signal,10100,0.2,0.8778519382574941,0.6367752383852511,8312,318,85,2.0400000000000005,20,0.004166666666666667,0.04583333333333333,1.0,576,192,4.263256414560601e-14,1.0000000000000004,0.09070879989303648,0.965475810226357,28,760,13,9,0.833440440046832,85,2264,34,14,0.9737013373969258,30,768,0,23,0.8521329877931091,175,4520,42,23
96,repeated_damage,shuffled_signal,10100,0.2,0.9131512932080467,0.6641406482774975,9352,318,215,5.160000000000003,16,0.004166666666666667,0.04583333333333333,1.0,576,192,4.263256414560601e-14,1.0000000000000002,0.08828110015019774,0.93943289324078,28,864,11,4,0.866717592287394,85,2504,13,3,0.9782066472068408,30,880,0,16,0.9038404666689759,175,5104,24,9
96,repeated_damage,fixed,10100,0.1,0.7771136054703012,0.06816486659691745,0,0,0,0.0,26,0.0,0.0,1.0,576,192,5.684341886080802e-14,1.0000000000000002,0.15842490014620125,0.919681896831569,0,0,11,2,0.7437964147368622,0,0,19,0,0.8600585610376853,0,0,0,17,0.7522997230533286,0,0,15,0
96,repeated_damage,periodic,10100,0.1,0.9721969698104422,0.9084813686006642,44704,1438,1274,30.575999999999908,11,0.12361111111111112,0.12453703703703704,1.0,576,192,4.263256414560601e-14,1.0000000000000004,0.2852817000821233,0.9958597798291415,358,11160,5,5,0.9628223145645484,267,8328,11,5,0.9981571780649839,269,8440,0,6,0.9639041933061182,544,16776,20,9
96,repeated_damage,local_signal,10100,0.1,0.8691868933341087,0.584974363716744,7600,292,74,1.7760000000000007,21,0.006944444444444444,0.03611111111111111,1.0,576,192,4.263256414560601e-14,1.0000000000000002,0.17779210000298917,0.9624565997616229,39,1120,18,14,0.8499632443512302,77,2096,34,18,0.9562587640779465,28,688,0,17,0.8352627824536292,148,3696,28,10
96,repeated_damage,shuffled_signal,10100,0.1,0.8920939351886952,0.598025231572279,8680,292,209,5.016000000000003,19,0.006944444444444444,0.03611111111111111,1.0,576,192,4.263256414560601e-14,1.0000000000000004,0.19528220011852682,0.9491457603602784,39,1216,13,7,0.8579273733396158,77,2344,23,12,0.973452273593487,28,816,0,15,0.8684980469108391,148,4304,24,7
96,repeated_damage,fixed,10101,0.2,0.6491896628056477,1.4617473033426863e-06,0,0,0,0.0,39,0.0,0.0,1.0,576,192,4.263256414560601e-14,1.0000000000000002,0.06455309991724789,0.8678516535888463,0,0,15,0,0.6530921248392474,0,0,19,0,0.796638513599947,0,0,0,18,0.5735140063916984,0,0,23,0
96,repeated_damage,periodic,10101,0.2,0.8602823515642156,0.4710775482249958,41664,1437,897,21.528000000000016,13,0.12361111111111112,0.12361111111111112,1.0,576,192,4.263256414560601e-14,1.0000000000000002,0.16309379995800555,0.9398639809303168,357,10656,10,3,0.8270031871806008,271,7728,16,3,0.9316288058339273,267,7752,0,14,0.8412487066211675,542,15528,21,14
96,repeated_damage,local_signal,10101,0.2,0.7574933647964812,0.09018501619927305,11072,442,58,1.3920000000000003,27,0.020833333333333332,0.05416666666666667,1.0,576,192,4.263256414560601e-14,1.0000000000000004,0.12728690006770194,0.8702187635943808,66,1632,19,4,0.741076892268328,93,2400,19,9,0.8398312444821711,65,1608,1,13,0.724532661217713,218,5432,32,18
96,repeated_damage,shuffled_signal,10101,0.2,0.7761601205630593,0.06449084255602934,12080,442,184,4.416000000000002,28,0.020833333333333332,0.05416666666666667,1.0,576,192,4.263256414560601e-14,1.0000000000000002,0.10894870012998581,0.8939734812272915,66,1920,15,3,0.7508500606794458,93,2456,19,8,0.8640516562690671,65,1680,2,14,0.7448693826518622,218,6024,26,9
96,repeated_damage,fixed,10101,0.1,0.6492223670743491,6.378069629275053e-07,0,0,0,0.0,39,0.0,0.0,1.0,576,192,4.263256414560601e-14,1.0000000000000004,0.15229219989851117,0.8673066620463643,0,0,15,0,0.6530003151018695,0,0,19,0,0.7967767654201878,0,0,0,18,0.5735561938876694,0,0,23,0
96,repeated_damage,periodic,10101,0.1,0.8257090714725038,0.4014067052692262,41696,1437,901,21.624000000000017,25,0.12361111111111112,0.12361111111111112,1.0,576,192,4.263256414560601e-14,1.0000000000000004,0.2406056998297572,0.9423480915117263,357,10800,8,2,0.8006249672086164,271,7664,26,8,0.9142488508266438,267,7688,4,18,0.7939812339273775,542,15544,32,17
96,repeated_damage,local_signal,10101,0.1,0.7548064587875136,0.08546553287145069,12016,480,62,1.4880000000000004,24,0.019444444444444445,0.06111111111111111,1.0,576,192,2.842170943040401e-14,1.0000000000000004,0.19968979991972446,0.8748520568004685,61,1520,17,4,0.701190738149368,119,3032,28,13,0.860718097700586,65,1616,1,17,0.7286584996500501,235,5848,34,22
96,repeated_damage,shuffled_signal,10101,0.1,0.7886840702843787,0.06513384746917082,13264,480,218,5.232000000000003,20,0.019444444444444445,0.06111111111111111,1.0,576,192,4.263256414560601e-14,1.0000000000000004,0.20632720016874373,0.8840218387686376,61,1704,15,0,0.7397774287499495,119,3344,18,5,0.8566785902612157,65,1760,0,14,0.7791401310631749,235,6456,14,8
96,repeated_damage,fixed,10102,0.2,0.8448998777002551,0.41580044959736734,0,0,0,0.0,29,0.0,0.0,1.0,576,192,4.263256414560601e-14,1.0000000000000002,0.08657459984533489,0.977962526549441,0,0,3,0,0.8305810504207752,0,0,19,0,0.9384264076531147,0,0,0,17,0.8052960263635651,0,0,24,0
96,repeated_damage,periodic,10102,0.2,0.9923254818677111,0.993944517933335,44520,1439,1248,29.95199999999992,6,0.12916666666666668,0.12638888888888888,1.0,576,192,4.263256414560601e-14,1.0000000000000002,0.2094982999842614,1.0000000000000002,359,11216,0,0,0.9880916209946942,269,8328,5,0,0.9994947317660258,273,8440,0,5,0.9908577873550622,538,16536,8,2
96,repeated_damage,local_signal,10102,0.2,0.8889330019012209,0.671835401652827,6576,260,42,1.008,24,0.0,0.04027777777777778,1.0,576,192,4.263256414560601e-14,1.0000000000000002,0.08022910007275641,0.9983680148772408,6,192,5,5,0.8632413152609852,82,2120,34,14,0.9919843851756551,14,384,0,20,0.8502531535841217,158,3880,32,8
96,repeated_damage,shuffled_signal,10102,0.2,0.890096025562459,0.6412624962081819,7208,260,121,2.9040000000000012,22,0.0,0.04027777777777778,1.0,576,192,4.263256414560601e-14,1.0000000000000004,0.08564930013380945,0.9877387625921303,6,192,3,1,0.9006748720345437,82,2424,15,5,0.9927559665012948,14,416,1,13,0.8334766318569987,158,4176,30,8
96,repeated_damage,fixed,10102,0.1,0.8447946620869048,0.41522276746488535,0,0,0,0.0,29,0.0,0.0,1.0,576,192,4.263256414560601e-14,1.0000000000000004,0.1271114000119269,0.977487057825114,0,0,3,0,0.8301808171899537,0,0,19,0,0.9385224858174369,0,0,0,17,0.805237672670114,0,0,24,0
96,repeated_damage,periodic,10102,0.1,0.9827761113772954,0.9727716175329516,44688,1439,1269,30.455999999999918,4,0.12916666666666668,0.12638888888888888,1.0,576,192,4.263256414560601e-14,1.0000000000000004,0.27264059986919165,0.9999999999999998,359,11224,0,0,0.9826709004003391,269,8432,7,0,0.999821408641968,273,8504,0,7,0.9743060682334372,538,16528,8,4
96,repeated_damage,local_signal,10102,0.1,0.9014167103202154,0.6756559437228559,7008,275,51,1.2240000000000002,24,0.004166666666666667,0.044444444444444446,1.0,576,192,4.263256414560601e-14,1.0000000000000002,0.16445859987288713,0.9984130872758917,6,192,5,5,0.9167092486626417,71,1888,32,15,0.9915819872233568,27,704,2,18,0.8486878026974319,171,4224,33,10
96,repeated_damage,shuffled_signal,10102,0.1,0.907912475156796,0.6252055029674549,8096,275,187,4.488000000000003,20,0.004166666666666667,0.044444444444444446,1.0,576,192,4.263256414560601e-14,1.0000000000000002,0.2120413000229746,0.9793725292486594,6,184,4,1,0.9025375693352867,71,2216,13,3,0.9927928660628756,27,816,0,13,0.8681597326145108,171,4880,27,7
96,repeated_damage,fixed,10103,0.2,0.8344007891864578,0.5935636602688481,0,0,0,0.0,34,0.0,0.0,1.0,576,192,2.842170943040401e-14,1.0000000000000004,0.07581040007062256,0.9965683197876802,0,0,2,0,0.890307558417276,0,0,17,0,0.9622260009312152,0,0,0,16,0.7425347986986698,0,0,31,0
96,repeated_damage,periodic,10103,0.2,0.9999999999999998,0.9999999999999967,44928,1438,1302,31.247999999999887,0,0.12638888888888888,0.1259259259259259,1.0,576,192,5.684341886080802e-14,1.0000000000000004,0.19319260003976524,1.0,358,11136,0,0,1.0000000000000002,270,8448,0,0,1.0000000000000002,272,8528,0,0,0.9999999999999998,538,16816,0,0
96,repeated_damage,local_signal,10103,0.2,0.8904867819876155,0.6435903477857915,6376,247,56,1.3440000000000005,25,0.0,0.04953703703703704,1.0,576,192,2.842170943040401e-14,1.0000000000000004,0.08322959998622537,0.9998398271893174,1,32,1,1,0.9457520579704066,39,1088,21,8,0.9971917625099925,6,168,0,13,0.8095016537350315,201,5088,47,22
96,repeated_damage,shuffled_signal,10103,0.2,0.926828343777176,0.7983317739741528,7176,247,156,3.7440000000000024,17,0.0,0.04953703703703704,1.0,576,192,4.263256414560601e-14,1.0000000000000002,0.08825000002980232,0.997026329154316,1,32,2,0,0.9163871159991032,39,1152,10,1,0.9865841743491379,6,184,1,12,0.9021710423802317,201,5808,24,7
96,repeated_damage,fixed,10103,0.1,0.8342764505653111,0.5931779440815488,0,0,0,0.0,34,0.0,0.0,1.0,576,192,4.263256414560601e-14,1.0000000000000004,0.16535499994643033,0.9961852840229773,0,0,2,0,0.8897685593046356,0,0,17,0,0.9623006343628955,0,0,0,16,0.7425183042968564,0,0,31,0
96,repeated_damage,periodic,10103,0.1,0.9999999999999998,0.9999999999999925,45184,1438,1334,32.015999999999885,0,0.12638888888888888,0.1259259259259259,1.0,576,192,8.526512829121202e-14,1.0000000000000002,0.2796351001597941,0.9999999999999999,358,11256,0,0,0.9999999999999998,270,8488,0,0,0.9999999999999998,272,8608,0,0,0.9999999999999998,538,16832,0,0
96,repeated_damage,local_signal,10103,0.1,0.9291390754333291,0.7147501788235913,5000,191,52,1.2480000000000002,20,0.0,0.04027777777777778,1.0,576,192,4.263256414560601e-14,1.0000000000000002,0.18638539989478886,0.9998378835351179,1,32,1,1,0.9665390526929919,33,960,23,13,0.997753172945547,4,120,0,10,0.8761320380473886,153,3888,39,19
96,repeated_damage,shuffled_signal,10103,0.1,0.9076662937004593,0.7326523685113859,5416,191,104,2.4960000000000013,22,0.0,0.04027777777777778,1.0,576,192,4.263256414560601e-14,1.0000000000000002,0.17168239993043244,0.997148834726954,1,32,2,1,0.9119693402110481,33,1032,12,2,0.9830296502595502,4,112,0,10,0.8678330921656197,153,4240,27,6
96,repeated_damage,fixed,10104,0.2,0.8012010212530107,0.3570984792908339,0,0,0,0.0,31,0.0,0.0,1.0,576,192,4.263256414560601e-14,1.0000000000000002,0.0720757998060435,0.9662766507575715,0,0,7,1,0.8298606148720555,0,0,23,0,0.9219576037157158,0,0,0,21,0.7264929332121358,0,0,23,0
96,repeated_damage,periodic,10104,0.2,0.9744882592329819,0.9400538452461626,43832,1439,1162,27.887999999999963,8,0.12083333333333333,0.12731481481481483,1.0,576,192,2.842170943040401e-14,1.0000000000000002,0.1858522999100387,1.0000000000000004,359,11176,0,0,0.970878097942131,261,7976,8,3,0.998621341156263,275,8432,0,5,0.9642267989167669,544,16248,16,8
96,repeated_damage,local_signal,10104,0.2,0.8738942548435803,0.586885197504399,7280,284,58,1.3920000000000003,24,0.006944444444444444,0.04351851851851852,1.0,576,192,4.263256414560601e-14,1.0000000000000002,0.08854259992949665,0.9883360551298228,16,448,10,8,0.897259489019411,63,1720,30,15,0.9713850331516938,30,768,0,15,0.813466248601608,175,4344,37,15
96,repeated_damage,shuffled_signal,10104,0.2,0.911723395785957,0.614473076047962,8304,284,186,4.464000000000002,13,0.006944444444444444,0.04351851851851852,1.0,576,192,2.842170943040401e-14,1.0000000000000002,0.105443200096488,0.9788012575087306,16,464,7,3,0.8961292865164594,63,1832,16,1,0.9627577243694473,30,872,0,15,0.8940032861289606,175,5136,14,5
96,repeated_damage,fixed,10104,0.1,0.8011150722526444,0.3569320247864889,0,0,0,0.0,31,0.0,0.0,1.0,576,192,4.263256414560601e-14,1.0000000000000002,0.14186950004659593,0.9657103137474227,0,0,7,1,0.8294076785118444,0,0,23,0,0.9220553319933598,0,0,0,21,0.7264986392526869,0,0,23,0
96,repeated_damage,periodic,10104,0.1,0.9749634943738935,0.9361275434214892,44400,1439,1233,29.59199999999992,5,0.12083333333333333,0.12731481481481483,1.0,576,192,4.263256414560601e-14,1.0000000000000004,0.296850600047037,1.0000000000000016,359,11256,0,0,0.9852658474744435,261,7960,6,0,0.9965315626236222,275,8536,1,7,0.9590282836987541,544,16648,15,10
96,repeated_damage,local_signal,10104,0.1,0.9012649408322109,0.6538583403844508,6504,248,69,1.6560000000000006,19,0.005555555555555556,0.03611111111111111,1.0,576,192,4.263256414560601e-14,1.0000000000000004,0.18493840005248785,0.9869715179654087,14,384,8,6,0.8966787474018112,63,1720,27,12,0.9799928187671603,26,728,3,19,0.8641940985799358,145,3672,38,20
96,repeated_damage,shuffled_signal,10104,0.1,0.865445426291216,0.5710941146025715,7080,248,141,3.3840000000000017,28,0.005555555555555556,0.03611111111111111,1.0,576,192,4.263256414560601e-14,1.0000000000000002,0.15946149989031255,0.9734575202985732,14,416,7,1,0.8845335030758203,63,1864,12,0,0.9546018287372955,26,728,0,14,0.8113231866758739,145,4072,29,5
96,repeated_damage,fixed,10105,0.2,0.771734983306106,0.2764868462665349,0,0,0,0.0,29,0.0,0.0,1.0,576,192,4.263256414560601e-14,1.0000000000000002,0.07854770007543266,0.9580712335188195,0,0,5,0,0.7364258470353238,0,0,22,0,0.9050395888334162,0,0,0,21,0.7227372486778421,0,0,23,0
96,repeated_damage,periodic,10105,0.2,0.9597648840006767,0.8634025996163446,43048,1434,1079,25.896000000000022,13,0.12083333333333333,0.12546296296296297,1.0,576,192,2.842170943040401e-14,1.0000000000000004,0.19536489993333817,0.9996432446640553,354,10992,0,0,0.9643655657166988,269,8208,10,4,0.9967397950706236,271,8480,1,7,0.9389770876076922,540,15368,24,11
96,repeated_damage,local_signal,10105,0.2,0.8740947602401202,0.5788073483234663,8240,322,64,1.5360000000000003,26,0.002777777777777778,0.04398148148148148,1.0,576,192,2.842170943040401e-14,1.0000000000000004,0.08418000000528991,0.9930076672656164,16,488,11,10,0.8652876411766742,101,2704,46,23,0.9807415408417377,25,640,1,24,0.8251749294710348,180,4408,28,3
96,repeated_damage,shuffled_signal,10105,0.2,0.8397600382600579,0.48122082830031243,9136,322,176,4.224000000000002,25,0.002777777777777778,0.04398148148148148,1.0,576,192,4.263256414560601e-14,1.0000000000000002,0.09239019989036024,0.9729712863890079,16,504,6,2,0.815930362104164,101,2872,30,10,0.9792315668693566,25,760,0,23,0.7819391120333551,180,5000,35,11
96,repeated_damage,fixed,10105,0.1,0.7716238824644887,0.2757241012472689,0,0,0,0.0,29,0.0,0.0,1.0,576,192,4.263256414560601e-14,1.0000000000000002,0.1503633998800069,0.9576009501953006,0,0,5,0,0.7358151433464929,0,0,22,0,0.9051776622906417,0,0,0,21,0.72275136211041,0,0,23,0
96,repeated_damage,periodic,10105,0.1,0.9598543515445374,0.9050538714775163,43608,1434,1149,27.575999999999986,9,0.12083333333333333,0.12546296296296297,1.0,576,192,4.263256414560601e-14,1.0000000000000004,0.2639719999860972,1.0000000000000007,354,11088,0,0,0.9697672192510643,269,8208,16,5,0.9954379985841172,271,8384,0,11,0.937106094171484,540,15928,24,15
96,repeated_damage,local_signal,10105,0.1,0.8934157490400869,0.6818546531945167,6272,239,67,1.6080000000000003,15,0.006944444444444444,0.03009259259259259,1.0,576,192,4.263256414560601e-14,1.0000000000000002,0.1848525998648256,0.9911908318358184,19,584,12,9,0.8656927777438584,82,2240,38,23,0.9776829966976437,23,592,1,17,0.8651436108594229,115,2856,20,7
96,repeated_damage,shuffled_signal,10105,0.1,0.8536413605279642,0.5477999955417079,6760,239,128,3.0720000000000014,26,0.006944444444444444,0.03009259259259259,1.0,576,192,2.842170943040401e-14,1.0000000000000004,0.1793347999919206,0.9653844665328206,19,584,5,1,0.8359766693461501,82,2432,23,5,0.9772820279370846,23,648,2,24,0.8006533724143112,115,3096,33,7
