n,scenario,dt,treatment,baseline,metric,seeds,mean,ci_low,ci_high
96,repeated_damage,0.1,local_signal,fixed,service,6,0.09518063130557756,0.07752924769152207,0.10962538320588107
96,repeated_damage,0.1,local_signal,fixed,p10,6,0.2812227784549229,0.16792351519109128,0.4005399316650135
96,repeated_damage,0.1,local_signal,fixed,messages,6,7400.0,5925.333333333333,9404.0
96,repeated_damage,0.1,local_signal,fixed,phase3_service,6,0.11586948950279886,0.08155323866363323,0.14370276275397528
96,repeated_damage,0.1,local_signal,periodic,service,6,-0.07771169513853458,-0.08869219462295691,-0.0698736514145391
96,repeated_damage,0.1,local_signal,periodic,p10,6,-0.28788034893137177,-0.3102103082583147,-0.258842975243369
96,repeated_damage,0.1,local_signal,periodic,messages,6,-36646.666666666664,-38778.666666666664,-33601.333333333336
96,repeated_damage,0.1,local_signal,periodic,phase3_service,6,-0.10170784017488539,-0.1212035833080697,-0.08190104701922511
96,repeated_damage,0.1,local_signal,shuffled_signal,service,6,0.005631044432992542,-0.016432048301102304,0.0273586487329817
96,repeated_damage,0.1,local_signal,shuffled_signal,p10,6,0.042774658674839865,0.0020233014959525433,0.08705462860669526
96,repeated_damage,0.1,local_signal,shuffled_signal,messages,6,-816.0,-1081.3333333333333,-565.3333333333334
96,repeated_damage,0.1,local_signal,shuffled_signal,phase3_service,6,0.0037452117405881538,-0.029227991679796894,0.03951859686488072
96,repeated_damage,0.2,local_signal,fixed,service,6,0.08071530945060523,0.06153218709861458,0.09913936977105925
96,repeated_damage,0.2,local_signal,fixed,p10,6,0.24943926674973116,0.12999271475821927,0.3878567222221699
96,repeated_damage,0.2,local_signal,fixed,messages,6,7976.0,6870.666666666667,9233.299999999985
96,repeated_damage,0.2,local_signal,fixed,phase3_service,6,0.09203655421338096,0.06629909921546347,0.11823896928284507
96,repeated_damage,0.2,local_signal,periodic,service,6,-0.09844643076758232,-0.10486573118581412,-0.09188468608767757
96,repeated_damage,0.2,local_signal,periodic,p10,6,-0.32373299174710457,-0.35832719293565646,-0.2839757061669787
96,repeated_damage,0.2,local_signal,periodic,messages,6,-35714.666666666664,-37564.0,-33453.333333333336
96,repeated_damage,0.2,local_signal,periodic,phase3_service,6,-0.13587009116148815,-0.16157005862337342,-0.11510043693386808
96,repeated_damage,0.2,local_signal,shuffled_signal,service,6,-0.015827519188373922,-0.033717919363500826,0.007557540928332385
96,repeated_damage,0.2,local_signal,shuffled_signal,p10,6,-0.009306852585521339,-0.07340396830369322,0.04387966277092989
96,repeated_damage,0.2,local_signal,shuffled_signal,messages,6,-900.0,-1008.0,-769.3333333333334
96,repeated_damage,0.2,local_signal,shuffled_signal,phase3_service,6,-0.030873047886294375,-0.06974284210918696,0.0093773604215626
