step,complexity,noise,solved,failed,time,overload,I,C,Ccrit,K,E,E_eff
0,0.9051596958573184,0.05385508471722325,1,0,1.0,0.0,0.0,0.0,0.0,0.0,0.25,0.25
1,1.2122505990846286,0.048684209205066165,0,1,1.2348413274607253,0.26093480828969473,0.0,1.0893915868348758,0.0,0.0,0.6312870553922065,0.6312870553922065
2,1.1375492990601352,-0.0012205627879991188,1,0,1.1226958626449226,0.13632873627213615,0.0,0.29736838933692245,0.0,0.0,0.35407893626792286,0.35407893626792286
3,1.1136046083037914,0.2140150906346351,0,1,1.294857729044584,0.3276196989384266,0.0,1.7173546741200842,0.0,0.0,0.8510741359420294,0.8510741359420294
4,0.8674646755670534,0.040024865092285894,1,0,1.0,0.0,0.0,0.0,0.0,0.0,0.25,0.25
5,0.9703639117040523,-0.05720809138523167,1,0,1.0,0.0,0.0,0.0,0.0,0.0,0.25,0.25
6,1.0859574107944625,0.1563103090818617,1,0,1.2180409478886918,0.24226771987632412,0.0,0.9390983695051688,0.0,0.0,0.5786844293268091,0.5786844293268091
7,1.2348662000547015,0.23920943133767428,0,1,1.426668068253138,0.47407563139237574,0.0,3.5959632684812752,0.0,0.0,1.5085871439684462,1.5085871439684462
8,0.8869747524113729,0.18079500099349247,1,0,1.0609927780643789,0.06776975340486535,0.0,0.07348383162490014,0.0,0.0,0.27571934106871504,0.27571934106871504
9,0.7568707321542578,-0.09976729972835768,1,0,1.0,0.0,0.0,0.0,0.0,0.0,0.25,0.25
10,0.8737388481280723,0.05630750314215255,1,0,1.0,0.0,0.0,0.0,0.0,0.0,0.25,0.25
11,1.1377642756515722,0.123724018604847,0,1,1.2353394648307772,0.2614882942564192,0.0,1.0940180485301065,0.0,0.0,0.6329063169855373,0.6329063169855373
12,0.6990961614285425,0.011667816100751058,1,0,1.0,0.0,0.0,0.0,0.0,0.0,0.25,0.25
13,0.8358742496178296,0.13829649180993417,1,0,1.0,0.0,0.0,0.0,0.0,0.0,0.25,0.25
14,0.7930530937068835,0.2256740581525106,1,0,1.0168544366734547,0.01872715185939411,0.0,0.005611299468236932,0.0,0.0,0.25196395481388295,0.25196395481388295
15,0.7425423849589387,0.17153639319015898,1,0,1.0,0.0,0.0,0.0,0.0,0.0,0.25,0.25
16,1.1255091570153497,0.12672089559458413,0,1,1.2270070473489405,0.2522300526099339,0.0,1.0179199910337606,0.0,0.0,0.6062719968618162,0.6062719968618162
17,0.7064218758557498,-0.04688611663758271,1,0,1.0,0.0,0.0,0.0,0.0,0.0,0.25,0.25
18,0.9060780532227639,0.0717236243866046,1,0,1.0,0.0,0.0,0.0,0.0,0.0,0.25,0.25
19,1.1447569352497635,0.2452723410153743,0,1,1.351026348638624,0.39002927626513784,0.0,2.4339653815025155,0.0,0.0,1.1018878835258805,1.1018878835258805
20,0.7453049250398225,0.026073918851565986,1,0,1.0,0.0,0.0,0.0,0.0,0.0,0.25,0.25
21,0.8760555302463535,0.007350485379423094,1,0,1.0,0.0,0.0,0.0,0.0,0.0,0.25,0.25
22,0.9892694963948239,0.19194760809731357,1,0,1.1630953940429236,0.18121710449213735,0.0,0.5254342233682276,0.0,0.0,0.43390197817887965,0.43390197817887965
23,1.2137751450127658,0.21481434911726313,0,1,1.385730544717026,0.428589494130029,0.0,2.939023271658147,0.0,0.0,1.2786581450803514,1.2786581450803514
24,0.8777063516076902,0.03628431902155288,1,0,1.0,0.0,0.0,0.0,0.0,0.0,0.25,0.25
25,0.7476365441205933,-0.08761177839097753,1,0,1.0,0.0,0.0,0.0,0.0,0.0,0.25,0.25
26,0.689870184604905,0.11677117278335483,1,0,1.0,0.0,0.0,0.0,0.0,0.0,0.25,0.25
27,1.0608610855297678,0.0006904343534406276,1,0,1.0553963678948874,0.061551519883208394,0.0,0.060617433598927975,0.0,0.0,0.2712161017596248,0.2712161017596248
28,1.221841526366418,0.22602107550461772,0,1,1.403076341683932,0.44786260187103566,0.0,3.2092945624751006,0.0,0.0,1.373253096866285,1.373253096866285
29,1.2147423817520613,-0.08118851093654345,1,0,1.1201984837339662,0.13355387081551795,0.0,0.28538618255692894,0.0,0.0,0.34988516389492513,0.34988516389492513
30,1.1772933578025704,-0.02551871843216641,1,0,1.1365971754333637,0.15177463937040403,0.0,0.36856865849625914,0.0,0.0,0.37899903047369066,0.37899903047369066
31,0.9681328132136658,0.1415844303473396,1,0,1.098745519204905,0.10971724356100543,0.0,0.1926059765539998,0.0,0.0,0.31741209179389995,0.31741209179389995
32,0.9624922785189778,0.2089513964705069,1,0,1.1542993074905363,0.17144367498948476,0.0,0.4702869391024013,0.0,0.0,0.41460042868584046,0.41460042868584046
33,0.9142411356877087,-0.08071391357181976,1,0,1.0,0.0,0.0,0.0,0.0,0.0,0.25,0.25
34,1.1041556201964329,0.0037993587597402317,1,0,1.0971594810605558,0.10795497895617312,0.0,0.1864684397028445,0.0,0.0,0.3152639538959956,0.3152639538959956
35,1.2071614113558462,0.09287602834302189,0,1,1.2700336957289813,0.3000374396988681,0.0,1.4403594435368305,0.0,0.0,0.7541258052378906,0.7541258052378906
36,1.240284744334332,0.07280095792243979,0,1,1.2817771320310944,0.3130857022567717,0.0,1.5683625113218542,0.0,0.0,0.7989268789626489,0.7989268789626489
37,1.220900140245548,0.04956646530002168,0,1,1.2434199449910126,0.27046660554556956,0.0,1.1704349554454836,0.0,0.0,0.6596522344059192,0.6596522344059192
38,0.8311047415932131,0.03998225417947776,1,0,1.0,0.0,0.0,0.0,0.0,0.0,0.25,0.25
39,0.9871932000939344,0.037200497504482705,1,0,1.0219543278385754,0.02439369759841714,0.0,0.009520839720368355,0.0,0.0,0.2533322939021289,0.2533322939021289
40,1.0531096881722581,0.0627410935967139,1,0,1.1042657035920749,0.11585078176897201,0.0,0.21474245818371165,0.0,0.0,0.32515986036429906,0.32515986036429906
41,1.1183409090519583,-0.028992257253683124,1,0,1.0804137866184476,0.08934865179827511,0.0,0.12773090525071057,0.0,0.0,0.2947058168377487,0.2947058168377487
42,0.6889428211179638,-0.044076945317323556,1,0,1.0,0.0,0.0,0.0,0.0,0.0,0.25,0.25
43,1.0351031379280542,-0.015993741689912425,1,0,1.0171984566143275,0.019109396238141674,0.0,0.00584270439338085,0.0,0.0,0.2520449465376833,0.2520449465376833
44,0.7979233592453842,0.16378568617724412,1,0,1.0,0.0,0.0,0.0,0.0,0.0,0.25,0.25
45,1.2113617189602766,0.22392877449328005,0,1,1.391761444108201,0.43529049345355664,0.0,3.0316450190566533,0.0,0.0,1.3110757566698286,1.3110757566698286
46,1.1245779309635622,0.053875186893540594,1,0,1.1606078060713925,0.17845311785710272,0.0,0.5095282443667358,0.0,0.0,0.4283348855283575,0.4283348855283575
47,0.7137607778741055,0.13140123660682246,1,0,1.0,0.0,0.0,0.0,0.0,0.0,0.25,0.25
48,1.1101914022092179,0.22862890543109107,0,1,1.304938276876278,0.3388203076403089,0.0,1.836787213911577,0.0,0.0,0.892875524869052,0.892875524869052
49,0.9341041964515501,0.18103247267354491,1,0,1.1036230022125855,0.11513666912509501,0.0,0.21210324123554572,0.0,0.0,0.324236134432441,0.324236134432441
50,0.6764482618301116,0.06346743341477767,1,0,1.0,0.0,0.0,0.0,0.0,0.0,0.25,0.25
51,0.7501751148006679,0.08868157819438213,1,0,1.0,0.0,0.0,0.0,0.0,0.0,0.25,0.25
52,0.6917153836056109,0.0749945614987004,1,0,1.0,0.0,0.0,0.0,0.0,0.0,0.25,0.25
53,0.9456462028250012,0.17309774328865926,1,0,1.1068695515022946,0.11874394611366057,0.0,0.22560199581830281,0.0,0.0,0.32896069853640597,0.32896069853640597
54,0.7132728744039966,0.19388323218212397,1,0,1.0,0.0,0.0,0.0,0.0,0.0,0.25,0.25
55,0.7708176216738784,0.0501955606911976,1,0,1.0,0.0,0.0,0.0,0.0,0.0,0.25,0.25
56,1.046921280430079,0.2133226462031366,0,1,1.234219533969894,0.2602439266332155,0.0,1.0836304215915913,0.0,0.0,0.6292706475570569,0.6292706475570569
57,0.8565121027174126,0.05150513561957215,1,0,1.0,0.0,0.0,0.0,0.0,0.0,0.25,0.25
58,0.8865426334124666,0.20603776035764745,1,0,1.0833223543931028,0.09258039377011418,0.0,0.13713806897007033,0.0,0.0,0.2979983241395246,0.2979983241395246
59,0.8764797596495659,0.12995822107065008,1,0,1.0057941826481944,0.006437980720215952,0.0,0.000663161532061957,0.0,0.0,0.2502321065362217,0.2502321065362217
60,1.6392655303267392,0.3340007257922579,0,1,1.8759396305070974,0.9732662561189971,0.0,15.155955284798228,0.0,0.0,5.55458434967938,5.55458434967938
61,1.677047465529281,0.2963580160075311,0,1,1.8760649333831312,0.9734054815368123,0.0,15.160291703774615,0.0,0.0,5.556102096321115,5.556102096321115
62,1.4267811943621147,0.4099109368079499,0,1,1.753022918053058,0.8366921311700646,0.0,11.200859557790473,0.0,0.0,4.170300845226665,4.170300845226665
63,1.0136874159170393,0.2014194033733687,1,0,1.1935961373613673,0.21510681929040798,0.0,0.7403350992837797,0.0,0.0,0.5091172847493228,0.5091172847493228
64,0.9207204484670264,0.28094359313065315,1,0,1.1814976374379116,0.2016640415976796,0.0,0.6506941707761703,0.0,0.0,0.4777429597716596,0.4777429597716596
65,1.1030129963602067,0.1337649300065601,1,0,1.2131001337300902,0.23677792636676687,0.0,0.8970205826327372,0.0,0.0,0.563957203921458,0.563957203921458
66,1.2843597501937796,0.4513240742822612,0,1,1.6621154420284365,0.7356838244760406,0.0,8.6596910335311,0.0,0.0,3.280891861735885,3.280891861735885
67,1.110191934320739,0.30322105128673926,0,1,1.3720716870467304,0.4134129856074782,0.0,2.7345647467022234,0.0,0.0,1.2070976613457782,1.2070976613457782
68,1.37973324138052,0.26868267932850454,0,1,1.583574328638122,0.6484159207090245,0.0,6.727091299662912,0.0,0.0,2.604481954882019,2.604481954882019
69,0.9589663796014903,0.2189180523869291,1,0,1.1600959887895774,0.1778844319884194,0.0,0.5062859383014818,0.0,0.0,0.42720007840551866,0.42720007840551866
70,1.257743157331522,0.5096333565853767,0,1,1.690638862525209,0.7673765139168989,0.0,9.42186742578004,0.0,0.0,3.547653599023014,3.547653599023014
71,1.1467748855147906,0.4255770537662619,0,1,1.5151167453529473,0.5723519392810525,0.0,5.241387878380507,0.0,0.0,2.0844857574331774,2.0844857574331774
72,1.2235346447799686,0.26660444300739305,0,1,1.4411251790086255,0.4901390877873617,0.0,3.8437812060324332,0.0,0.0,1.5953234221113515,1.5953234221113515
73,1.2886723666662496,0.19742446135983782,0,1,1.4374871452234788,0.48609682802608756,0.0,3.78064201947238,0.0,0.0,1.5732247068153329,1.5732247068153329
74,1.5703134471663622,0.38042340225320936,0,1,1.8556631644776145,0.9507368494195716,0.0,14.462408909508051,0.0,0.0,5.311843118327817,5.311843118327817
75,1.4435536685031234,0.2792389043545284,0,1,1.6505133155718867,0.7227925728576519,0.0,8.358865654050943,0.0,0.0,3.17560297891783,3.17560297891783
76,1.543448862943952,0.1830071967695573,0,1,1.6538104537421583,0.7264560597135092,0.0,8.443814507111643,0.0,0.0,3.205335077489075,3.205335077489075
77,1.4084538944084688,0.45870920938411464,0,1,1.7804467934133252,0.8671631037925835,0.0,12.031549577266992,0.0,0.0,4.461042352043447,4.461042352043447
78,1.390182274179756,0.24646918772516355,0,1,1.5729863157144277,0.6366514619049195,0.0,6.485201343130739,0.0,0.0,2.5198204700957585,2.5198204700957585
79,1.3683020201596139,0.15671827159412727,0,1,1.472518262578367,0.5250202917537412,0.0,4.410340908050936,0.0,0.0,1.7936193178178277,1.7936193178178277
80,1.357033032682939,0.4247385755594373,0,1,1.7035944474181386,0.7817716082423762,0.0,9.778669559261942,0.0,0.0,3.6725343457416795,3.6725343457416795
81,1.3543190249567596,0.250066849601511,0,1,1.5439472871024436,0.6043858745582706,0.0,5.844516565849051,0.0,0.0,2.2955807980471676,2.2955807980471676
82,1.3726787607908248,0.4321566597041532,0,1,1.7243518784454803,0.8048354204949781,0.0,10.364160865333252,0.0,0.0,3.877456302866638,3.877456302866638
83,0.9850026224192974,0.31319775714369114,0,1,1.2683803416066897,0.2982003795629886,0.0,1.4227754619441677,0.0,0.0,0.7479714116804587,0.7479714116804587
84,1.3153149246278288,0.409665428849828,0,1,1.6524823181298913,0.7249803534776569,0.0,8.409544206857413,0.0,0.0,3.1933404724000947,3.1933404724000947
85,1.6062087694513214,0.20567758671405395,0,1,1.7306977205488376,0.8118863561653753,0.0,10.54655128523985,0.0,0.0,3.9412929498339473,3.9412929498339473
86,1.4381561412795616,0.1634851233491329,0,1,1.541477138165825,0.6016412646286944,0.0,5.791555380864235,0.0,0.0,2.2770443833024823,2.2770443833024823
87,1.065255268619895,0.37457168256389717,0,1,1.395844256065413,0.4398269511837922,0.0,3.0951639518020793,0.0,0.0,1.3333073831307276,1.3333073831307276
88,1.0699574483047511,0.3665171771521567,0,1,1.392827162911217,0.43647462545690785,0.0,3.0481615786839678,0.0,0.0,1.3168565525393887,1.3168565525393887
89,1.3554799975740663,0.45954619075450864,0,1,1.7335235694957176,0.815026188328575,0.0,10.628283002582492,0.0,0.0,3.969899050903872,3.969899050903872
90,0.9253567915023763,0.32780224046368467,0,1,1.227843128769455,0.25315903196606104,0.0,1.0254319274558898,0.0,0.0,0.6089011746095614,0.6089011746095614
91,1.0648333175840432,0.3558986932902751,0,1,1.3786588097868866,0.42073201087431844,0.0,2.8322467995895617,0.0,0.0,1.2412863798563465,1.2412863798563465
92,1.6076511431432001,0.39505655743945556,0,1,1.9024369305243902,1.002707700582656,0.0,16.086763724924115,0.0,0.0,5.88036730372344,5.88036730372344
93,1.142006578193792,0.20867456621819652,0,1,1.3156130299707898,0.3506811444119886,0.0,1.9676362407376322,0.0,0.0,0.9386726842581712,0.9386726842581712
94,1.0803000623090395,0.10070993068344936,1,0,1.16290899369324,0.18100999299248888,0.0,0.5242338810102539,0.0,0.0,0.4334818583535889,0.4334818583535889
95,0.9757132174908445,0.14286383739309902,1,0,1.1067193493955492,0.11857705488394354,0.0,0.22496828711919614,0.0,0.0,0.3287389004917186,0.3287389004917186
96,1.3327895479470402,0.2996688137579639,0,1,1.5692125255345037,0.6324583617050041,0.0,6.400057268649245,0.0,0.0,2.4900200440272355,2.4900200440272355
97,1.0779380233370375,0.4941087099203043,0,1,1.5148420599316075,0.5720467332573418,0.0,5.235799440486342,0.0,0.0,2.0825298041702194,2.0825298041702194
98,1.159190857376732,0.5204174373857302,0,1,1.611647465286216,0.6796082947624622,0.0,7.389878948959067,0.0,0.0,2.8364576321356734,2.8364576321356734
99,1.4990117229158075,0.3918430170652103,0,1,1.801769265982916,0.8908547399810178,0.0,12.69795468394635,0.0,0.0,4.694284139381222,4.694284139381222
100,1.2626553613532274,0.3732990872856544,0,1,1.5723590037749937,0.635954448638882,0.0,6.47100897189735,0.0,0.0,2.5148531401640724,2.5148531401640724
101,1.1051075719459023,0.16415323554929134,0,1,1.2423347267456744,0.26926080749519365,0.0,1.1600221192474198,0.0,0.0,0.6560077417365969,0.6560077417365969
102,1.4126860580762228,0.33764268686941656,0,1,1.6752958704510754,0.7503287449456395,0.0,9.007891607867176,0.0,0.0,3.4027620627535113,3.4027620627535113
103,1.137933733209932,0.28080351006073334,0,1,1.3768635189435987,0.4187372432706653,0.0,2.805454062430661,0.0,0.0,1.2319089218507313,1.2319089218507313
104,1.2132697197988598,0.18293466733664787,0,1,1.3565839484219568,0.39620438713550765,0.0,2.5116466621667715,0.0,0.0,1.12907633175837,1.12907633175837
105,1.0359779826215996,0.22217338901726397,0,1,1.232336234474977,0.2581513716388635,0.0,1.0662740908644257,0.0,0.0,0.623195931802549,0.623195931802549
106,1.4013993916493832,0.3116115478443987,0,1,1.641709845544404,0.713010939493782,0.0,8.134153597404891,0.0,0.0,3.0969537590917118,3.0969537590917118
107,1.5642562904370008,0.16380383938699744,0,1,1.6552541168415984,0.7280601298239981,0.0,8.481144842229392,0.0,0.0,3.218400694780287,3.218400694780287
108,1.6374213195281113,0.12107438350644126,0,1,1.6826461327310973,0.7584957030345525,0.0,9.205051704350081,0.0,0.0,3.471768096522528,3.471768096522528
109,1.304464548884001,0.41352769728949956,0,1,1.6461930215561504,0.7179922461735004,0.0,8.248205849044295,0.0,0.0,3.136872047165503,3.136872047165503
110,1.6217353323742056,0.27327505213923137,0,1,1.8055093460620932,0.895010384513437,0.0,12.816697414190244,0.0,0.0,4.735844094966585,4.735844094966585
111,1.312960625963242,0.2405407666157793,0,1,1.4981512533211192,0.5535013925790213,0.0,4.9018206653906535,0.0,0.0,1.9656372328867286,1.9656372328867286
112,1.2907386830347956,0.3709009945329359,0,1,1.5954757098109582,0.6616396775677313,0.0,7.004273006910904,0.0,0.0,2.7014955524188164,2.7014955524188164
113,1.3756649319747318,0.19649678741968213,0,1,1.5149455474549725,0.572161719394414,0.0,5.237904530245953,0.0,0.0,2.0832665855860837,2.0832665855860837
114,1.1792596849083672,0.46845589353435174,0,1,1.5829440205984469,0.6477155784427189,0.0,6.712567528918175,0.0,0.0,2.599398635121361,2.599398635121361
115,1.421074607364695,0.1990550066511447,0,1,1.5581166526142556,0.6201296140158397,0.0,6.152971810870948,0.0,0.0,2.4035401338048317,2.4035401338048317
116,1.1684299626113086,0.4071791983410191,0,1,1.5180482448570949,0.5756091609523277,0.0,5.301214498755884,0.0,0.0,2.1054250745645593,2.1054250745645593
117,1.0054838005706874,0.17238474241569393,1,0,1.1600816886877432,0.17786854298638133,0.0,0.5061954973455709,0.0,0.0,0.4271684240709498,0.4271684240709498
118,1.0869488819345543,0.2576993273814484,0,1,1.3101833883844023,0.3446482093160026,0.0,1.9005182109556342,0.0,0.0,0.915181373834472,0.915181373834472
119,1.5800125135919585,0.30912462441143473,0,1,1.800223424203054,0.8891371380033932,0.0,12.649037602829843,0.0,0.0,4.677163160990444,4.677163160990444
120,0.9585033688559709,0.11842163762517388,1,0,1.06923250583303,0.07692500648114464,0.0,0.09467930595398633,0.0,0.0,0.2831377570838952,0.2831377570838952
121,1.1433180936093637,-0.06087313725314103,1,0,1.0742004607206004,0.08244495635622262,0.0,0.10875473325727124,0.0,0.0,0.2880641566400449,0.2880641566400449
122,1.1665534994569962,-0.027964509537294485,1,0,1.1247300909277316,0.1385889899197017,0.0,0.30731053003141084,0.0,0.0,0.3575586855109938,0.3575586855109938
123,0.9340269615743053,0.06782721896679358,1,0,1.001668762486989,0.001854180541098982,0.0,5.500776766384182e-05,0.0,0.0,0.25001925271868236,0.25001925271868236
124,1.139069068763161,0.18412041984933483,0,1,1.2908705397512463,0.32318948861249597,0.0,1.6712231287937065,0.0,0.0,0.8349280950777972,0.8349280950777972
125,0.6931088506767805,-0.02979014371310522,1,0,1.0,0.0,0.0,0.0,0.0,0.0,0.25,0.25
126,0.7144451288879837,-0.007969493743090528,1,0,1.0,0.0,0.0,0.0,0.0,0.0,0.25,0.25
127,1.0069980311390971,0.20524029833215,1,0,1.1910144965241223,0.2122383294712471,0.0,0.7207217359479302,0.0,0.0,0.5022526075817755,0.5022526075817755
128,1.240255717603887,0.11895212374220715,0,1,1.3232870572114848,0.3592078413460942,0.0,2.0644843725523323,0.0,0.0,0.9725695303933163,0.9725695303933163
129,0.7163768976484934,-0.08967755041286524,1,0,1.0,0.0,0.0,0.0,0.0,0.0,0.25,0.25
130,1.1587237152984053,0.148345184970165,0,1,1.2763620102417133,0.30706890026857026,0.0,1.5086609521943863,0.0,0.0,0.7780313332680352,0.7780313332680352
131,1.1127925695858178,-0.050219778649245886,1,0,1.0563155118429146,0.06257279093657186,0.0,0.06264566664947088,0.0,0.0,0.2719259833273148,0.2719259833273148
132,1.126353417903755,-0.003920623886864094,1,0,1.1101895146152019,0.122432794016891,0.0,0.23983662481251938,0.0,0.0,0.3339428186843818,0.3339428186843818
133,0.9519487730135048,0.24373451379790875,1,0,1.1761149581302721,0.19568328681141356,0.0,0.6126711797970871,0.0,0.0,0.4644349129289804,0.4644349129289804
134,1.1412984855981976,0.01503910680824995,1,0,1.1407038331658028,0.15633759240644762,0.0,0.3910630847911128,0.0,0.0,0.38687207967688947,0.38687207967688947
135,1.0059091317196929,0.11101527104824166,1,0,1.105231962491141,0.11692440276793459,0.0,0.21874105540221103,0.0,0.0,0.32655936939077385,0.32655936939077385
136,0.7909817163560251,0.15541198885315646,1,0,1.0,0.0,0.0,0.0,0.0,0.0,0.25,0.25
137,1.0332973484650356,-0.060779362491547,1,0,1.0,0.0,0.0,0.0,0.0,0.0,0.25,0.25
138,0.7284132884609231,-0.05141176620908917,1,0,1.0,0.0,0.0,0.0,0.0,0.0,0.25,0.25
139,1.0998981193651374,0.10570532982391392,1,0,1.1850431042701461,0.20560344918905127,0.0,0.6763644530949566,0.0,0.0,0.4867275585832348,0.4867275585832348
140,0.9695393732061253,-0.041777786538775036,1,0,1.0,0.0,0.0,0.0,0.0,0.0,0.25,0.25
141,0.6794678852869832,0.13304786873391647,1,0,1.0,0.0,0.0,0.0,0.0,0.0,0.25,0.25
142,0.7720436043481527,-0.00013849192752792006,1,0,1.0,0.0,0.0,0.0,0.0,0.0,0.25,0.25
143,0.7040333236013644,0.17359297747706073,1,0,1.0,0.0,0.0,0.0,0.0,0.0,0.25,0.25
144,0.7996456586964942,-0.07830427620672223,1,0,1.0,0.0,0.0,0.0,0.0,0.0,0.25,0.25
145,0.7192142540595919,0.13328827621373843,1,0,1.0,0.0,0.0,0.0,0.0,0.0,0.25,0.25
146,1.0843961787115626,0.011866673749315784,1,0,1.0866365672147906,0.0962628524608784,0.0,0.14826458822247748,0.0,0.0,0.3018926058778671,0.3018926058778671
147,1.0277433080621916,0.0858601138852482,1,0,1.1022430797526959,0.11360342194743978,0.0,0.20649179965068867,0.0,0.0,0.322272129877741,0.322272129877741
148,0.9760932684654524,-0.048002482941779216,1,0,1.0,0.0,0.0,0.0,0.0,0.0,0.25,0.25
149,1.2460440300214723,0.1470759809344639,0,1,1.3538080098603427,0.3931200109559363,0.0,2.4726934882239275,0.0,0.0,1.1154427208783746,1.1154427208783746
150,1.1921276095723465,0.011778400548713486,1,0,1.183515409108954,0.2039060101210599,0.0,0.6652425754158365,0.0,0.0,0.48283490139554275,0.48283490139554275
151,1.1603910664515489,0.025333807287033105,1,0,1.1671523863647237,0.18572487373858193,0.0,0.5518996596033952,0.0,0.0,0.4431648808611883,0.4431648808611883
152,1.2407397323189124,0.012056636155102607,0,1,1.2275167316266136,0.2527963684740151,0.0,1.0224960626184003,0.0,0.0,0.60787362191644,0.60787362191644
153,0.8324689910791849,0.15082725900364954,1,0,1.0,0.0,0.0,0.0,0.0,0.0,0.25,0.25
154,0.8839832504107658,0.11186926036819314,1,0,1.0,0.0,0.0,0.0,0.0,0.0,0.25,0.25
155,0.793750341479591,0.00942233613863118,1,0,1.0,0.0,0.0,0.0,0.0,0.0,0.25,0.25
156,1.1942700310329992,-0.07826707203370532,1,0,1.1044026630993646,0.11600295899929391,0.0,0.21530698394546985,0.0,0.0,0.32535744438091446,0.32535744438091446
157,0.7629826793438329,0.12118180068467799,1,0,1.0,0.0,0.0,0.0,0.0,0.0,0.25,0.25
158,0.653127158642605,0.21452987678263188,1,0,1.0,0.0,0.0,0.0,0.0,0.0,0.25,0.25
159,0.8045164881872537,-0.02283788914632623,1,0,1.0,0.0,0.0,0.0,0.0,0.0,0.25,0.25
160,1.047048943224948,0.06279538973711596,1,0,1.0988598996658576,0.10984433296206397,0.0,0.19305243974209238,0.0,0.0,0.3175683539097323,0.3175683539097323
161,0.6518453053591919,0.1283134543293678,1,0,1.0,0.0,0.0,0.0,0.0,0.0,0.25,0.25
162,0.6556130237507689,0.19626546912237233,1,0,1.0,0.0,0.0,0.0,0.0,0.0,0.25,0.25
163,1.0567649575425049,0.01603757110805895,1,0,1.0655222757855074,0.0728025286505638,0.0,0.08480333084665861,0.0,0.0,0.2796811657963305,0.2796811657963305
164,0.7401921039055909,0.1779896025656059,1,0,1.0,0.0,0.0,0.0,0.0,0.0,0.25,0.25
165,0.9342133015137579,0.07935144254307847,1,0,1.0122082696511527,0.013564744056836275,0.0,0.0029440365012396007,0.0,0.0,0.25103041277543386,0.25103041277543386
166,1.0492649685553257,0.2448662585352008,0,1,1.264718104381474,0.2941312270905265,0.0,1.3842108599964622,0.0,0.0,0.7344738009987617,0.7344738009987617
167,1.0606925654399073,0.0598192440243491,1,0,1.1084606285178307,0.12051180946425633,0.0,0.23236953952558753,0.0,0.0,0.33132933883395566,0.33132933883395566
168,1.2400705793097455,0.24907026362350046,0,1,1.4402267586399213,0.489140842933246,0.0,3.828140227607143,0.0,0.0,1.5898490796625,1.5898490796625
169,0.9521389806959083,0.23928375999887333,1,0,1.1722804666253035,0.1914227406947817,0.0,0.5862826504816262,0.0,0.0,0.4551989276685692,0.4551989276685692
170,0.7217939672459076,0.170909298136701,1,0,1.0,0.0,0.0,0.0,0.0,0.0,0.25,0.25
171,1.0944892603071383,0.227560650868766,0,1,1.289844920058314,0.3220499111759043,0.0,1.6594583246145258,0.0,0.0,0.830810413615084,0.830810413615084
172,0.8549198247972076,0.2379233174362115,1,0,1.0835588280100772,0.09284314223341905,0.0,0.13791758495639808,0.0,0.0,0.2982711547347393,0.2982711547347393
173,1.0351731886543365,0.021438625712234302,1,0,1.0509506329299136,0.05661181436657081,0.0,0.051278360414001176,0.0,0.0,0.2679474261449004,0.2679474261449004
174,1.0956192991208094,0.10615395680155554,1,0,1.1815959303301284,0.20177325592236484,0.0,0.6513991488881942,0.0,0.0,0.47798970211086794,0.47798970211086794
175,0.7598021326812048,-0.024812344005353565,1,0,1.0,0.0,0.0,0.0,0.0,0.0,0.25,0.25
176,1.0015416458274116,0.18797671914061195,1,0,1.170566528471221,0.18951836496802343,0.0,0.5746753705624469,0.0,0.0,0.4511363796968564,0.4511363796968564
177,0.8602945152586364,-0.04451918999200766,1,0,1.0,0.0,0.0,0.0,0.0,0.0,0.25,0.25
178,1.042200002015812,-0.04505554305394419,1,0,1.0,0.0,0.0,0.0,0.0,0.0,0.25,0.25
179,1.2263439861654009,0.15187910436997423,0,1,1.3404007814818377,0.3782230905353752,0.0,2.2888432994260897,0.0,0.0,1.0510951547991314,1.0510951547991314
180,1.169355628593769,0.011882950207695031,1,0,1.1631147209213177,0.1812385788014641,0.0,0.5255587591355922,0.0,0.0,0.43394556569745724,0.43394556569745724
181,0.9030474307145389,0.1628589742610965,1,0,1.0593157644780717,0.06590640497563527,0.0,0.06949846746899906,0.0,0.0,0.2743244636141497,0.2743244636141497
182,1.1308078415731282,0.10212471207618323,1,0,1.2096392982843802,0.23293255364931142,0.0,0.8681211927934295,0.0,0.0,0.5538424174777004,0.5538424174777004
183,1.2152365393804176,0.2497146491034227,0,1,1.4184560696354565,0.4649511884838404,0.0,3.4588737227605715,0.0,0.0,1.4606058029662,1.4606058029662
184,1.113850807754994,0.23070553344721095,0,1,1.3101007070819846,0.344556341202205,0.0,1.8995051562024052,0.0,0.0,0.9148268046708418,0.9148268046708418
185,1.0757057517687887,0.3458231409623048,0,1,1.379376003457984,0.4215288927310934,0.0,2.8429857185136265,0.0,0.0,1.2450450014797692,1.2450450014797692
186,0.8829738324571467,0.28089773213584757,1,0,1.1474844081336948,0.16387156459299423,0.0,0.4296622349144941,0.0,0.0,0.4003817822200729,0.4003817822200729
187,1.0970340273950552,0.1337316075337103,1,0,1.207689071435889,0.23076563492876545,0.0,0.8520444522252201,0.0,0.0,0.5482155582788271,0.5482155582788271
188,1.5308266002860678,0.17493165707957942,0,1,1.6351824316290824,0.7057582573656471,0.0,7.96951548543672,0.0,0.0,3.0393304199028517,3.0393304199028517
189,1.0942430130285812,0.21395658029082487,0,1,1.2773796339874655,0.30819959331940616,0.0,1.5197918291559576,0.0,0.0,0.7819271402045851,0.7819271402045851
190,1.0527458269179746,0.45000264800413237,0,1,1.4524736274298964,0.502748474922107,0.0,4.0440964645840705,0.0,0.0,1.6654337626044247,1.6654337626044247
191,1.4242370880570685,0.4139196038228574,0,1,1.7543410226919334,0.8381566918799259,0.0,11.240106242289617,0.0,0.0,4.184037184801365,4.184037184801365
192,1.536231400284534,0.37900513734786045,0,1,1.8237128838691552,0.9152365376323945,0.0,13.402526717077336,0.0,0.0,4.9408843509770675,4.9408843509770675
193,0.8349107698893132,0.3566600456187169,1,0,1.172413733957227,0.19157081550803,0.0,0.5871900376705868,0.0,0.0,0.4555165131847053,0.4555165131847053
194,1.5143009844968243,0.11771755618951069,0,1,1.5688166866177016,0.632018540686335,0.0,6.391158972340552,0.0,0.0,2.486905640319193,2.486905640319193
195,1.2843479591827172,0.3280440593893438,0,1,1.551152816714855,0.612392018572061,0.0,6.000383750572217,0.0,0.0,2.3501343127002756,2.3501343127002756
196,1.2855102720853546,0.4560803669971708,0,1,1.667431575174273,0.7415906390825255,0.0,8.799306815597259,0.0,0.0,3.3297573854590405,3.3297573854590405
197,1.2951550193109527,0.10860692242963216,0,1,1.3633857475665265,0.4037619417405849,0.0,2.6083792895700393,0.0,0.0,1.1629327513495138,1.1629327513495138
198,1.5393159584119191,0.39054015443175816,0,1,1.8368705015593096,0.9298561128436773,0.0,13.834118249484057,0.0,0.0,5.0919413873194195,5.0919413873194195
199,1.359561215550367,0.3633045917884549,0,1,1.6505792266049397,0.7228658073388219,0.0,8.360559606713709,0.0,0.0,3.176195862349798,3.176195862349798
200,1.4408971215745332,0.3360465386539584,0,1,1.6992492942056425,0.7769436602284916,0.0,9.658263218707933,0.0,0.0,3.6303921265477763,3.6303921265477763
201,1.1329488458799977,0.3343656262326039,0,1,1.4205830249013414,0.46731447211260146,0.0,3.49412505353407,0.0,0.0,1.4729437687369245,1.4729437687369245
202,1.3492754352992524,0.23633330753895793,0,1,1.5270478685543893,0.5856087428382104,0.0,5.487001595016788,0.0,0.0,2.170450558255876,2.170450558255876
203,0.9652254045829083,0.13700293177556047,1,0,1.0920055027226219,0.10222833635846884,0.0,0.16721012407392388,0.0,0.0,0.30852354342587335,0.30852354342587335
204,1.05387694602743,0.15584731832376297,1,0,1.1887518379160738,0.20972426435119296,0.0,0.7037482729223851,0.0,0.0,0.4963118955228347,0.4963118955228347
205,0.8975800514630715,0.17888825312408743,1,0,1.0688214741284432,0.07646830458715903,0.0,0.09355842570295243,0.0,0.0,0.2827454489960334,0.2827454489960334
206,1.0370471743836973,0.25969800863207426,0,1,1.2670706647141943,0.29674518301577146,0.0,1.4089232582890192,0.0,0.0,0.7431231404011567,0.7431231404011567
207,1.4847077002491567,0.2787937277089272,0,1,1.6871512851622756,0.7635014279580838,0.0,9.326950887904529,0.0,0.0,3.5144328107665848,3.5144328107665848
208,1.4338353024321662,0.07885747069972644,0,1,1.4614234958187033,0.5126927731318927,0.0,4.205662073946725,0.0,0.0,1.721981725881354,1.721981725881354
209,1.3034433024473735,0.10546824112109769,0,1,1.368020389211624,0.40891154356847115,0.0,2.675338407416795,0.0,0.0,1.186368442595878,1.186368442595878
210,0.9504992697127822,0.12039271062974216,1,0,1.0638027823082719,0.07089198034252431,0.0,0.08041076603015765,0.0,0.0,0.2781437681105552,0.2781437681105552
211,1.1490224415736923,0.13446679026142858,0,1,1.2551403086516086,0.28348923183512076,0.0,1.2858583130634695,0.0,0.0,0.7000504095722143,0.7000504095722143
212,0.9968737367218022,0.24727847451432192,1,0,1.2197369901125117,0.24415221123612407,0.0,0.9537648360238232,0.0,0.0,0.583817692608338,0.583817692608338
213,1.1220466834233187,0.09207970202304029,1,0,1.1927137469017233,0.2141263854463591,0.0,0.7336017431091639,0.0,0.0,0.5067606100882074,0.5067606100882074
214,1.2384270405300497,0.37539426404289566,0,1,1.552439174115651,0.6138213045729453,0.0,6.028425503162119,0.0,0.0,2.3599489261067412,2.3599489261067412
215,1.2504430322197204,0.10691961632417141,0,1,1.3216263836895026,0.3573626485438919,0.0,2.043329001188883,0.0,0.0,0.9651651504161091,0.9651651504161091
216,0.9330104579144111,0.07343335978569233,1,0,1.005799435930093,0.0064438177001033825,0.0,0.0006643645848346503,0.0,0.0,0.2502325276046921,0.2502325276046921
217,1.0562942850431396,0.19560940891421907,0,1,1.2267133245616229,0.2519036939573587,0.0,1.015287536469802,0.0,0.0,0.6053506377644307,0.6053506377644307
218,1.358316267352499,0.15712747338112232,0,1,1.4638993666602593,0.5154437407336214,0.0,4.2509159977835,0.0,0.0,1.737820599224225,1.737820599224225
219,1.0349421105416934,0.3322933616086117,0,1,1.3305119249352746,0.36723547215030505,0.0,2.1577902720873197,0.0,0.0,1.0052265952305617,1.0052265952305617
220,1.5139239101996607,0.09303909686228924,0,1,1.546266706355755,0.6069630070619498,0.0,5.894465471066953,0.0,0.0,2.3130629148734334,2.3130629148734334
221,1.0589600356127797,0.21981017276378204,0,1,1.2508931875389055,0.27877020837656175,0.0,1.2434052652529866,0.0,0.0,0.6851918428385453,0.6851918428385453
222,1.4035837266518527,0.4879741249791626,0,1,1.8024020664679137,0.8915578516310152,0.0,12.718006444878581,0.0,0.0,4.701302255707503,4.701302255707503
223,1.1744591954959618,0.1371476586585072,0,1,1.280446168739022,0.311606854154469,0.0,1.553581304896712,0.0,0.0,0.7937534567138491,0.7937534567138491
224,1.0326433778524358,0.38399451671770335,0,1,1.3749741051131252,0.416637894570139,0.0,2.7773941630694123,0.0,0.0,1.2220879570742942,1.2220879570742942
225,1.200620993730852,0.46724268281236164,0,1,1.6010773088888923,0.6678636765432138,0.0,7.136670247133096,0.0,0.0,2.7478345864965834,2.7478345864965834
226,1.2442078573994495,0.16356270947431661,0,1,1.3669935101863895,0.4077705668737661,0.0,2.660429363336841,0.0,0.0,1.1811502771678943,1.1811502771678943
227,0.9908212892543256,0.11027273834035621,1,0,1.0909846248352135,0.10109402759468167,0.0,0.16352003864502815,0.0,0.0,0.30723201352575985,0.30723201352575985
228,0.982996164649315,0.34981532493975587,0,1,1.299530340630164,0.33281148958907103,0.0,1.7722158016399414,0.0,0.0,0.8702755305739794,0.8702755305739794
229,1.2590024320250892,0.11602497835094677,0,1,1.3375246693384324,0.37502741037603604,0.0,2.250328936533692,0.0,0.0,1.0376151277867922,1.0376151277867922
230,1.090308831254832,0.34470719466889277,0,1,1.3915144233313521,0.43501602592372457,0.0,3.0278230849675296,0.0,0.0,1.3097380797386353,1.3097380797386353
231,1.4307852342512035,0.06737616024256234,0,1,1.4483452550443894,0.49816139449376595,0.0,3.9706363994235763,0.0,0.0,1.6397227397982517,1.6397227397982517
232,0.8892608574934974,0.15479520831462434,1,0,1.0396504592273095,0.044056065808121714,0.0,0.03105499095183282,0.0,0.0,0.2608692468331415,0.2608692468331415
233,1.096555589066678,0.4325372740551883,0,1,1.4761835768096798,0.5290928631218663,0.0,4.479028124903904,0.0,0.0,1.8176598437163662,1.8176598437163662
234,1.423502886419513,0.39343268944106946,0,1,1.735242018274524,0.8169355758605823,0.0,10.678139761706579,0.0,0.0,3.9873489165973024,3.9873489165973024
235,0.9676929942393477,0.25628231929136913,1,0,1.201577782177645,0.22397531353071676,0.0,0.8026390571389259,0.0,0.0,0.5309236699986241,0.5309236699986241
236,1.198858671424175,0.15857847441514702,0,1,1.3216934312553899,0.35743714583932196,0.0,2.0441810116121713,0.0,0.0,0.9654633540642599,0.9654633540642599
237,1.1013082140391242,0.3015460533635099,0,1,1.3625688406623706,0.4028542674026341,0.0,2.596664972232208,0.0,0.0,1.1588327402812728,1.1588327402812728
238,1.004662462199124,0.060617083838316,1,0,1.058751591433696,0.06527954603744002,0.0,0.06818270609366801,0.0,0.0,0.2738639471327838,0.2738639471327838
239,1.1450681233588313,0.3965271950902979,0,1,1.4874357866042165,0.5415953184491293,0.0,4.693207823456221,0.0,0.0,1.8926227382096772,1.8926227382096772
240,1.0306974126254458,0.08663942404955557,1,0,1.1056031530075012,0.11733683667500139,0.0,0.2202869318543352,0.0,0.0,0.3271004261490173,0.3271004261490173
241,1.0592335273029807,0.21304781114617563,0,1,1.2450532046042406,0.27228133844915625,0.0,1.1861940362826235,0.0,0.0,0.6651679126989183,0.6651679126989183
242,0.7875215502733878,0.02467797621948957,1,0,1.0,0.0,0.0,0.0,0.0,0.0,0.25,0.25
243,1.2251718789586974,-0.04649169003330064,1,0,1.160812170032857,0.17868018892539683,0.0,0.510825758630648,0.0,0.0,0.4287890155207268,0.4287890155207268
244,0.751191387503762,0.15401957955763043,1,0,1.0,0.0,0.0,0.0,0.0,0.0,0.25,0.25
245,1.1769198112850137,0.003731969849926353,1,0,1.162586603021446,0.18065178113493996,0.0,0.5221610564356199,0.0,0.0,0.432756369752467,0.432756369752467
246,0.9872691238266785,0.1474410978521455,1,0,1.1212391995109416,0.13471022167882407,0.0,0.2903495011961268,0.0,0.0,0.35162232541864435,0.35162232541864435
247,1.1720468946693252,0.09715449328793896,0,1,1.2422812491615378,0.2692013879572641,0.0,1.1595101964498788,0.0,0.0,0.6558285687574577,0.6558285687574577
248,1.0403406071529382,-0.023010945686847473,1,0,1.0155966953194817,0.017329661466090718,0.0,0.0048050746644689515,0.0,0.0,0.25168177613256415,0.25168177613256415
249,0.9368049108936771,-0.04204699287714878,1,0,1.0,0.0,0.0,0.0,0.0,0.0,0.25,0.25
250,1.2205779715008376,0.08446409376730465,0,1,1.274537858741328,0.30504206526814226,0.0,1.488810585328857,0.0,0.0,0.7710837048650999,0.7710837048650999
251,1.1405737239072882,0.17068182370935694,0,1,1.2801299928549807,0.3112555476166452,0.0,1.550080254754203,0.0,0.0,0.792528089163971,0.792528089163971
252,1.0075505920336114,0.01385074111943975,1,0,1.019261199837746,0.02140133315305115,0.0,0.0073282729716461804,0.0,0.0,0.25256489554007616,0.25256489554007616
253,1.169074964263507,-0.059433706778066586,1,0,1.0986771317368964,0.1096412574854404,0.0,0.19233928548781826,0.0,0.0,0.3173187499207364,0.3173187499207364
254,0.9704988708289011,-0.039660418550186455,1,0,1.0,0.0,0.0,0.0,0.0,0.0,0.25,0.25
255,0.8388131629535504,0.05040449081477935,1,0,1.0,0.0,0.0,0.0,0.0,0.0,0.25,0.25
256,0.8602681959044454,-0.05369844590108158,1,0,1.0,0.0,0.0,0.0,0.0,0.0,0.25,0.25
257,1.0413218178287318,-0.04537476478716697,1,0,1.0,0.0,0.0,0.0,0.0,0.0,0.25,0.25
258,0.9790501178526825,0.20847545048702973,1,0,1.1687730115057409,0.18752556833971212,0.0,0.5626534204981126,0.0,0.0,0.4469286971743394,0.4469286971743394
259,0.7815433446134357,0.1139611425148116,1,0,1.0,0.0,0.0,0.0,0.0,0.0,0.25,0.25
260,0.7342983820453254,-0.08526720759882825,1,0,1.0,0.0,0.0,0.0,0.0,0.0,0.25,0.25
261,0.9229676069528878,0.16959081128851625,1,0,1.0833025764172637,0.0925584182414041,0.0,0.13707297259761098,0.0,0.0,0.29797554040916385,0.29797554040916385
262,0.8786495105459441,0.026950781772533378,1,0,1.0,0.0,0.0,0.0,0.0,0.0,0.25,0.25
263,0.9849404454091384,0.22859978169158443,1,0,1.1921862043906504,0.21354022710072273,0.0,0.7295908574436518,0.0,0.0,0.5053568001052782,0.5053568001052782
264,0.7590158659406826,0.12845534228639846,1,0,1.0,0.0,0.0,0.0,0.0,0.0,0.25,0.25
265,0.7819832523080547,0.1432750467846746,1,0,1.0,0.0,0.0,0.0,0.0,0.0,0.25,0.25
266,0.9784112814851693,0.1224848617745034,1,0,1.0908065289337054,0.10089614325967267,0.0,0.16288050759482223,0.0,0.0,0.3070081776581878,0.3070081776581878
267,0.8635421752034829,0.22896416425301988,1,0,1.0832557055108525,0.09250633945650266,0.0,0.13691876543426723,0.0,0.0,0.29792156790199353,0.29792156790199353
268,0.9713613340517737,0.054210815662620954,1,0,1.0230149347429551,0.025572149714394588,0.0,0.010462957456246579,0.0,0.0,0.2536620351096863,0.2536620351096863
269,0.671601932002936,0.202291248602788,1,0,1.0,0.0,0.0,0.0,0.0,0.0,0.25,0.25
270,0.890586717767974,-0.04263362561225554,1,0,1.0,0.0,0.0,0.0,0.0,0.0,0.25,0.25
271,0.9763017173839081,0.21965471153669366,1,0,1.1763607860285417,0.19595642892060172,0.0,0.6143827525650374,0.0,0.0,0.46503396339776304,0.46503396339776304
272,1.135336807710809,0.11912791840965486,0,1,1.2290182535084173,0.2544647261204638,0.0,1.0360367494330023,0.0,0.0,0.6126128623015508,0.6126128623015508
273,1.0341511761665374,-0.06765579303864885,1,0,1.0,0.0,0.0,0.0,0.0,0.0,0.25,0.25
274,0.6794367329597193,-0.09344773773851736,1,0,1.0,0.0,0.0,0.0,0.0,0.0,0.25,0.25
275,1.0322577629494507,0.20716284611432303,1,0,1.2154785481573964,0.23942060906377383,0.0,0.9171556487114947,0.0,0.0,0.5710044770490231,0.5710044770490231
276,1.1624277700559673,0.04562592917727626,1,0,1.1872483293099192,0.20805369923324357,0.0,0.6925814682341916,0.0,0.0,0.49240351388196707,0.49240351388196707
277,1.2087078603835197,-0.06256358062077133,1,0,1.1315298517864736,0.14614427976274835,0.0,0.34173040811795935,0.0,0.0,0.3696056428412858,0.3696056428412858
278,1.076492776591028,-0.037766143927506365,1,0,1.0348539693971694,0.03872663266352161,0.0,0.02399603323928542,0.0,0.0,0.2583986116337499,0.2583986116337499
279,1.112708586491491,0.051195515029922006,1,0,1.1475136913692716,0.16390410152141288,0.0,0.4298328719286659,0.0,0.0,0.4004415051750331,0.4004415051750331
280,0.8206396199794699,0.200483382784252,1,0,1.0190107024873498,0.02112300276372192,0.0,0.007138899932099262,0.0,0.0,0.2524986149762347,0.2524986149762347
281,0.7595769710942687,-0.05136102059972018,1,0,1.0,0.0,0.0,0.0,0.0,0.0,0.25,0.25
282,1.135503330040604,0.08864698825787895,1,0,1.2017352864686346,0.22415031829848298,0.0,0.8038938430929797,0.0,0.0,0.531362845082543,0.531362845082543
283,0.7833258770533373,0.17873168120304803,1,0,1.0,0.0,0.0,0.0,0.0,0.0,0.25,0.25
284,0.6573751140971564,0.19973177892333885,1,0,1.0,0.0,0.0,0.0,0.0,0.0,0.25,0.25
285,1.1419045717495484,0.21750370074788763,0,1,1.3234674452476924,0.3594082724974361,0.0,2.0667889014334606,0.0,0.0,0.9733761155017112,0.9733761155017112
286,0.972107208652615,0.1389633264820317,1,0,1.0999634816211818,0.1110705351346466,0.0,0.19738662040154822,0.0,0.0,0.3190853171405419,0.3190853171405419
287,1.2368463838878148,-0.04114597888121641,1,0,1.1761303645059384,0.19570040500659824,0.0,0.6127783763159453,0.0,0.0,0.46447243171058084,0.46447243171058084
288,0.7160868583122835,-0.00908208783200544,1,0,1.0,0.0,0.0,0.0,0.0,0.0,0.25,0.25
289,1.1878840884475577,0.17727060095635852,0,1,1.3286392204635247,0.36515468940391616,0.0,2.1334071550987277,0.0,0.0,0.9966925042845547,0.9966925042845547
290,1.1918806733356213,-0.024496820946197095,1,0,1.1506454671504818,0.16738385238942421,0.0,0.44827766465159286,0.0,0.0,0.4068971826280575,0.4068971826280575
291,1.0214038344562089,0.026697760480075522,1,0,1.043291435442656,0.04810159493628441,0.0,0.03702021496663011,0.0,0.0,0.2629570752383205,0.2629570752383205
292,0.9303845649257512,0.22884416116329206,1,0,1.143305853480139,0.15922872608904326,0.0,0.40566059539103305,0.0,0.0,0.39198120838686157,0.39198120838686157
293,0.8347278121626652,0.18354379505794252,1,0,1.016444446498547,0.018271607220607722,0.0,0.005341626086786628,0.0,0.0,0.25186956913037534,0.25186956913037534
294,0.8091653705890473,-0.005841495989565446,1,0,1.0,0.0,0.0,0.0,0.0,0.0,0.25,0.25
295,0.8525637494746423,-0.03790404562878205,1,0,1.0,0.0,0.0,0.0,0.0,0.0,0.25,0.25
296,1.1912490378095717,0.1829935010335191,0,1,1.3368182849587817,0.3742425388430908,0.0,2.240919646075557,0.0,0.0,1.034321876126445,1.034321876126445
297,0.8142367931172396,-0.0489191729709976,1,0,1.0,0.0,0.0,0.0,0.0,0.0,0.25,0.25
298,1.248736075832388,-0.09359255798043561,1,0,1.1396291660667572,0.15514351785195246,0.0,0.3851121781036655,0.0,0.0,0.3847892623362829,0.3847892623362829
299,1.2086900101815363,0.13378902535573348,0,1,1.308231131983543,0.34247903553726977,0.0,1.8766702365206158,0.0,0.0,0.9068345827822155,0.9068345827822155
300,1.5490207764747983,0.336439013400857,0,1,1.7969138108880898,0.8854597898756553,0.0,12.544624631786235,0.0,0.0,4.640618621125181,4.640618621125181
301,1.259194534508714,0.4477380511838379,0,1,1.6362393271232967,0.7069325856925519,0.0,7.996058891423316,0.0,0.0,3.0486206119981607,3.0486206119981607
302,1.2597033153101411,0.46483750955521486,0,1,1.6520867423788204,0.724540824865356,0.0,8.399350510345128,0.0,0.0,3.1897726786207947,3.1897726786207947
303,1.465052371022273,0.29673534200919144,0,1,1.6856089417283178,0.7617877130314643,0.0,9.285128315611338,0.0,0.0,3.4997949104639683,3.4997949104639683
304,1.5952061011321723,0.2560474160813508,0,1,1.7661281654921708,0.8512535172135232,0.0,11.594120809094303,0.0,0.0,4.307942283183006,4.307942283183006
305,1.4010674858514673,0.24787472194596238,0,1,1.584047987017687,0.6489422077974298,0.0,6.738015824976042,0.0,0.0,2.6083055387416145,2.6083055387416145
306,1.4705389235549853,0.3657000102162184,0,1,1.7526150403940832,0.8362389337712037,0.0,11.188728869676794,0.0,0.0,4.166055104386878,4.166055104386878
307,1.2438956441661841,0.4691920420217698,0,1,1.6417789175691584,0.7130876861879538,0.0,8.135904771086235,0.0,0.0,3.097566669880182,3.097566669880182
308,1.1183691133907716,0.4570817454751519,0,1,1.517905772979331,0.5754508588659235,0.0,5.298299055512464,0.0,0.0,2.1044046694293623,2.1044046694293623
309,1.2592222398507833,0.3606363188132391,0,1,1.5578727027976202,0.6198585586640224,0.0,6.147594123984629,0.0,0.0,2.40165794339462,2.40165794339462
310,1.464714408299253,0.4353466605402384,0,1,1.8100549619555424,0.9000610688394914,0.0,12.961758842247804,0.0,0.0,4.786615594786731,4.786615594786731
311,1.6331896897492535,0.38424349907303856,0,1,1.9156898699400629,1.017433188822292,0.0,16.562724699473566,0.0,0.0,6.046953644815748,6.046953644815748
312,1.5076061895027368,0.3746209373019361,0,1,1.7940044141242057,0.8822271268046729,0.0,12.453195252320453,0.0,0.0,4.608618338312159,4.608618338312159
313,1.6194615176465388,0.3667545196466355,0,1,1.8875944335638568,0.9862160372931743,0.0,15.561953155428029,0.0,0.0,5.6966836043998095,5.6966836043998095
314,1.493553039698098,0.43266191768455564,0,1,1.8335934616443883,0.9262149573826537,0.0,13.725986356469615,0.0,0.0,5.054095224764365,5.054095224764365
315,1.3945335744389142,0.4681779352002228,0,1,1.7764403586752233,0.8627115096391371,0.0,11.908338381821423,0.0,0.0,4.417918433637498,4.417918433637498
316,1.126825669695071,0.36531190044402173,0,1,1.4429238131251834,0.49213757013909265,0.0,3.8751902070785653,0.0,0.0,1.6063165724774977,1.6063165724774977
317,1.3133531957001654,0.3865718409348321,0,1,1.6299325329714978,0.6999250366349976,0.0,7.838320910536044,0.0,0.0,2.993412318687615,2.993412318687615
318,1.4364292557559648,0.2976562765403062,0,1,1.6606769790666438,0.7340855322962709,0.0,8.622105099627191,0.0,0.0,3.2677367848695167,3.2677367848695167
319,1.343931489819462,0.41412364664462314,0,1,1.6822496228176766,0.7580551364640853,0.0,9.194361438713328,0.0,0.0,3.4680265035496647,3.4680265035496647
320,1.3008419785887446,0.4717039345941939,0,1,1.6952913218646448,0.7725459131829386,0.0,9.54923500761057,0.0,0.0,3.592232252663699,3.592232252663699
321,1.3912743597566186,0.5201672146713027,0,1,1.8202974169851291,0.9114415744279212,0.0,13.291611897530364,0.0,0.0,4.902064164135627,4.902064164135627
322,1.406804572548626,0.6152583594944918,0,1,1.919856638838806,1.0220629320431178,0.0,16.7138021929052,0.0,0.0,6.099830767516819,6.099830767516819
323,1.358793484687025,0.6446638362112768,0,1,1.9031115888084718,1.0034573208983018,0.0,16.110825517830357,0.0,0.0,5.888788931240624,5.888788931240624
324,1.067150315950935,0.46684769528570724,0,1,1.480598210112978,0.5339980112366423,0.0,4.562462016075026,0.0,0.0,1.8468617056262588,1.8468617056262588
325,1.68062404838942,0.24524461466369635,0,1,1.8332817967478046,0.9258686630531163,0.0,13.71572449958024,0.0,0.0,5.050503574853083,5.050503574853083
326,1.6278075625882584,0.3325076480472572,0,1,1.8642836895719643,0.9603152106355157,0.0,14.75528486044696,0.0,0.0,5.414349701156436,5.414349701156436
327,1.1163792921250162,0.3902494753886443,0,1,1.4559658907622945,0.5066287675136605,0.0,4.106763329158571,0.0,0.0,1.6873671652054996,1.6873671652054996
328,0.973806950810917,0.5092395978775237,0,1,1.4347418938195968,0.48304654868844077,0.0,3.7333434911970267,0.0,0.0,1.5566702219189592,1.5566702219189592
329,1.5767942285792151,0.4840409067433513,0,1,1.9547516217903098,1.0608351353225665,0.0,18.005938949357567,0.0,0.0,6.5520786322751485,6.5520786322751485
330,1.4820189537602,0.5440314330902423,0,1,1.923445348165398,1.026050386850442,0.0,16.844470341695068,0.0,0.0,6.145564619593274,6.145564619593274
331,1.5374609605325027,0.30080939867645606,0,1,1.7544433232880627,0.8382703592089586,0.0,11.243155122053064,0.0,0.0,4.185104292718572,4.185104292718572
332,1.3886783966212444,0.35678381046323554,0,1,1.670915986376032,0.7454622070844799,0.0,8.891422435060223,0.0,0.0,3.361997852271078,3.361997852271078
333,1.404643943133295,0.44943956001996455,0,1,1.7686751528379339,0.8540835031532596,0.0,11.671338085736705,0.0,0.0,4.334968330007847,4.334968330007847
334,1.5339100484565948,0.3312992719907506,0,1,1.7786883884026108,0.8652093204473454,0.0,11.977394691023317,0.0,0.0,4.442088141858161,4.442088141858161
335,1.4883330076888395,0.3240422927675337,0,1,1.731137770410736,0.8123753004563732,0.0,10.559258060665321,0.0,0.0,3.9457403212328623,3.9457403212328623
336,1.3737711804172346,0.33781425271325494,0,1,1.6404268898174408,0.7115854331304896,0.0,8.101661258296105,0.0,0.0,3.0855814404036366,3.0855814404036366
337,1.5813432150372417,0.4420125387199293,0,1,1.921020178381454,1.023355753757171,0.0,16.75611197996652,0.0,0.0,6.114639192988282,6.114639192988282
338,1.2768723972594542,0.5335279675737913,0,1,1.7293603283499208,0.8104003648332454,0.0,10.507980021149717,0.0,0.0,3.9277930074024003,3.9277930074024003
339,1.1936761258687651,0.22632787968139104,0,1,1.3780036049951405,0.42000400555015616,0.0,2.8224538348508097,0.0,0.0,1.2378588421977832,1.2378588421977832
340,0.9821961816129628,0.0974000566551953,1,0,1.0716366144413423,0.07959623826815809,0.0,0.10136897834306231,0.0,0.0,0.28547914242007183,0.28547914242007183
341,0.9772563855514497,-0.018526368532535073,1,0,1.0,0.0,0.0,0.0,0.0,0.0,0.25,0.25
342,1.20644471281696,-0.05990784387933502,1,0,1.1318831820438624,0.14653686893762496,0.0,0.3435688633286828,0.0,0.0,0.370249102165039,0.370249102165039
343,0.9209255537257433,0.23689445961242958,1,0,1.1420380120043556,0.15782001333817286,0.0,0.39851450576097697,0.0,0.0,0.3894800770163419,0.3894800770163419
344,0.8471712704231261,0.1084340370136464,1,0,1.0,0.0,0.0,0.0,0.0,0.0,0.25,0.25
345,0.9009907748282169,0.13581079633595666,1,0,1.0331214140477563,0.036801571164173597,0.0,0.021669690242427736,0.0,0.0,0.2575843915848497,0.2575843915848497
346,1.059720731396989,0.06672211979277448,1,0,1.1137985660707872,0.1264428511897635,0.0,0.25580471387194686,0.0,0.0,0.3395316498551814,0.3395316498551814
347,0.8404772222792183,0.19231783664990856,1,0,1.0295155530362141,0.03279505892912682,0.0,0.017208254242638412,0.0,0.0,0.2560228889849234,0.2560228889849234
348,0.7148334345397006,0.16024612797499985,1,0,1.0,0.0,0.0,0.0,0.0,0.0,0.25,0.25
349,0.7172865725992424,0.18885700737023584,1,0,1.0,0.0,0.0,0.0,0.0,0.0,0.25,0.25
350,0.9260999607400606,0.08378760468505594,1,0,1.0088988088826047,0.009887565425116485,0.0,0.0015642232005753428,0.0,0.0,0.2505474781202014,0.2505474781202014
351,0.9433816429618491,0.17236632003420174,1,0,1.1041731666964458,0.11574796299605095,0.0,0.21436145500376286,0.0,0.0,0.325026509251317,0.325026509251317
352,0.7535683139951431,0.018325968773432053,1,0,1.0,0.0,0.0,0.0,0.0,0.0,0.25,0.25
353,1.2102344599361143,0.12532309709831552,0,1,1.3020018013309869,0.3355575570344298,0.0,1.8015819853266337,0.0,0.0,0.8805536948643218,0.8805536948643218
354,0.8738370312653754,-0.04476866093296717,1,0,1.0,0.0,0.0,0.0,0.0,0.0,0.25,0.25
355,0.8016269909647632,0.030032492306728692,1,0,1.0,0.0,0.0,0.0,0.0,0.0,0.25,0.25
356,0.8942370978815627,0.19509413703786468,1,0,1.0803981114274845,0.0893312349194273,0.0,0.1276811125156785,0.0,0.0,0.29468838938048747,0.29468838938048747
357,1.2245072272768036,0.23373059598947468,0,1,1.4124140409396504,0.45823782326627827,0.0,3.35971044274907,0.0,0.0,1.4258986549621744,1.4258986549621744
358,0.7867496418815346,0.146042658388384,1,0,1.0,0.0,0.0,0.0,0.0,0.0,0.25,0.25
359,0.9066286148541054,0.05324814727571295,1,0,1.0,0.0,0.0,0.0,0.0,0.0,0.25,0.25
