n,scenario,seed,dt,t,node,policy,served_units,service,requester_service,requester_deficit,other_served_units,recovered,restricted_recovery_time,full_final_recovery,attempts,swaps,messages,fee,harmful,helpful,tail_longer4,lost_recovery,gained_recovery
96,mixed,24000,0.2,40.0,30,persistent,0.0,0.0,0.0,0.0,0.0,0.0,0.0,0.0,0.0,0.0,0.0,0.0,0,0,0,0,0
96,mixed,24000,0.2,40.0,30,pulse8,2.7640569659426433,0.004732311887531426,0.0,0.0,2.7640569659426433,0.0,0.0,0.0,5.0,1.0,128.0,0.12,0,1,0,0,0
96,mixed,24000,0.2,40.0,30,pulse16,0.0,0.0,0.0,0.0,0.0,0.0,0.0,0.0,2.0,0.0,48.0,0.0,0,0,0,0,0
96,mixed,24000,0.2,76.0,27,persistent,0.0,0.0,0.0,0.0,0.0,0.0,0.0,0.0,0.0,0.0,0.0,0.0,0,0,0,0,0
96,mixed,24000,0.2,76.0,27,pulse8,3.0719178149149116,0.005892456465926177,0.0,0.0,3.0719178149149116,0.0,0.0,0.0,5.0,5.0,160.0,0.6,0,1,0,0,0
96,mixed,24000,0.2,76.0,27,pulse16,2.8596542114295858,0.005485299074942218,0.0,0.0,2.8596542114295858,0.0,0.0,0.0,2.0,2.0,64.0,0.24,0,1,0,0,0
96,mixed,24000,0.2,88.0,30,persistent,0.0,0.0,0.0,0.0,0.0,0.0,0.0,0.0,0.0,0.0,0.0,0.0,0,0,0,0,0
96,mixed,24000,0.2,88.0,30,pulse8,-1.9014327206430153,-0.003647268645950774,0.0,0.0,-1.9014327206430153,0.0,0.0,0.0,5.0,1.0,128.0,0.12,1,0,0,0,0
96,mixed,24000,0.2,88.0,30,pulse16,-1.9014327206430153,-0.003647268645950774,0.0,0.0,-1.9014327206430153,0.0,0.0,0.0,2.0,1.0,56.0,0.12,1,0,0,0,0
96,mixed,24001,0.2,40.0,50,persistent,0.0,0.0,0.0,0.0,0.0,0.0,0.0,0.0,3.0,0.0,72.0,0.0,0,0,0,0,0
96,mixed,24001,0.2,40.0,50,pulse8,0.0,0.0,0.0,0.0,0.0,0.0,0.0,0.0,5.0,0.0,120.0,0.0,0,0,0,0,0
96,mixed,24001,0.2,40.0,50,pulse16,0.0,0.0,0.0,0.0,0.0,0.0,0.0,0.0,2.0,0.0,48.0,0.0,0,0,0,0,0
96,mixed,24001,0.2,76.0,51,persistent,0.0,0.0,0.0,0.0,0.0,0.0,0.0,0.0,0.0,0.0,0.0,0.0,0,0,0,0,0
96,mixed,24001,0.2,76.0,51,pulse8,0.0,0.0,0.0,0.0,0.0,0.0,0.0,0.0,5.0,0.0,120.0,0.0,0,0,0,0,0
96,mixed,24001,0.2,76.0,51,pulse16,0.0,0.0,0.0,0.0,0.0,0.0,0.0,0.0,2.0,0.0,48.0,0.0,0,0,0,0,0
96,mixed,24001,0.2,100.0,70,persistent,0.0,0.0,0.0,0.0,0.0,0.0,0.0,0.0,0.0,0.0,0.0,0.0,0,0,0,0,0
96,mixed,24001,0.2,100.0,70,pulse8,0.020699959207547636,3.998769023327853e-05,0.0,0.0,0.020699959207547636,0.0,0.0,0.0,5.0,1.0,128.0,0.12,0,1,0,0,0
96,mixed,24001,0.2,100.0,70,pulse16,0.0,0.0,0.0,0.0,0.0,0.0,0.0,0.0,2.0,0.0,48.0,0.0,0,0,0,0,0
96,mixed,24002,0.2,64.0,15,persistent,0.0,0.0,0.0,0.0,0.0,0.0,0.0,0.0,0.0,0.0,0.0,0.0,0,0,0,0,0
96,mixed,24002,0.2,64.0,15,pulse8,0.2653848980551743,0.0005071823787647922,0.0,0.0,0.2653848980551743,0.0,0.0,0.0,5.0,2.0,136.0,0.24,0,1,0,0,0
96,mixed,24002,0.2,64.0,15,pulse16,0.3772217292959681,0.0007209159804801857,0.0,0.0,0.3772217292959681,0.0,0.0,0.0,2.0,1.0,56.0,0.12,0,1,0,0,0
96,mixed,24002,0.2,76.0,65,persistent,0.0,0.0,0.0,0.0,0.0,0.0,0.0,0.0,0.0,0.0,0.0,0.0,0,0,0,0,0
96,mixed,24002,0.2,76.0,65,pulse8,0.0,0.0,0.0,0.0,0.0,0.0,0.0,0.0,5.0,0.0,120.0,0.0,0,0,0,0,0
96,mixed,24002,0.2,76.0,65,pulse16,0.0,0.0,0.0,0.0,0.0,0.0,0.0,0.0,2.0,0.0,48.0,0.0,0,0,0,0,0
96,mixed,24002,0.2,100.0,25,persistent,0.0,0.0,0.0,0.0,0.0,0.0,0.0,0.0,0.0,0.0,0.0,0.0,0,0,0,0,0
96,mixed,24002,0.2,100.0,25,pulse8,0.4932170128593043,0.0009476191015247437,0.0,0.0,0.4932170128593043,0.0,0.0,0.0,5.0,5.0,160.0,0.6,0,1,0,0,0
96,mixed,24002,0.2,100.0,25,pulse16,0.4882262810356224,0.0009380303957757796,0.0,0.0,0.4882262810356224,0.0,0.0,0.0,2.0,2.0,64.0,0.24,0,1,0,0,0
96,mixed,24003,0.2,52.0,51,persistent,0.0,0.0,0.0,0.0,0.0,0.0,0.0,0.0,2.0,0.0,48.0,0.0,0,0,0,0,0
96,mixed,24003,0.2,52.0,51,pulse8,0.0,0.0,0.0,0.0,0.0,0.0,0.0,0.0,5.0,0.0,120.0,0.0,0,0,0,0,0
96,mixed,24003,0.2,52.0,51,pulse16,0.0,0.0,0.0,0.0,0.0,0.0,0.0,0.0,2.0,0.0,48.0,0.0,0,0,0,0,0
96,mixed,24003,0.2,88.0,53,persistent,0.0,0.0,0.0,0.0,0.0,0.0,0.0,0.0,0.0,0.0,0.0,0.0,0,0,0,0,0
96,mixed,24003,0.2,88.0,53,pulse8,0.0,0.0,0.0,0.0,0.0,0.0,0.0,0.0,5.0,0.0,120.0,0.0,0,0,0,0,0
96,mixed,24003,0.2,88.0,53,pulse16,0.0,0.0,0.0,0.0,0.0,0.0,0.0,0.0,2.0,0.0,48.0,0.0,0,0,0,0,0
96,mixed,24004,0.2,52.0,44,persistent,0.0,0.0,0.0,0.0,0.0,0.0,0.0,0.0,0.0,0.0,0.0,0.0,0,0,0,0,0
96,mixed,24004,0.2,52.0,44,pulse8,-0.731451049820464,-0.0013369585416803664,0.0,0.0,-0.731451049820464,0.0,0.0,0.0,5.0,1.0,128.0,0.12,1,0,0,0,0
96,mixed,24004,0.2,52.0,44,pulse16,-0.12583824234104668,-0.00023000925763827507,0.0,0.0,-0.12583824234104668,0.0,0.0,0.0,2.0,1.0,56.0,0.12,1,0,0,0,0
96,mixed,24004,0.2,100.0,0,persistent,0.0,0.0,0.0,0.0,0.0,0.0,0.0,0.0,0.0,0.0,0.0,0.0,0,0,0,0,0
96,mixed,24004,0.2,100.0,0,pulse8,-0.30154124574949037,-0.000587540370096451,0.0,0.0,-0.30154124574949037,0.0,0.0,0.0,5.0,1.0,128.0,0.12,1,0,0,0,0
96,mixed,24004,0.2,100.0,0,pulse16,-0.004746206058939606,-9.247781866394966e-06,0.0,0.0,-0.004746206058939606,0.0,0.0,0.0,2.0,2.0,64.0,0.24,0,0,0,0,0
96,mixed,24005,0.2,40.0,31,persistent,0.0,0.0,0.0,0.0,0.0,0.0,0.0,0.0,5.0,0.0,120.0,0.0,0,0,0,0,0
96,mixed,24005,0.2,40.0,31,pulse8,0.0,0.0,0.0,0.0,0.0,0.0,0.0,0.0,5.0,0.0,120.0,0.0,0,0,0,0,0
96,mixed,24005,0.2,40.0,31,pulse16,0.0,0.0,0.0,0.0,0.0,0.0,0.0,0.0,2.0,0.0,48.0,0.0,0,0,0,0,0
96,mixed,24005,0.2,76.0,4,persistent,0.0,0.0,0.0,0.0,0.0,0.0,0.0,0.0,0.0,0.0,0.0,0.0,0,0,0,0,0
96,mixed,24005,0.2,76.0,4,pulse8,0.45631493824549807,0.0008849671008135385,0.0,0.0,0.45631493824549807,0.0,0.0,0.0,5.0,3.0,144.0,0.36,0,1,0,0,0
96,mixed,24005,0.2,76.0,4,pulse16,-0.11747680834770335,-0.00022783192436348632,0.0,0.0,-0.11747680834770335,0.0,0.0,0.0,2.0,1.0,56.0,0.12,1,0,0,0,0
96,mixed,24005,0.2,100.0,3,persistent,0.0,0.0,0.0,0.0,0.0,0.0,0.0,0.0,0.0,0.0,0.0,0.0,0,0,0,0,0
96,mixed,24005,0.2,100.0,3,pulse8,0.0,0.0,0.0,0.0,0.0,0.0,0.0,0.0,5.0,4.0,152.0,0.48,0,0,0,0,0
96,mixed,24005,0.2,100.0,3,pulse16,0.0,0.0,0.0,0.0,0.0,0.0,0.0,0.0,2.0,2.0,64.0,0.24,0,0,0,0,0
96,mixed,24006,0.2,52.0,78,persistent,2.6960909556282786,0.004856757218247965,0.5648646250157114,-4.350689165673856,-1.654598210045549,1.0,-40.0,0.0,1.0,1.0,32.0,0.12,0,1,0,0,1
96,mixed,24006,0.2,52.0,78,pulse8,2.6960909556282786,0.004856757218247965,0.5648646250157114,-4.350689165673856,-1.654598210045549,1.0,-40.0,0.0,5.0,1.0,128.0,0.12,0,1,0,0,1
96,mixed,24006,0.2,52.0,78,pulse16,-0.1424667847412593,-0.00025664066848651856,0.4270119688645008,-3.2889231583588225,-3.4313899431000436,1.0,-32.0,0.0,2.0,2.0,64.0,0.24,1,0,0,0,1
96,mixed,24006,0.2,64.0,53,persistent,0.0,0.0,0.0,0.0,0.0,0.0,0.0,0.0,0.0,0.0,0.0,0.0,0,0,0,0,0
96,mixed,24006,0.2,64.0,53,pulse8,0.5876795175848883,0.0011308543996418896,0.0,0.0,0.5876795175848883,0.0,0.0,0.0,5.0,1.0,128.0,0.12,0,1,0,0,0
96,mixed,24006,0.2,64.0,53,pulse16,-0.31685471913283436,-0.0006097142106487041,0.0,0.0,-0.31685471913283436,0.0,0.0,0.0,2.0,1.0,56.0,0.12,1,0,0,0,0
96,mixed,24006,0.2,88.0,80,persistent,0.0,0.0,0.0,0.0,0.0,0.0,0.0,0.0,0.0,0.0,0.0,0.0,0,0,0,0,0
96,mixed,24006,0.2,88.0,80,pulse8,0.0,0.0,0.0,0.0,0.0,0.0,0.0,0.0,5.0,0.0,120.0,0.0,0,0,0,0,0
96,mixed,24006,0.2,88.0,80,pulse16,0.0,0.0,0.0,0.0,0.0,0.0,0.0,0.0,2.0,0.0,48.0,0.0,0,0,0,0,0
96,mixed,24006,0.2,100.0,78,persistent,0.0,0.0,0.0,0.0,0.0,0.0,0.0,0.0,0.0,0.0,0.0,0.0,0,0,0,0,0
96,mixed,24006,0.2,100.0,78,pulse8,0.6800886205265897,0.0013161551260956195,0.0,0.0,0.6800886205265897,0.0,0.0,0.0,5.0,1.0,128.0,0.12,0,1,0,0,0
96,mixed,24006,0.2,100.0,78,pulse16,-2.5609994543580115,-0.004956225494806343,-0.12409791946450821,0.9558245458934254,-1.605174908464619,0.0,32.0,0.0,2.0,2.0,64.0,0.24,1,0,1,0,0
96,mixed,24007,0.2,88.0,2,persistent,0.0,0.0,0.0,0.0,0.0,0.0,0.0,0.0,0.0,0.0,0.0,0.0,0,0,0,0,0
96,mixed,24007,0.2,88.0,2,pulse8,-0.0973871913174662,-0.0001893578611575908,0.0,0.0,-0.0973871913174662,0.0,0.0,0.0,5.0,4.0,152.0,0.48,1,0,0,0,0
96,mixed,24007,0.2,88.0,2,pulse16,0.14035128416105636,0.0002728964519863597,0.0,0.0,0.14035128416105636,0.0,0.0,0.0,2.0,2.0,64.0,0.24,0,1,0,0,0
96,mixed,24007,0.2,100.0,88,persistent,0.0,0.0,0.0,0.0,0.0,0.0,0.0,0.0,0.0,0.0,0.0,0.0,0,0,0,0,0
96,mixed,24007,0.2,100.0,88,pulse8,0.0,0.0,0.0,0.0,0.0,0.0,0.0,0.0,5.0,0.0,120.0,0.0,0,0,0,0,0
96,mixed,24007,0.2,100.0,88,pulse16,0.0,0.0,0.0,0.0,0.0,0.0,0.0,0.0,2.0,0.0,48.0,0.0,0,0,0,0,0
96,mixed,24008,0.2,40.0,27,persistent,0.0,0.0,0.0,0.0,0.0,0.0,0.0,0.0,5.0,0.0,120.0,0.0,0,0,0,0,0
96,mixed,24008,0.2,40.0,27,pulse8,0.0,0.0,0.0,0.0,0.0,0.0,0.0,0.0,5.0,0.0,120.0,0.0,0,0,0,0,0
96,mixed,24008,0.2,40.0,27,pulse16,0.0,0.0,0.0,0.0,0.0,0.0,0.0,0.0,2.0,0.0,48.0,0.0,0,0,0,0,0
96,mixed,24008,0.2,76.0,42,persistent,0.0,0.0,0.0,0.0,0.0,0.0,0.0,0.0,0.0,0.0,0.0,0.0,0,0,0,0,0
96,mixed,24008,0.2,76.0,42,pulse8,2.1618115582124915,0.00415991060513532,0.0,0.0,2.1618115582124915,0.0,0.0,0.0,5.0,2.0,136.0,0.24,0,1,0,0,0
96,mixed,24008,0.2,76.0,42,pulse16,2.2770496058329854,0.0043816598018172614,0.0,0.0,2.2770496058329854,0.0,0.0,0.0,2.0,1.0,56.0,0.12,0,1,0,0,0
96,mixed,24008,0.2,88.0,4,persistent,0.0,0.0,0.0,0.0,0.0,0.0,0.0,0.0,0.0,0.0,0.0,0.0,0,0,0,0,0
96,mixed,24008,0.2,88.0,4,pulse8,-0.03958135187122025,-7.61652350266262e-05,0.0,0.0,-0.03958135187122025,0.0,0.0,0.0,5.0,2.0,136.0,0.24,1,0,0,0,0
96,mixed,24008,0.2,88.0,4,pulse16,-0.02234382133588042,-4.299556035824992e-05,0.0,0.0,-0.02234382133588042,0.0,0.0,0.0,2.0,1.0,56.0,0.12,1,0,0,0,0
96,mixed,24008,0.2,100.0,42,persistent,0.0,0.0,0.0,0.0,0.0,0.0,0.0,0.0,0.0,0.0,0.0,0.0,0,0,0,0,0
96,mixed,24008,0.2,100.0,42,pulse8,2.7265176227321035,0.005246557929993623,0.0,0.0,2.7265176227321035,0.0,0.0,0.0,5.0,1.0,128.0,0.12,0,1,0,0,0
96,mixed,24008,0.2,100.0,42,pulse16,-1.742444009957694,-0.003352933926336621,0.0,0.0,-1.742444009957694,0.0,0.0,0.0,2.0,1.0,56.0,0.12,1,0,0,0,0
96,mixed,24009,0.2,88.0,31,persistent,0.0,0.0,0.0,0.0,0.0,0.0,0.0,0.0,0.0,0.0,0.0,0.0,0,0,0,0,0
96,mixed,24009,0.2,88.0,31,pulse8,-0.8756256772463757,-0.0016866789865787046,0.0010259398219475413,-0.007904820932759016,-0.883530498179141,0.0,0.0,0.0,5.0,2.0,136.0,0.24,1,0,0,0,0
96,mixed,24009,0.2,88.0,31,pulse16,-1.0984424130687103,-0.0021158810028459873,0.0010259398219475413,-0.007904820932759016,-1.1063472340014755,0.0,0.0,0.0,2.0,2.0,64.0,0.24,1,0,0,0,0
96,mixed,24010,0.2,64.0,60,persistent,0.0,0.0,0.0,0.0,0.0,0.0,0.0,0.0,0.0,0.0,0.0,0.0,0,0,0,0,0
96,mixed,24010,0.2,64.0,60,pulse8,-1.0966408442823763,-0.0021116341428684127,0.0,0.0,-1.0966408442823763,0.0,0.0,0.0,5.0,5.0,160.0,0.6,1,0,0,0,0
96,mixed,24010,0.2,64.0,60,pulse16,-1.8083382591581199,-0.0034820413901255343,0.0,0.0,-1.8083382591581199,0.0,0.0,0.0,2.0,2.0,64.0,0.24,1,0,0,0,0
96,mixed,24010,0.2,100.0,72,persistent,1.0314969197463597,0.0019962037846165126,0.2383876728039499,-1.7922032067506821,-0.7607062870043251,1.0,-40.0,0.0,1.0,1.0,32.0,0.12,0,1,0,0,1
96,mixed,24010,0.2,100.0,72,pulse8,3.2556872023806704,0.006300566672092445,0.2383876728039499,-1.7922032067506821,1.4634839956299857,1.0,-40.0,0.0,5.0,2.0,136.0,0.24,0,1,0,0,1
96,mixed,24010,0.2,100.0,72,pulse16,0.6184949964241468,0.001196942064482176,0.19489720729719762,-1.4652410327947232,-0.8467460363705754,1.0,-32.0,0.0,2.0,1.0,56.0,0.12,0,1,0,0,1
96,mixed,24011,0.2,88.0,87,persistent,0.0,0.0,0.0,0.0,0.0,0.0,0.0,0.0,0.0,0.0,0.0,0.0,0,0,0,0,0
96,mixed,24011,0.2,88.0,87,pulse8,0.9468912398220937,0.0018183627399319668,0.0,0.0,0.9468912398220937,0.0,0.0,0.0,5.0,3.0,144.0,0.36,0,1,0,0,0
96,mixed,24011,0.2,88.0,87,pulse16,0.6451103275181822,0.0012388377179672894,0.0,0.0,0.6451103275181822,0.0,0.0,0.0,2.0,2.0,64.0,0.24,0,1,0,0,0
96,mixed,24012,0.2,40.0,46,persistent,0.0,0.0,0.0,0.0,0.0,0.0,0.0,0.0,5.0,0.0,120.0,0.0,0,0,0,0,0
96,mixed,24012,0.2,40.0,46,pulse8,0.0,0.0,0.0,0.0,0.0,0.0,0.0,0.0,5.0,0.0,120.0,0.0,0,0,0,0,0
96,mixed,24012,0.2,40.0,46,pulse16,0.0,0.0,0.0,0.0,0.0,0.0,0.0,0.0,2.0,0.0,48.0,0.0,0,0,0,0,0
96,mixed,24012,0.2,52.0,44,persistent,0.0,0.0,0.0,0.0,0.0,0.0,0.0,0.0,2.0,0.0,48.0,0.0,0,0,0,0,0
96,mixed,24012,0.2,52.0,44,pulse8,0.0,0.0,0.0,0.0,0.0,0.0,0.0,0.0,5.0,0.0,120.0,0.0,0,0,0,0,0
96,mixed,24012,0.2,52.0,44,pulse16,0.0,0.0,0.0,0.0,0.0,0.0,0.0,0.0,2.0,0.0,48.0,0.0,0,0,0,0,0
96,mixed,24012,0.2,64.0,41,persistent,0.0,0.0,0.0,0.0,0.0,0.0,0.0,0.0,0.0,0.0,0.0,0.0,0,0,0,0,0
96,mixed,24012,0.2,64.0,41,pulse8,2.2208691249115873,0.004254107853992384,0.0,0.0,2.2208691249115873,0.0,0.0,0.0,5.0,1.0,128.0,0.12,0,1,0,0,0
96,mixed,24012,0.2,64.0,41,pulse16,2.000905330164869,0.0038327639322233154,0.0,0.0,2.000905330164869,0.0,0.0,0.0,2.0,2.0,64.0,0.24,0,1,0,0,0
96,mixed,24012,0.2,76.0,70,persistent,0.0,0.0,0.0,0.0,0.0,0.0,0.0,0.0,0.0,0.0,0.0,0.0,0,0,0,0,0
96,mixed,24012,0.2,76.0,70,pulse8,-0.08950429512196934,-0.00017245830706713594,0.0,0.0,-0.08950429512196934,0.0,0.0,0.0,5.0,1.0,128.0,0.12,1,0,0,0,0
96,mixed,24012,0.2,76.0,70,pulse16,-0.08950429512196934,-0.00017245830706713594,0.0,0.0,-0.08950429512196934,0.0,0.0,0.0,2.0,1.0,56.0,0.12,1,0,0,0,0
96,mixed,24012,0.2,100.0,44,persistent,2.5365286556016144,0.004887423974192728,0.38776488099937245,-2.762224926409486,-0.22569627080787313,1.0,-40.0,0.0,1.0,1.0,32.0,0.12,0,1,0,0,1
96,mixed,24012,0.2,100.0,44,pulse8,2.5365286556016144,0.004887423974192728,0.38776488099937245,-2.762224926409486,-0.22569627080787313,1.0,-40.0,0.0,5.0,1.0,128.0,0.12,0,1,0,0,1
96,mixed,24012,0.2,100.0,44,pulse16,6.6266780623371915,0.012768389254976586,0.31012258840248574,-2.2091436999663765,4.417534362370816,1.0,-32.0,0.0,2.0,1.0,56.0,0.12,0,1,0,0,1
96,mixed,24013,0.2,40.0,83,persistent,0.0,0.0,0.0,0.0,0.0,0.0,0.0,0.0,3.0,0.0,72.0,0.0,0,0,0,0,0
96,mixed,24013,0.2,40.0,83,pulse8,0.0,0.0,0.0,0.0,0.0,0.0,0.0,0.0,5.0,0.0,120.0,0.0,0,0,0,0,0
96,mixed,24013,0.2,40.0,83,pulse16,0.0,0.0,0.0,0.0,0.0,0.0,0.0,0.0,2.0,0.0,48.0,0.0,0,0,0,0,0
96,mixed,24013,0.2,52.0,31,persistent,0.0,0.0,0.0,0.0,0.0,0.0,0.0,0.0,0.0,0.0,0.0,0.0,0,0,0,0,0
96,mixed,24013,0.2,52.0,31,pulse8,-7.040975900412207,-0.012759305760453699,0.0,0.0,-7.040975900412207,0.0,0.0,0.0,5.0,1.0,128.0,0.12,1,0,0,0,0
96,mixed,24013,0.2,52.0,31,pulse16,-5.202677933241262,-0.009428033764396826,0.0,0.0,-5.202677933241262,0.0,0.0,0.0,2.0,1.0,56.0,0.12,1,0,0,0,0
96,mixed,24013,0.2,100.0,82,persistent,1.8246953131565533,0.0035160545422496803,0.02104753324190134,-0.14917990958440974,1.675515403572149,0.0,-4.200000000000003,0.0,1.0,1.0,32.0,0.12,0,1,0,0,0
96,mixed,24013,0.2,100.0,82,pulse8,2.995162189684038,0.005771458690051134,0.02970431446385713,-0.21053711592023028,2.7846250737638343,0.0,-21.400000000000002,0.0,5.0,1.0,128.0,0.12,0,1,0,0,0
96,mixed,24013,0.2,100.0,82,pulse16,1.9516706332793206,0.003760726706337647,0.019477930004110133,-0.13805493515600809,1.8136156981233285,0.0,-5.400000000000002,0.0,2.0,1.0,56.0,0.12,0,1,0,0,0
96,mixed,24014,0.2,76.0,81,persistent,0.0,0.0,0.0,0.0,0.0,0.0,0.0,0.0,0.0,0.0,0.0,0.0,0,0,0,0,0
96,mixed,24014,0.2,76.0,81,pulse8,0.0,0.0,0.0,0.0,0.0,0.0,0.0,0.0,5.0,4.0,152.0,0.48,0,0,0,0,0
96,mixed,24014,0.2,76.0,81,pulse16,0.0,0.0,0.0,0.0,0.0,0.0,0.0,0.0,2.0,2.0,64.0,0.24,0,0,0,0,0
96,mixed,24014,0.2,100.0,49,persistent,0.0,0.0,0.0,0.0,0.0,0.0,0.0,0.0,0.0,0.0,0.0,0.0,0,0,0,0,0
96,mixed,24014,0.2,100.0,49,pulse8,-0.38424657122698136,-0.0007418416876447953,0.0,0.0,-0.38424657122698136,0.0,0.0,0.0,5.0,4.0,152.0,0.48,1,0,0,0,0
96,mixed,24014,0.2,100.0,49,pulse16,-0.3078718646113998,-0.0005943896464511988,0.0,0.0,-0.3078718646113998,0.0,0.0,0.0,2.0,2.0,64.0,0.24,1,0,0,0,0
96,mixed,24015,0.2,88.0,95,persistent,0.0,0.0,0.0,0.0,0.0,0.0,0.0,0.0,0.0,0.0,0.0,0.0,0,0,0,0,0
96,mixed,24015,0.2,88.0,95,pulse8,-0.09728966662459015,-0.000184873019116627,0.0,0.0,-0.09728966662459015,0.0,0.0,0.0,5.0,2.0,136.0,0.24,1,0,0,0,0
96,mixed,24015,0.2,88.0,95,pulse16,-0.0024988878187741648,-4.748468686588403e-06,0.0,0.0,-0.0024988878187741648,0.0,0.0,0.0,2.0,2.0,64.0,0.24,0,0,0,0,0
96,mixed,24016,0.2,40.0,95,persistent,0.0,0.0,0.0,0.0,0.0,0.0,0.0,0.0,4.0,0.0,96.0,0.0,0,0,0,0,0
96,mixed,24016,0.2,40.0,95,pulse8,0.0,0.0,0.0,0.0,0.0,0.0,0.0,0.0,5.0,0.0,120.0,0.0,0,0,0,0,0
96,mixed,24016,0.2,40.0,95,pulse16,0.0,0.0,0.0,0.0,0.0,0.0,0.0,0.0,2.0,0.0,48.0,0.0,0,0,0,0,0
96,mixed,24016,0.2,52.0,8,persistent,0.0,0.0,0.0,0.0,0.0,0.0,0.0,0.0,0.0,0.0,0.0,0.0,0,0,0,0,0
96,mixed,24016,0.2,52.0,8,pulse8,0.0,0.0,0.0,0.0,0.0,0.0,0.0,0.0,5.0,0.0,120.0,0.0,0,0,0,0,0
96,mixed,24016,0.2,52.0,8,pulse16,0.0,0.0,0.0,0.0,0.0,0.0,0.0,0.0,2.0,0.0,48.0,0.0,0,0,0,0,0
96,mixed,24016,0.2,76.0,24,persistent,0.9033051530673788,0.001736372368792427,0.0443533959992366,-0.3265289742647086,0.5767761788026746,0.0,-5.4,0.0,1.0,1.0,32.0,0.12,0,1,0,0,0
96,mixed,24016,0.2,76.0,24,pulse8,1.3173343571896226,0.002532237273879856,0.0443533959992366,-0.3265289742647086,0.9908053829249184,0.0,-5.4,0.0,5.0,4.0,152.0,0.48,0,1,0,0,0
96,mixed,24016,0.2,76.0,24,pulse16,0.022843423654478556,4.391062035624671e-05,0.0,0.0,0.022843423654478556,0.0,0.0,0.0,2.0,2.0,64.0,0.24,0,1,0,0,0
96,mixed,24017,0.2,100.0,20,persistent,0.0,0.0,0.0,0.0,0.0,0.0,0.0,0.0,0.0,0.0,0.0,0.0,0,0,0,0,0
96,mixed,24017,0.2,100.0,20,pulse8,-0.11454048162119079,-0.00021921469017605055,0.0,0.0,-0.11454048162119079,0.0,0.0,0.0,5.0,2.0,136.0,0.24,1,0,0,0,0
96,mixed,24017,0.2,100.0,20,pulse16,0.0699356493469736,0.00013384719085207664,0.0,0.0,0.0699356493469736,0.0,0.0,0.0,2.0,2.0,64.0,0.24,0,1,0,0,0
96,mixed,24019,0.2,40.0,62,persistent,0.06631568436591806,0.00011553765088090362,0.04054832070126313,-0.4179608828232624,-0.3516451984573905,0.0,-7.0,0.0,2.0,2.0,64.0,0.24,0,1,0,0,0
96,mixed,24019,0.2,40.0,62,pulse8,-0.389201468928718,-0.0006780812694519023,0.009251838825360514,-0.09536539753829487,-0.4845668664670484,0.0,-1.0,0.0,5.0,5.0,160.0,0.6,1,0,0,0,0
96,mixed,24019,0.2,40.0,62,pulse16,-0.07202361137217395,-0.0001254822135285938,0.0022369429213425773,-0.02305778937475189,-0.09508140074694893,0.0,0.0,0.0,2.0,2.0,64.0,0.24,1,0,0,0,0
96,mixed,24019,0.2,52.0,33,persistent,2.3596473403155187,0.0042536341127390465,0.08197486840136103,-0.7381856414952326,1.6214616988202692,0.0,-5.4,0.0,1.0,1.0,32.0,0.12,0,1,0,0,0
96,mixed,24019,0.2,52.0,33,pulse8,1.9953225871547602,0.0035968816516053215,0.08197486840136103,-0.7381856414952326,1.2571369456595107,0.0,-5.4,0.0,5.0,3.0,144.0,0.36,0,1,0,0,0
96,mixed,24019,0.2,52.0,33,pulse16,1.578468291682043,0.002845436458516648,0.0,0.0,1.578468291682043,0.0,0.0,0.0,2.0,2.0,64.0,0.24,0,1,0,0,0
96,mixed,24019,0.2,64.0,61,persistent,0.0,0.0,0.0,0.0,0.0,0.0,0.0,0.0,0.0,0.0,0.0,0.0,0,0,0,0,0
96,mixed,24019,0.2,64.0,61,pulse8,1.8763017986342447,0.0035961179394994325,0.0,0.0,1.8763017986342447,0.0,0.0,0.0,5.0,4.0,152.0,0.48,0,1,0,0,0
96,mixed,24019,0.2,64.0,61,pulse16,0.3602883371863186,0.0006905282261581158,0.0,0.0,0.3602883371863186,0.0,0.0,0.0,2.0,1.0,56.0,0.12,0,1,0,0,0
96,mixed,24100,0.1,40.0,72,persistent,0.00715913664873824,1.2446435797786037e-05,0.6694011598562668,-4.705352616356343,-4.698193479707584,1.0,-40.0,0.0,1.0,1.0,32.0,0.12,0,0,0,0,1
96,mixed,24100,0.1,40.0,72,pulse8,0.00715913664873824,1.2446435797786037e-05,0.6694011598562668,-4.705352616356343,-4.698193479707584,1.0,-40.0,0.0,5.0,1.0,128.0,0.12,0,0,0,0,1
96,mixed,24100,0.1,40.0,72,pulse16,-0.15695159482129384,-0.0002728664145054127,0.5465388788908947,-3.8417294411051186,-3.9986810359263814,1.0,-32.0,0.0,2.0,1.0,56.0,0.12,1,0,0,0,1
96,mixed,24100,0.1,52.0,94,persistent,0.0,0.0,0.0,0.0,0.0,0.0,0.0,0.0,4.0,0.0,96.0,0.0,0,0,0,0,0
96,mixed,24100,0.1,52.0,94,pulse8,0.0,0.0,0.0,0.0,0.0,0.0,0.0,0.0,5.0,0.0,120.0,0.0,0,0,0,0,0
96,mixed,24100,0.1,52.0,94,pulse16,0.0,0.0,0.0,0.0,0.0,0.0,0.0,0.0,2.0,0.0,48.0,0.0,0,0,0,0,0
96,mixed,24100,0.1,64.0,47,persistent,0.0,0.0,0.0,0.0,0.0,0.0,0.0,0.0,0.0,0.0,0.0,0.0,0,0,0,0,0
96,mixed,24100,0.1,64.0,47,pulse8,-0.011687231452242486,-2.2303120477906724e-05,0.0,0.0,-0.011687231452242486,0.0,0.0,0.0,5.0,4.0,152.0,0.48,1,0,0,0,0
96,mixed,24100,0.1,64.0,47,pulse16,0.00025982081808706425,4.958244416153335e-07,0.0,0.0,0.00025982081808706425,0.0,0.0,0.0,2.0,2.0,64.0,0.24,0,0,0,0,0
96,mixed,24100,0.1,76.0,72,persistent,0.0,0.0,0.0,0.0,0.0,0.0,0.0,0.0,5.0,0.0,120.0,0.0,0,0,0,0,0
96,mixed,24100,0.1,76.0,72,pulse8,0.0,0.0,0.0,0.0,0.0,0.0,0.0,0.0,5.0,0.0,120.0,0.0,0,0,0,0,0
96,mixed,24100,0.1,76.0,72,pulse16,0.0,0.0,0.0,0.0,0.0,0.0,0.0,0.0,2.0,0.0,48.0,0.0,0,0,0,0,0
96,mixed,24100,0.2,40.0,72,persistent,0.00718931416400892,1.2498900574531291e-05,0.6698874432123196,-4.708770797857875,-4.701581483693872,1.0,-40.0,0.0,1.0,1.0,32.0,0.12,0,0,0,0,1
96,mixed,24100,0.2,40.0,72,pulse8,0.00718931416400892,1.2498900574531291e-05,0.6698874432123196,-4.708770797857875,-4.701581483693872,1.0,-40.0,0.0,5.0,1.0,128.0,0.12,0,0,0,0,1
96,mixed,24100,0.2,40.0,72,pulse16,-0.157199182973784,-0.00027329685607901943,0.5469307238833989,-3.844483796746073,-4.001682979719874,1.0,-32.0,0.0,2.0,1.0,56.0,0.12,1,0,0,0,1
96,mixed,24100,0.2,64.0,47,persistent,0.0,0.0,0.0,0.0,0.0,0.0,0.0,0.0,0.0,0.0,0.0,0.0,0,0,0,0,0
96,mixed,24100,0.2,64.0,47,pulse8,-0.011286338801085094,-2.1538084110428457e-05,0.0,0.0,-0.011286338801085094,0.0,0.0,0.0,5.0,4.0,152.0,0.48,1,0,0,0,0
96,mixed,24100,0.2,64.0,47,pulse16,0.00024186615274857104,4.615609749958338e-07,0.0,0.0,0.00024186615274857104,0.0,0.0,0.0,2.0,2.0,64.0,0.24,0,0,0,0,0
96,mixed,24100,0.2,76.0,72,persistent,0.0,0.0,0.0,0.0,0.0,0.0,0.0,0.0,5.0,0.0,120.0,0.0,0,0,0,0,0
96,mixed,24100,0.2,76.0,72,pulse8,0.0,0.0,0.0,0.0,0.0,0.0,0.0,0.0,5.0,0.0,120.0,0.0,0,0,0,0,0
96,mixed,24100,0.2,76.0,72,pulse16,0.0,0.0,0.0,0.0,0.0,0.0,0.0,0.0,2.0,0.0,48.0,0.0,0,0,0,0,0
96,mixed,24101,0.1,40.0,1,persistent,0.0,0.0,0.0,0.0,0.0,0.0,0.0,0.0,5.0,0.0,120.0,0.0,0,0,0,0,0
96,mixed,24101,0.1,40.0,1,pulse8,0.9410569638206994,0.0016319820035759491,0.07260816018795802,-0.5363105734809452,0.404746390339767,0.0,0.0,0.0,5.0,2.0,136.0,0.24,0,1,0,0,0
96,mixed,24101,0.1,40.0,1,pulse16,0.0,0.0,0.0,0.0,0.0,0.0,0.0,0.0,2.0,0.0,48.0,0.0,0,0,0,0,0
96,mixed,24101,0.1,52.0,94,persistent,0.0,0.0,0.0,0.0,0.0,0.0,0.0,0.0,4.0,0.0,96.0,0.0,0,0,0,0,0
96,mixed,24101,0.1,52.0,94,pulse8,0.0,0.0,0.0,0.0,0.0,0.0,0.0,0.0,5.0,0.0,120.0,0.0,0,0,0,0,0
96,mixed,24101,0.1,52.0,94,pulse16,0.0,0.0,0.0,0.0,0.0,0.0,0.0,0.0,2.0,0.0,48.0,0.0,0,0,0,0,0
96,mixed,24101,0.1,64.0,40,persistent,0.0,0.0,0.0,0.0,0.0,0.0,0.0,0.0,0.0,0.0,0.0,0.0,0,0,0,0,0
96,mixed,24101,0.1,64.0,40,pulse8,-0.07732465983468728,-0.00014886138287883988,0.0,0.0,-0.07732465983468728,0.0,0.0,0.0,5.0,5.0,160.0,0.6,1,0,0,0,0
96,mixed,24101,0.1,64.0,40,pulse16,0.008064110606198938,1.5524603135586013e-05,0.0,0.0,0.008064110606198938,0.0,0.0,0.0,2.0,2.0,64.0,0.24,0,0,0,0,0
96,mixed,24101,0.1,88.0,91,persistent,0.0,0.0,0.0,0.0,0.0,0.0,0.0,0.0,0.0,0.0,0.0,0.0,0,0,0,0,0
96,mixed,24101,0.1,88.0,91,pulse8,0.0,0.0,0.0,0.0,0.0,0.0,0.0,0.0,5.0,0.0,120.0,0.0,0,0,0,0,0
96,mixed,24101,0.1,88.0,91,pulse16,0.0,0.0,0.0,0.0,0.0,0.0,0.0,0.0,2.0,0.0,48.0,0.0,0,0,0,0,0
96,mixed,24101,0.1,100.0,2,persistent,0.0,0.0,0.0,0.0,0.0,0.0,0.0,0.0,0.0,0.0,0.0,0.0,0,0,0,0,0
96,mixed,24101,0.1,100.0,2,pulse8,1.3238544659440663,0.0025634707327640838,0.0,0.0,1.3238544659440663,0.0,0.0,0.0,5.0,3.0,144.0,0.36,0,1,0,0,0
96,mixed,24101,0.1,100.0,2,pulse16,1.5267411979223766,0.0029563343086872473,0.0,0.0,1.5267411979223766,0.0,0.0,0.0,2.0,2.0,64.0,0.24,0,1,0,0,0
96,mixed,24101,0.2,40.0,1,persistent,0.0,0.0,0.0,0.0,0.0,0.0,0.0,0.0,5.0,0.0,120.0,0.0,0,0,0,0,0
96,mixed,24101,0.2,40.0,1,pulse8,0.943379872021751,0.001636010393488485,0.07209548091557189,-0.5325237358324912,0.4108561361892953,0.0,0.0,0.0,5.0,2.0,136.0,0.24,0,1,0,0,0
96,mixed,24101,0.2,40.0,1,pulse16,0.0,0.0,0.0,0.0,0.0,0.0,0.0,0.0,2.0,0.0,48.0,0.0,0,0,0,0,0
96,mixed,24101,0.2,52.0,94,persistent,0.0,0.0,0.0,0.0,0.0,0.0,0.0,0.0,4.0,0.0,96.0,0.0,0,0,0,0,0
96,mixed,24101,0.2,52.0,94,pulse8,0.0,0.0,0.0,0.0,0.0,0.0,0.0,0.0,5.0,0.0,120.0,0.0,0,0,0,0,0
96,mixed,24101,0.2,52.0,94,pulse16,0.0,0.0,0.0,0.0,0.0,0.0,0.0,0.0,2.0,0.0,48.0,0.0,0,0,0,0,0
96,mixed,24101,0.2,64.0,40,persistent,0.0,0.0,0.0,0.0,0.0,0.0,0.0,0.0,0.0,0.0,0.0,0.0,0,0,0,0,0
96,mixed,24101,0.2,64.0,40,pulse8,-0.07580347530017661,-0.00014593287813124967,0.0,0.0,-0.07580347530017661,0.0,0.0,0.0,5.0,5.0,160.0,0.6,1,0,0,0,0
96,mixed,24101,0.2,64.0,40,pulse16,0.007526688355483202,1.4489985982413245e-05,0.0,0.0,0.007526688355483202,0.0,0.0,0.0,2.0,2.0,64.0,0.24,0,0,0,0,0
96,mixed,24101,0.2,88.0,91,persistent,0.0,0.0,0.0,0.0,0.0,0.0,0.0,0.0,0.0,0.0,0.0,0.0,0,0,0,0,0
96,mixed,24101,0.2,88.0,91,pulse8,0.0,0.0,0.0,0.0,0.0,0.0,0.0,0.0,5.0,0.0,120.0,0.0,0,0,0,0,0
96,mixed,24101,0.2,88.0,91,pulse16,0.0,0.0,0.0,0.0,0.0,0.0,0.0,0.0,2.0,0.0,48.0,0.0,0,0,0,0,0
96,mixed,24101,0.2,100.0,2,persistent,0.0,0.0,0.0,0.0,0.0,0.0,0.0,0.0,0.0,0.0,0.0,0.0,0,0,0,0,0
96,mixed,24101,0.2,100.0,2,pulse8,1.3233312761851153,0.0025624576443399327,0.0,0.0,1.3233312761851153,0.0,0.0,0.0,5.0,3.0,144.0,0.36,0,1,0,0,0
96,mixed,24101,0.2,100.0,2,pulse16,1.5277985352532824,0.0029583817039048332,0.0,0.0,1.5277985352532824,0.0,0.0,0.0,2.0,2.0,64.0,0.24,0,1,0,0,0
96,mixed,24102,0.1,40.0,49,persistent,0.0,0.0,0.0,0.0,0.0,0.0,0.0,0.0,5.0,0.0,120.0,0.0,0,0,0,0,0
96,mixed,24102,0.1,40.0,49,pulse8,0.0,0.0,0.0,0.0,0.0,0.0,0.0,0.0,5.0,0.0,120.0,0.0,0,0,0,0,0
96,mixed,24102,0.1,40.0,49,pulse16,0.0,0.0,0.0,0.0,0.0,0.0,0.0,0.0,2.0,0.0,48.0,0.0,0,0,0,0,0
96,mixed,24102,0.1,64.0,24,persistent,0.0,0.0,0.0,0.0,0.0,0.0,0.0,0.0,0.0,0.0,0.0,0.0,0,0,0,0,0
96,mixed,24102,0.1,64.0,24,pulse8,0.03650801794435665,7.002039655867875e-05,0.0,0.0,0.03650801794435665,0.0,0.0,0.0,5.0,2.0,136.0,0.24,0,1,0,0,0
96,mixed,24102,0.1,64.0,24,pulse16,0.03613541484980942,6.930576405039801e-05,0.0,0.0,0.03613541484980942,0.0,0.0,0.0,2.0,1.0,56.0,0.12,0,1,0,0,0
96,mixed,24102,0.1,100.0,65,persistent,0.0,0.0,0.0,0.0,0.0,0.0,0.0,0.0,0.0,0.0,0.0,0.0,0,0,0,0,0
96,mixed,24102,0.1,100.0,65,pulse8,-1.4607372323715708,-0.0028192820285128928,0.0,0.0,-1.4607372323715708,0.0,0.0,0.0,5.0,1.0,128.0,0.12,1,0,0,0,0
96,mixed,24102,0.1,100.0,65,pulse16,1.9342903236262146,0.0037332586768340503,0.0,0.0,1.9342903236262146,0.0,0.0,0.0,2.0,1.0,56.0,0.12,0,1,0,0,0
96,mixed,24102,0.2,40.0,49,persistent,0.0,0.0,0.0,0.0,0.0,0.0,0.0,0.0,5.0,0.0,120.0,0.0,0,0,0,0,0
96,mixed,24102,0.2,40.0,49,pulse8,0.0,0.0,0.0,0.0,0.0,0.0,0.0,0.0,5.0,0.0,120.0,0.0,0,0,0,0,0
96,mixed,24102,0.2,40.0,49,pulse16,0.0,0.0,0.0,0.0,0.0,0.0,0.0,0.0,2.0,0.0,48.0,0.0,0,0,0,0,0
96,mixed,24102,0.2,64.0,24,persistent,0.0,0.0,0.0,0.0,0.0,0.0,0.0,0.0,0.0,0.0,0.0,0.0,0,0,0,0,0
96,mixed,24102,0.2,64.0,24,pulse8,0.038460311713492956,7.376479002663139e-05,0.0,0.0,0.038460311713492956,0.0,0.0,0.0,5.0,2.0,136.0,0.24,0,1,0,0,0
96,mixed,24102,0.2,64.0,24,pulse16,0.03814492663809688,7.315989857281657e-05,0.0,0.0,0.03814492663809688,0.0,0.0,0.0,2.0,1.0,56.0,0.12,0,1,0,0,0
96,mixed,24102,0.2,100.0,65,persistent,0.0,0.0,0.0,0.0,0.0,0.0,0.0,0.0,0.0,0.0,0.0,0.0,0,0,0,0,0
96,mixed,24102,0.2,100.0,65,pulse8,-1.4607615458501186,-0.002819328954511424,0.0,0.0,-1.4607615458501186,0.0,0.0,0.0,5.0,1.0,128.0,0.12,1,0,0,0,0
96,mixed,24102,0.2,100.0,65,pulse16,1.934441817530228,0.0037335510662053206,0.0,0.0,1.934441817530228,0.0,0.0,0.0,2.0,1.0,56.0,0.12,0,1,0,0,0
96,mixed,24103,0.1,52.0,51,persistent,0.0,0.0,0.0,0.0,0.0,0.0,0.0,0.0,0.0,0.0,0.0,0.0,0,0,0,0,0
96,mixed,24103,0.1,52.0,51,pulse8,4.290628660515154,0.0076899449565852596,0.003007903886091623,-0.025572849563518574,4.265055810951594,0.0,8.3,0.0,5.0,5.0,160.0,0.6,0,1,1,0,0
96,mixed,24103,0.1,52.0,51,pulse16,3.4873579261386,0.006250270675415948,0.0,0.0,3.4873579261386,0.0,0.0,0.0,2.0,2.0,64.0,0.24,0,1,0,0,0
96,mixed,24103,0.1,88.0,50,persistent,0.0,0.0,0.0,0.0,0.0,0.0,0.0,0.0,0.0,0.0,0.0,0.0,0,0,0,0,0
96,mixed,24103,0.1,88.0,50,pulse8,3.1476829486263114,0.006077766289073416,0.0,0.0,3.1476829486263114,0.0,0.0,0.0,5.0,1.0,128.0,0.12,0,1,0,0,0
96,mixed,24103,0.1,88.0,50,pulse16,-1.627922665251731,-0.003143306888771513,0.0,0.0,-1.627922665251731,0.0,0.0,0.0,2.0,1.0,56.0,0.12,1,0,0,0,0
96,mixed,24103,0.2,52.0,51,persistent,0.0,0.0,0.0,0.0,0.0,0.0,0.0,0.0,0.0,0.0,0.0,0.0,0,0,0,0,0
96,mixed,24103,0.2,52.0,51,pulse8,4.271712213323553,0.007656041664273694,0.0029047348969551967,-0.024695718797802968,4.247016494525781,0.0,8.4,0.0,5.0,5.0,160.0,0.6,0,1,1,0,0
96,mixed,24103,0.2,52.0,51,pulse16,3.484109398482474,0.006244448451951157,0.0,0.0,3.484109398482474,0.0,0.0,0.0,2.0,2.0,64.0,0.24,0,1,0,0,0
96,mixed,24103,0.2,88.0,50,persistent,0.0,0.0,0.0,0.0,0.0,0.0,0.0,0.0,0.0,0.0,0.0,0.0,0,0,0,0,0
96,mixed,24103,0.2,88.0,50,pulse8,3.1476130229952446,0.006077631271776518,0.0,0.0,3.1476130229952446,0.0,0.0,0.0,5.0,1.0,128.0,0.12,0,1,0,0,0
96,mixed,24103,0.2,88.0,50,pulse16,-1.6286634228400771,-0.003144737195308722,0.0,0.0,-1.6286634228400771,0.0,0.0,0.0,2.0,1.0,56.0,0.12,1,0,0,0,0
96,transient,24000,0.2,40.0,31,persistent,5.679964594601813,0.010895130051720048,-0.09630824528161486,0.6667459424260835,6.346710537027889,-1.0,35.0,0.0,5.0,1.0,128.0,0.12,0,1,1,1,0
96,transient,24000,0.2,40.0,31,pulse8,5.679964594601813,0.010895130051720048,-0.09630824528161486,0.6667459424260835,6.346710537027889,-1.0,35.0,0.0,5.0,1.0,128.0,0.12,0,1,1,1,0
96,transient,24000,0.2,40.0,31,pulse16,3.726127556314566,0.007147341086232717,0.0,0.0,3.726127556314566,0.0,0.0,0.0,2.0,1.0,56.0,0.12,0,1,0,0,0
96,transient,24000,0.2,52.0,31,persistent,0.0,0.0,0.0,0.0,0.0,0.0,0.0,0.0,0.0,0.0,0.0,0.0,0,0,0,0,0
96,transient,24000,0.2,52.0,31,pulse8,0.0,0.0,0.0,0.0,0.0,0.0,0.0,0.0,5.0,0.0,120.0,0.0,0,0,0,0,0
96,transient,24000,0.2,52.0,31,pulse16,0.0,0.0,0.0,0.0,0.0,0.0,0.0,0.0,2.0,0.0,48.0,0.0,0,0,0,0,0
96,transient,24000,0.2,76.0,32,persistent,0.0,0.0,0.0,0.0,0.0,0.0,0.0,0.0,0.0,0.0,0.0,0.0,0,0,0,0,0
96,transient,24000,0.2,76.0,32,pulse8,0.0,0.0,0.0,0.0,0.0,0.0,0.0,0.0,5.0,0.0,120.0,0.0,0,0,0,0,0
96,transient,24000,0.2,76.0,32,pulse16,0.0,0.0,0.0,0.0,0.0,0.0,0.0,0.0,2.0,0.0,48.0,0.0,0,0,0,0,0
96,transient,24001,0.2,40.0,50,persistent,0.0,0.0,0.0,0.0,0.0,0.0,0.0,0.0,2.0,0.0,48.0,0.0,0,0,0,0,0
96,transient,24001,0.2,40.0,50,pulse8,0.0,0.0,0.0,0.0,0.0,0.0,0.0,0.0,5.0,0.0,120.0,0.0,0,0,0,0,0
96,transient,24001,0.2,40.0,50,pulse16,0.0,0.0,0.0,0.0,0.0,0.0,0.0,0.0,2.0,0.0,48.0,0.0,0,0,0,0,0
96,transient,24001,0.2,64.0,69,persistent,0.0,0.0,0.0,0.0,0.0,0.0,0.0,0.0,0.0,0.0,0.0,0.0,0,0,0,0,0
96,transient,24001,0.2,64.0,69,pulse8,-4.383906405756477,-0.008468726416677508,0.0,0.0,-4.383906405756477,0.0,0.0,0.0,5.0,2.0,136.0,0.24,1,0,0,0,0
96,transient,24001,0.2,64.0,69,pulse16,0.14117763366846248,0.0002727236042544545,0.0,0.0,0.14117763366846248,0.0,0.0,0.0,2.0,2.0,64.0,0.24,0,1,0,0,0
96,transient,24001,0.2,76.0,52,persistent,0.0,0.0,0.0,0.0,0.0,0.0,0.0,0.0,0.0,0.0,0.0,0.0,0,0,0,0,0
96,transient,24001,0.2,76.0,52,pulse8,1.9614448521580812,0.0037890726436393685,0.0,0.0,1.9614448521580812,0.0,0.0,0.0,5.0,5.0,160.0,0.6,0,1,0,0,0
96,transient,24001,0.2,76.0,52,pulse16,1.9898326399521693,0.0038439114987953715,0.0,0.0,1.9898326399521693,0.0,0.0,0.0,2.0,2.0,64.0,0.24,0,1,0,0,0
96,transient,24001,0.2,88.0,51,persistent,0.0,0.0,0.0,0.0,0.0,0.0,0.0,0.0,0.0,0.0,0.0,0.0,0,0,0,0,0
96,transient,24001,0.2,88.0,51,pulse8,-1.0838381401691777,-0.0020937328125893995,0.0,0.0,-1.0838381401691777,0.0,0.0,0.0,5.0,1.0,128.0,0.12,1,0,0,0,0
96,transient,24001,0.2,88.0,51,pulse16,-0.09917791104390972,-0.00019158953624232034,0.0,0.0,-0.09917791104390972,0.0,0.0,0.0,2.0,1.0,56.0,0.12,1,0,0,0,0
96,transient,24001,0.2,100.0,71,persistent,0.0,0.0,0.0,0.0,0.0,0.0,0.0,0.0,0.0,0.0,0.0,0.0,0,0,0,0,0
96,transient,24001,0.2,100.0,71,pulse8,-1.2045081436819487,-0.002326840263311314,0.0,0.0,-1.2045081436819487,0.0,0.0,0.0,5.0,3.0,144.0,0.36,1,0,0,0,0
96,transient,24001,0.2,100.0,71,pulse16,-1.9166775732112455,-0.003702592275965033,0.0,0.0,-1.9166775732112455,0.0,0.0,0.0,2.0,2.0,64.0,0.24,1,0,0,0,0
96,transient,24002,0.2,64.0,12,persistent,-0.18939280142990356,-0.00036388087119265666,0.021932784824006513,-0.16618709042990343,-0.3555798918598043,0.0,-9.8,0.0,2.0,1.0,56.0,0.12,1,0,0,0,0
96,transient,24002,0.2,64.0,12,pulse8,2.241115808708628,0.004305861504553032,0.027473048081717577,-0.20816626628024615,2.032949542428412,0.0,-13.400000000000002,0.0,5.0,1.0,128.0,0.12,0,1,0,0,0
96,transient,24002,0.2,64.0,12,pulse16,2.241115808708628,0.004305861504553032,0.027473048081717577,-0.20816626628024615,2.032949542428412,0.0,-13.400000000000002,0.0,2.0,1.0,56.0,0.12,0,1,0,0,0
96,transient,24002,0.2,76.0,66,persistent,0.0,0.0,0.0,0.0,0.0,0.0,0.0,0.0,5.0,0.0,120.0,0.0,0,0,0,0,0
96,transient,24002,0.2,76.0,66,pulse8,0.0,0.0,0.0,0.0,0.0,0.0,0.0,0.0,5.0,0.0,120.0,0.0,0,0,0,0,0
96,transient,24002,0.2,76.0,66,pulse16,0.0,0.0,0.0,0.0,0.0,0.0,0.0,0.0,2.0,0.0,48.0,0.0,0,0,0,0,0
96,transient,24002,0.2,100.0,65,persistent,0.0,0.0,0.0,0.0,0.0,0.0,0.0,0.0,0.0,0.0,0.0,0.0,0,0,0,0,0
96,transient,24002,0.2,100.0,65,pulse8,0.11424544289633332,0.00021950006007109835,0.0,0.0,0.11424544289627647,0.0,0.0,0.0,5.0,1.0,128.0,0.12,0,1,0,0,0
96,transient,24002,0.2,100.0,65,pulse16,5.32823251104827,0.010237146678221287,0.0,0.0,5.328232511048213,0.0,0.0,0.0,2.0,1.0,56.0,0.12,0,1,0,0,0
96,transient,24003,0.2,52.0,49,persistent,0.0,0.0,0.0,0.0,0.0,0.0,0.0,0.0,0.0,0.0,0.0,0.0,0,0,0,0,0
96,transient,24003,0.2,52.0,49,pulse8,0.0,0.0,0.0,0.0,0.0,0.0,0.0,0.0,5.0,1.0,128.0,0.12,0,0,0,0,0
96,transient,24003,0.2,52.0,49,pulse16,0.0,0.0,0.0,0.0,0.0,0.0,0.0,0.0,2.0,1.0,56.0,0.12,0,0,0,0,0
96,transient,24003,0.2,64.0,50,persistent,0.0,0.0,0.0,0.0,0.0,0.0,0.0,0.0,0.0,0.0,0.0,0.0,0,0,0,0,0
96,transient,24003,0.2,64.0,50,pulse8,0.0,0.0,0.0,0.0,0.0,0.0,0.0,0.0,5.0,1.0,128.0,0.12,0,0,0,0,0
96,transient,24003,0.2,64.0,50,pulse16,0.0,0.0,0.0,0.0,0.0,0.0,0.0,0.0,2.0,1.0,56.0,0.12,0,0,0,0,0
96,transient,24003,0.2,76.0,49,persistent,0.0,0.0,0.0,0.0,0.0,0.0,0.0,0.0,0.0,0.0,0.0,0.0,0,0,0,0,0
96,transient,24003,0.2,76.0,49,pulse8,0.0,0.0,0.0,0.0,0.0,0.0,0.0,0.0,5.0,1.0,128.0,0.12,0,0,0,0,0
96,transient,24003,0.2,76.0,49,pulse16,0.0,0.0,0.0,0.0,0.0,0.0,0.0,0.0,2.0,2.0,64.0,0.24,0,0,0,0,0
96,transient,24004,0.2,52.0,65,persistent,0.0,0.0,0.0,0.0,0.0,0.0,0.0,0.0,0.0,0.0,0.0,0.0,0,0,0,0,0
96,transient,24004,0.2,52.0,65,pulse8,0.0001830595306273608,3.566837568635961e-07,0.0,0.0,0.0001830595306273608,0.0,0.0,0.0,5.0,5.0,160.0,0.6,0,0,0,0,0
96,transient,24004,0.2,52.0,65,pulse16,3.9656765693507623e-07,7.726953521469682e-10,0.0,0.0,3.9656765693507623e-07,0.0,0.0,0.0,2.0,2.0,64.0,0.24,0,0,0,0,0
96,transient,24004,0.2,64.0,0,persistent,0.0,0.0,0.0,0.0,0.0,0.0,0.0,0.0,0.0,0.0,0.0,0.0,0,0,0,0,0
96,transient,24004,0.2,64.0,0,pulse8,0.0,0.0,0.0,0.0,0.0,0.0,0.0,0.0,5.0,4.0,152.0,0.48,0,0,0,0,0
96,transient,24004,0.2,64.0,0,pulse16,0.0,0.0,0.0,0.0,0.0,0.0,0.0,0.0,2.0,2.0,64.0,0.24,0,0,0,0,0
96,transient,24004,0.2,76.0,0,persistent,0.0,0.0,0.0,0.0,0.0,0.0,0.0,0.0,0.0,0.0,0.0,0.0,0,0,0,0,0
96,transient,24004,0.2,76.0,0,pulse8,0.0,0.0,0.0,0.0,0.0,0.0,0.0,0.0,5.0,2.0,136.0,0.24,0,0,0,0,0
96,transient,24004,0.2,76.0,0,pulse16,0.0,0.0,0.0,0.0,0.0,0.0,0.0,0.0,2.0,2.0,64.0,0.24,0,0,0,0,0
96,transient,24005,0.2,40.0,31,persistent,0.0,0.0,0.0,0.0,0.0,0.0,0.0,0.0,2.0,0.0,48.0,0.0,0,0,0,0,0
96,transient,24005,0.2,40.0,31,pulse8,0.0,0.0,0.0,0.0,0.0,0.0,0.0,0.0,5.0,0.0,120.0,0.0,0,0,0,0,0
96,transient,24005,0.2,40.0,31,pulse16,0.0,0.0,0.0,0.0,0.0,0.0,0.0,0.0,2.0,0.0,48.0,0.0,0,0,0,0,0
96,transient,24005,0.2,76.0,31,persistent,0.0,0.0,0.0,0.0,0.0,0.0,0.0,0.0,0.0,0.0,0.0,0.0,0,0,0,0,0
96,transient,24005,0.2,76.0,31,pulse8,-0.9966975644828153,-0.001932973216742906,0.0,0.0,-0.9966975644828153,0.0,0.0,0.0,5.0,1.0,128.0,0.12,1,0,0,0,0
96,transient,24005,0.2,76.0,31,pulse16,-0.8275895382931253,-0.0016050088502096438,0.0,0.0,-0.8275895382931253,0.0,0.0,0.0,2.0,1.0,56.0,0.12,1,0,0,0,0
96,transient,24005,0.2,100.0,30,persistent,0.0,0.0,0.0,0.0,0.0,0.0,0.0,0.0,0.0,0.0,0.0,0.0,0,0,0,0,0
96,transient,24005,0.2,100.0,30,pulse8,4.394001177381881,0.008521628719563856,0.0,0.0,4.394001177381881,0.0,0.0,1.0,5.0,4.0,152.0,0.48,0,1,0,0,0
96,transient,24005,0.2,100.0,30,pulse16,3.524692444649588,0.0068357105861888146,0.0,0.0,3.524692444649588,0.0,0.0,1.0,2.0,2.0,64.0,0.24,0,1,0,0,0
96,transient,24006,0.2,52.0,80,persistent,0.0,0.0,0.0,0.0,0.0,0.0,0.0,0.0,0.0,0.0,0.0,0.0,0,0,0,0,0
96,transient,24006,0.2,52.0,80,pulse8,0.0,0.0,0.0,0.0,0.0,0.0,0.0,0.0,5.0,0.0,120.0,0.0,0,0,0,0,0
96,transient,24006,0.2,52.0,80,pulse16,0.0,0.0,0.0,0.0,0.0,0.0,0.0,0.0,2.0,0.0,48.0,0.0,0,0,0,0,0
96,transient,24006,0.2,76.0,40,persistent,0.0,0.0,0.0,0.0,0.0,0.0,0.0,0.0,0.0,0.0,0.0,0.0,0,0,0,0,0
96,transient,24006,0.2,76.0,40,pulse8,1.771449802425252,0.003428233715008888,0.0,0.0,1.771449802425252,0.0,0.0,0.0,5.0,1.0,128.0,0.12,0,1,0,0,0
96,transient,24006,0.2,76.0,40,pulse16,1.771449802425252,0.003428233715008888,0.0,0.0,1.771449802425252,0.0,0.0,0.0,2.0,1.0,56.0,0.12,0,1,0,0,0
96,transient,24006,0.2,88.0,80,persistent,0.0,0.0,0.0,0.0,0.0,0.0,0.0,0.0,0.0,0.0,0.0,0.0,0,0,0,0,0
96,transient,24006,0.2,88.0,80,pulse8,0.0,0.0,0.0,0.0,0.0,0.0,0.0,0.0,5.0,0.0,120.0,0.0,0,0,0,0,0
96,transient,24006,0.2,88.0,80,pulse16,0.0,0.0,0.0,0.0,0.0,0.0,0.0,0.0,2.0,0.0,48.0,0.0,0,0,0,0,0
96,transient,24006,0.2,100.0,78,persistent,0.0,0.0,0.0,0.0,0.0,0.0,0.0,0.0,0.0,0.0,0.0,0.0,0,0,0,0,0
96,transient,24006,0.2,100.0,78,pulse8,0.6805942830361573,0.0013171337195965194,0.0,0.0,0.6805942830361573,0.0,0.0,0.0,5.0,1.0,128.0,0.12,0,1,0,0,0
96,transient,24006,0.2,100.0,78,pulse16,-2.560146611959965,-0.004954575014471718,-0.12338906960831075,0.9503648565220795,-1.6097817554378935,0.0,32.0,0.0,2.0,2.0,64.0,0.24,1,0,1,0,0
96,transient,24007,0.2,88.0,53,persistent,0.0,0.0,0.0,0.0,0.0,0.0,0.0,0.0,0.0,0.0,0.0,0.0,0,0,0,0,0
96,transient,24007,0.2,88.0,53,pulse8,0.0,0.0,0.0,0.0,0.0,0.0,0.0,0.0,5.0,0.0,120.0,0.0,0,0,0,0,0
96,transient,24007,0.2,88.0,53,pulse16,0.0,0.0,0.0,0.0,0.0,0.0,0.0,0.0,2.0,0.0,48.0,0.0,0,0,0,0,0
96,transient,24007,0.2,100.0,78,persistent,0.0,0.0,0.0,0.0,0.0,0.0,0.0,0.0,0.0,0.0,0.0,0.0,0,0,0,0,0
96,transient,24007,0.2,100.0,78,pulse8,0.0,0.0,0.0,0.0,0.0,0.0,0.0,0.0,5.0,0.0,120.0,0.0,0,0,0,0,0
96,transient,24007,0.2,100.0,78,pulse16,0.0,0.0,0.0,0.0,0.0,0.0,0.0,0.0,2.0,0.0,48.0,0.0,0,0,0,0,0
96,transient,24008,0.2,40.0,27,persistent,0.0,0.0,0.0,0.0,0.0,0.0,0.0,0.0,2.0,0.0,48.0,0.0,0,0,0,0,0
96,transient,24008,0.2,40.0,27,pulse8,0.0,0.0,0.0,0.0,0.0,0.0,0.0,0.0,5.0,0.0,120.0,0.0,0,0,0,0,0
96,transient,24008,0.2,40.0,27,pulse16,0.0,0.0,0.0,0.0,0.0,0.0,0.0,0.0,2.0,0.0,48.0,0.0,0,0,0,0,0
96,transient,24008,0.2,76.0,42,persistent,0.0,0.0,0.0,0.0,0.0,0.0,0.0,0.0,0.0,0.0,0.0,0.0,0,0,0,0,0
96,transient,24008,0.2,76.0,42,pulse8,2.156733506247974,0.004150139058609725,0.0,0.0,2.156733506247974,0.0,0.0,0.0,5.0,2.0,136.0,0.24,0,1,0,0,0
96,transient,24008,0.2,76.0,42,pulse16,2.275249471203608,0.004378195855523348,0.0,0.0,2.275249471203608,0.0,0.0,0.0,2.0,1.0,56.0,0.12,0,1,0,0,0
96,transient,24008,0.2,88.0,25,persistent,-0.12521900838453348,-0.0002409552668753978,0.13368106297753823,-0.9611061428015066,-1.0863251511860312,1.0,-36.2,0.0,1.0,1.0,32.0,0.12,1,0,0,0,1
96,transient,24008,0.2,88.0,25,pulse8,3.2798696813019887,0.006311357074060275,0.14102169318092306,-1.0138819408342679,2.265987740467722,1.0,-48.0,0.0,5.0,2.0,136.0,0.24,0,1,0,0,1
96,transient,24008,0.2,88.0,25,pulse16,-0.34858203448527547,-0.0006707661898217587,0.12098257739023366,-0.8698097973775818,-1.2183918318628457,1.0,-32.0,0.0,2.0,2.0,64.0,0.24,1,0,0,0,1
96,transient,24008,0.2,100.0,42,persistent,0.0,0.0,0.0,0.0,0.0,0.0,0.0,0.0,0.0,0.0,0.0,0.0,0,0,0,0,0
96,transient,24008,0.2,100.0,42,pulse8,2.7261055930262046,0.0052457650733096495,0.0,0.0,2.7261055930262046,0.0,0.0,0.0,5.0,1.0,128.0,0.12,0,1,0,0,0
96,transient,24008,0.2,100.0,42,pulse16,-1.7429796543116254,-0.0033539646510638566,0.0,0.0,-1.7429796543116254,0.0,0.0,0.0,2.0,1.0,56.0,0.12,1,0,0,0,0
96,transient,24009,0.2,52.0,61,persistent,0.0,0.0,0.0,0.0,0.0,0.0,0.0,0.0,0.0,0.0,0.0,0.0,0,0,0,0,0
96,transient,24009,0.2,52.0,61,pulse8,1.7668452556936813,0.003403395814849164,0.0,0.0,1.7668452556936813,0.0,0.0,0.0,5.0,4.0,152.0,0.48,0,1,0,0,0
96,transient,24009,0.2,52.0,61,pulse16,0.9611679308144403,0.0018514552434965026,0.0,0.0,0.9611679308144403,0.0,0.0,0.0,2.0,2.0,64.0,0.24,0,1,0,0,0
96,transient,24009,0.2,76.0,31,persistent,0.0,0.0,0.0,0.0,0.0,0.0,0.0,0.0,0.0,0.0,0.0,0.0,0,0,0,0,0
96,transient,24009,0.2,76.0,31,pulse8,0.0,0.0,0.0,0.0,0.0,0.0,0.0,0.0,5.0,2.0,136.0,0.24,0,0,0,0,0
96,transient,24009,0.2,76.0,31,pulse16,-1.0181653241623962,-0.001961246799577987,0.0,0.0,-1.0181653241623962,0.0,0.0,0.0,2.0,1.0,56.0,0.12,1,0,0,0,0
96,transient,24010,0.2,64.0,18,persistent,0.0,0.0,0.0,0.0,0.0,0.0,0.0,0.0,0.0,0.0,0.0,0.0,0,0,0,0,0
96,transient,24010,0.2,64.0,18,pulse8,0.0,0.0,0.0,0.0,0.0,0.0,0.0,0.0,5.0,0.0,120.0,0.0,0,0,0,0,0
96,transient,24010,0.2,64.0,18,pulse16,0.0,0.0,0.0,0.0,0.0,0.0,0.0,0.0,2.0,0.0,48.0,0.0,0,0,0,0,0
96,transient,24010,0.2,100.0,72,persistent,1.0068055591131042,0.0019484198440153921,0.22316768468676373,-1.6777790371219057,-0.6709734780088183,1.0,-40.0,0.0,1.0,1.0,32.0,0.12,0,1,0,0,1
96,transient,24010,0.2,100.0,72,pulse8,3.785627511698408,0.007326133332379747,0.22316768468676373,-1.6777790371219057,2.1078484745764854,1.0,-40.0,0.0,5.0,2.0,136.0,0.24,0,1,0,0,1
96,transient,24010,0.2,100.0,72,pulse16,0.614304915314392,0.0011888332125709056,0.18807249862862352,-1.4139327389677314,-0.7996278236533385,1.0,-32.0,0.0,2.0,1.0,56.0,0.12,0,1,0,0,1
96,transient,24011,0.2,76.0,7,persistent,0.0,0.0,0.0,0.0,0.0,0.0,0.0,0.0,0.0,0.0,0.0,0.0,0,0,0,0,0
96,transient,24011,0.2,76.0,7,pulse8,0.8674049903491436,0.0016657213083713929,0.0,0.0,0.8674049903491436,0.0,0.0,0.0,5.0,2.0,136.0,0.24,0,1,0,0,0
96,transient,24011,0.2,76.0,7,pulse16,1.6540581343950862,0.0031763707961122156,0.0,0.0,1.6540581343950862,0.0,0.0,0.0,2.0,2.0,64.0,0.24,0,1,0,0,0
96,transient,24011,0.2,88.0,6,persistent,0.0,0.0,0.0,0.0,0.0,0.0,0.0,0.0,0.0,0.0,0.0,0.0,0,0,0,0,0
96,transient,24011,0.2,88.0,6,pulse8,0.0,0.0,0.0,0.0,0.0,0.0,0.0,0.0,5.0,0.0,120.0,0.0,0,0,0,0,0
96,transient,24011,0.2,88.0,6,pulse16,0.0,0.0,0.0,0.0,0.0,0.0,0.0,0.0,2.0,0.0,48.0,0.0,0,0,0,0,0
96,transient,24012,0.2,40.0,46,persistent,0.0,0.0,0.0,0.0,0.0,0.0,0.0,0.0,5.0,0.0,120.0,0.0,0,0,0,0,0
96,transient,24012,0.2,40.0,46,pulse8,0.0,0.0,0.0,0.0,0.0,0.0,0.0,0.0,5.0,0.0,120.0,0.0,0,0,0,0,0
96,transient,24012,0.2,40.0,46,pulse16,0.0,0.0,0.0,0.0,0.0,0.0,0.0,0.0,2.0,0.0,48.0,0.0,0,0,0,0,0
96,transient,24012,0.2,64.0,43,persistent,0.0,0.0,0.0,0.0,0.0,0.0,0.0,0.0,0.0,0.0,0.0,0.0,0,0,0,0,0
96,transient,24012,0.2,64.0,43,pulse8,2.0701883789788553,0.003988872072141714,0.0,0.0,2.0701883789788553,0.0,0.0,0.0,5.0,3.0,144.0,0.36,0,1,0,0,0
96,transient,24012,0.2,64.0,43,pulse16,1.717740476191409,0.0033097698172023238,0.0,0.0,1.717740476191409,0.0,0.0,0.0,2.0,2.0,64.0,0.24,0,1,0,0,0
96,transient,24012,0.2,76.0,57,persistent,0.0,0.0,0.0,0.0,0.0,0.0,0.0,0.0,0.0,0.0,0.0,0.0,0,0,0,0,0
96,transient,24012,0.2,76.0,57,pulse8,-1.9996648890189022,-0.003852986283974902,0.0,0.0,-1.9996648890189022,0.0,0.0,0.0,5.0,2.0,136.0,0.24,1,0,0,0,0
96,transient,24012,0.2,76.0,57,pulse16,-1.9984533630480428,-0.0038506518963612457,0.0,0.0,-1.9984533630480428,0.0,0.0,0.0,2.0,2.0,64.0,0.24,1,0,0,0,0
96,transient,24012,0.2,88.0,46,persistent,0.0,0.0,0.0,0.0,0.0,0.0,0.0,0.0,0.0,0.0,0.0,0.0,0,0,0,0,0
96,transient,24012,0.2,88.0,46,pulse8,0.0,0.0,0.0,0.0,0.0,0.0,0.0,0.0,5.0,0.0,120.0,0.0,0,0,0,0,0
96,transient,24012,0.2,88.0,46,pulse16,0.0,0.0,0.0,0.0,0.0,0.0,0.0,0.0,2.0,0.0,48.0,0.0,0,0,0,0,0
96,transient,24012,0.2,100.0,44,persistent,2.5413903097559682,0.004896791487158048,0.38787744975288674,-2.763026804640672,-0.22163649488470583,1.0,-40.0,0.0,1.0,1.0,32.0,0.12,0,1,0,0,1
96,transient,24012,0.2,100.0,44,pulse8,2.5413903097559682,0.004896791487158048,0.38787744975288674,-2.763026804640672,-0.22163649488470583,1.0,-40.0,0.0,5.0,1.0,128.0,0.12,0,1,0,0,1
96,transient,24012,0.2,100.0,44,pulse16,6.629919704408849,0.01277463530275591,0.31014998873595634,-2.2093388849555624,4.420580819453278,1.0,-32.0,0.0,2.0,1.0,56.0,0.12,0,1,0,0,1
96,transient,24013,0.2,40.0,83,persistent,0.0,0.0,0.0,0.0,0.0,0.0,0.0,0.0,0.0,0.0,0.0,0.0,0,0,0,0,0
96,transient,24013,0.2,40.0,83,pulse8,0.9461348471152178,0.0018231327185388446,0.0,0.0,0.9461348471152178,0.0,0.0,0.0,5.0,3.0,144.0,0.36,0,1,0,0,0
96,transient,24013,0.2,40.0,83,pulse16,1.7671640871159298,0.003405196073340999,0.0,0.0,1.7671640871159298,0.0,0.0,0.0,2.0,1.0,56.0,0.12,0,1,0,0,0
96,transient,24013,0.2,64.0,85,persistent,0.0,0.0,0.0,0.0,0.0,0.0,0.0,0.0,0.0,0.0,0.0,0.0,0,0,0,0,0
96,transient,24013,0.2,64.0,85,pulse8,2.5026210023069098,0.004822367810803807,0.0,0.0,2.5026210023069098,0.0,0.0,0.0,5.0,1.0,128.0,0.12,0,1,0,0,0
96,transient,24013,0.2,64.0,85,pulse16,2.3028477152236064,0.004437419283559341,0.0,0.0,2.3028477152236064,0.0,0.0,0.0,2.0,1.0,56.0,0.12,0,1,0,0,0
96,transient,24013,0.2,76.0,83,persistent,-0.10213366113396205,-0.00019680410233824386,0.14139274643382993,-1.0070574213148848,-1.109191082448831,1.0,-29.4,0.0,2.0,1.0,56.0,0.12,1,0,0,0,1
96,transient,24013,0.2,76.0,83,pulse8,-0.9509269476866393,-0.0018323667461924709,0.15324695902732077,-1.0914880096386366,-2.0424149573252635,1.0,-32.0,0.0,5.0,2.0,136.0,0.24,1,0,0,0,1
96,transient,24013,0.2,76.0,83,pulse16,-1.0784549970109651,-0.002078103979065271,0.15324695902732077,-1.0914880096386366,-2.1699430066495893,1.0,-32.0,0.0,2.0,2.0,64.0,0.24,1,0,0,0,1
96,transient,24013,0.2,88.0,82,persistent,0.0,0.0,0.0,0.0,0.0,0.0,0.0,0.0,0.0,0.0,0.0,0.0,0,0,0,0,0
96,transient,24013,0.2,88.0,82,pulse8,-0.8934093627393622,-0.0017215345626738765,0.0,0.0,-0.8934093627393622,0.0,0.0,0.0,5.0,1.0,128.0,0.12,1,0,0,0,0
96,transient,24013,0.2,88.0,82,pulse16,0.0,0.0,0.0,0.0,0.0,0.0,0.0,0.0,2.0,0.0,48.0,0.0,0,0,0,0,0
96,transient,24013,0.2,100.0,84,persistent,0.0,0.0,0.0,0.0,0.0,0.0,0.0,0.0,0.0,0.0,0.0,0.0,0,0,0,0,0
96,transient,24013,0.2,100.0,84,pulse8,3.1212994208217424,0.006014515917902141,0.0,0.0,3.1212994208217424,0.0,0.0,0.0,5.0,2.0,136.0,0.24,0,1,0,0,0
96,transient,24013,0.2,100.0,84,pulse16,2.978755171515786,0.005739843564863234,0.0,0.0,2.978755171515786,0.0,0.0,0.0,2.0,1.0,56.0,0.12,0,1,0,0,0
96,transient,24014,0.2,76.0,49,persistent,0.0,0.0,0.0,0.0,0.0,0.0,0.0,0.0,0.0,0.0,0.0,0.0,0,0,0,0,0
96,transient,24014,0.2,76.0,49,pulse8,1.6085020548353555,0.0031054379356696415,0.0,0.0,1.6085020548353555,0.0,0.0,0.0,5.0,1.0,128.0,0.12,0,1,0,0,0
96,transient,24014,0.2,76.0,49,pulse16,1.2259928329366403,0.002366950443622673,0.0,0.0,1.2259928329366403,0.0,0.0,0.0,2.0,1.0,56.0,0.12,0,1,0,0,0
96,transient,24014,0.2,100.0,49,persistent,0.0,0.0,0.0,0.0,0.0,0.0,0.0,0.0,0.0,0.0,0.0,0.0,0,0,0,0,0
96,transient,24014,0.2,100.0,49,pulse8,-0.3840876730797049,-0.0007415349125723392,0.0,0.0,-0.3840876730797049,0.0,0.0,0.0,5.0,4.0,152.0,0.48,1,0,0,0,0
96,transient,24014,0.2,100.0,49,pulse16,-0.3078785029423443,-0.0005944024626763911,0.0,0.0,-0.3078785029423443,0.0,0.0,0.0,2.0,2.0,64.0,0.24,1,0,0,0,0
96,transient,24015,0.2,76.0,59,persistent,0.0,0.0,0.0,0.0,0.0,0.0,0.0,0.0,0.0,0.0,0.0,0.0,0,0,0,0,0
96,transient,24015,0.2,76.0,59,pulse8,0.0,0.0,0.0,0.0,0.0,0.0,0.0,0.0,5.0,0.0,120.0,0.0,0,0,0,0,0
96,transient,24015,0.2,76.0,59,pulse16,0.0,0.0,0.0,0.0,0.0,0.0,0.0,0.0,2.0,0.0,48.0,0.0,0,0,0,0,0
96,transient,24016,0.2,40.0,95,persistent,0.0,0.0,0.0,0.0,0.0,0.0,0.0,0.0,3.0,0.0,72.0,0.0,0,0,0,0,0
96,transient,24016,0.2,40.0,95,pulse8,0.0,0.0,0.0,0.0,0.0,0.0,0.0,0.0,5.0,0.0,120.0,0.0,0,0,0,0,0
96,transient,24016,0.2,40.0,95,pulse16,0.0,0.0,0.0,0.0,0.0,0.0,0.0,0.0,2.0,0.0,48.0,0.0,0,0,0,0,0
96,transient,24016,0.2,76.0,5,persistent,0.0,0.0,0.0,0.0,0.0,0.0,0.0,0.0,0.0,0.0,0.0,0.0,0,0,0,0,0
96,transient,24016,0.2,76.0,5,pulse8,0.0,0.0,0.0,0.0,0.0,0.0,0.0,0.0,5.0,0.0,120.0,0.0,0,0,0,0,0
96,transient,24016,0.2,76.0,5,pulse16,0.0,0.0,0.0,0.0,0.0,0.0,0.0,0.0,2.0,0.0,48.0,0.0,0,0,0,0,0
96,transient,24016,0.2,88.0,4,persistent,0.0,0.0,0.0,0.0,0.0,0.0,0.0,0.0,0.0,0.0,0.0,0.0,0,0,0,0,0
96,transient,24016,0.2,88.0,4,pulse8,0.0,0.0,0.0,0.0,0.0,0.0,0.0,0.0,5.0,0.0,120.0,0.0,0,0,0,0,0
96,transient,24016,0.2,88.0,4,pulse16,0.0,0.0,0.0,0.0,0.0,0.0,0.0,0.0,2.0,0.0,48.0,0.0,0,0,0,0,0
96,transient,24016,0.2,100.0,5,persistent,1.0649105118982334,0.002047017203231638,0.22675642286311115,-1.5658806185983734,-0.5009701067000947,1.0,-40.0,0.0,1.0,1.0,32.0,0.12,0,1,0,0,1
96,transient,24016,0.2,100.0,5,pulse8,1.0649105118982334,0.002047017203231638,0.22675642286311115,-1.5658806185983734,-0.5009701067000947,1.0,-40.0,0.0,5.0,1.0,128.0,0.12,0,1,0,0,1
96,transient,24016,0.2,100.0,5,pulse16,0.35426781442907895,0.000680988968166929,0.18966126386077864,-1.3097176848558378,-0.9554498704267189,1.0,-32.0,0.0,2.0,1.0,56.0,0.12,0,1,0,0,1
96,transient,24017,0.2,64.0,0,persistent,0.0,0.0,0.0,0.0,0.0,0.0,0.0,0.0,0.0,0.0,0.0,0.0,0,0,0,0,0
96,transient,24017,0.2,64.0,0,pulse8,0.008162492723840842,1.5621885714134365e-05,0.0,0.0,0.008162492723840842,0.0,0.0,0.0,5.0,1.0,128.0,0.12,0,0,0,0,0
96,transient,24017,0.2,64.0,0,pulse16,0.00019066644114218434,3.6490928123633637e-07,0.0,0.0,0.00019066644114218434,0.0,0.0,0.0,2.0,2.0,64.0,0.24,0,0,0,0,0
96,transient,24017,0.2,100.0,41,persistent,0.0,0.0,0.0,0.0,0.0,0.0,0.0,0.0,5.0,0.0,120.0,0.0,0,0,0,0,0
96,transient,24017,0.2,100.0,41,pulse8,0.0,0.0,0.0,0.0,0.0,0.0,0.0,0.0,5.0,0.0,120.0,0.0,0,0,0,0,0
96,transient,24017,0.2,100.0,41,pulse16,0.0,0.0,0.0,0.0,0.0,0.0,0.0,0.0,2.0,0.0,48.0,0.0,0,0,0,0,0
96,transient,24019,0.2,40.0,62,persistent,2.315419654191089,0.004461229484960527,0.04616149584263396,-0.35686495558548703,1.9585546986056102,0.0,-5.4,0.0,1.0,1.0,32.0,0.12,0,1,0,0,0
96,transient,24019,0.2,40.0,62,pulse8,2.0920674633435965,0.0040308861657545325,0.04616149584263396,-0.35686495558548703,1.7352025077581175,0.0,-5.4,0.0,5.0,5.0,160.0,0.6,0,1,0,0,0
96,transient,24019,0.2,40.0,62,pulse16,-0.04489962672641923,-8.651025236527943e-05,0.0,0.0,-0.04489962672641923,0.0,0.0,0.0,2.0,2.0,64.0,0.24,1,0,0,0,0
96,transient,24019,0.2,52.0,61,persistent,0.0,0.0,0.0,0.0,0.0,0.0,0.0,0.0,0.0,0.0,0.0,0.0,0,0,0,0,0
96,transient,24019,0.2,52.0,61,pulse8,0.04173093932183747,8.040499120787192e-05,0.0,0.0,0.04173093932183747,0.0,0.0,0.0,5.0,4.0,152.0,0.48,0,1,0,0,0
96,transient,24019,0.2,52.0,61,pulse16,0.0,0.0,0.0,0.0,0.0,0.0,0.0,0.0,2.0,2.0,64.0,0.24,0,0,0,0,0
96,transient,24019,0.2,64.0,32,persistent,0.0,0.0,0.0,0.0,0.0,0.0,0.0,0.0,0.0,0.0,0.0,0.0,0,0,0,0,0
96,transient,24019,0.2,64.0,32,pulse8,1.7152149017525744,0.0033047863608186567,0.0,0.0,1.7152149017525744,0.0,0.0,0.0,5.0,3.0,144.0,0.36,0,1,0,0,0
96,transient,24019,0.2,64.0,32,pulse16,5.104738068096708,0.00983554231353767,0.0,0.0,5.104738068096708,0.0,0.0,0.0,2.0,2.0,64.0,0.24,0,1,0,0,0
384,mixed,24000,0.2,40.0,35,persistent,0.0,0.0,0.0,0.0,0.0,0.0,0.0,0.0,5.0,0.0,120.0,0.0,0,0,0,0,0
384,mixed,24000,0.2,40.0,35,pulse8,0.0,0.0,0.0,0.0,0.0,0.0,0.0,0.0,5.0,0.0,120.0,0.0,0,0,0,0,0
384,mixed,24000,0.2,40.0,35,pulse16,0.0,0.0,0.0,0.0,0.0,0.0,0.0,0.0,2.0,0.0,48.0,0.0,0,0,0,0,0
384,mixed,24000,0.2,76.0,66,persistent,3.5789522887985186,0.0017313180504771042,0.007905659855776404,-0.05804079648767768,3.520911492310688,0.0,-2.0,0.0,1.0,1.0,32.0,0.12,0,1,0,0,0
384,mixed,24000,0.2,76.0,66,pulse8,3.572417945485313,0.0017281570621169307,0.007905659855776404,-0.05804079648767768,3.5143771489974824,0.0,-2.0,0.0,5.0,5.0,160.0,0.6,0,1,0,0,0
384,mixed,24000,0.2,76.0,66,pulse16,-0.046931918528343886,-2.27033140245414e-05,0.0,0.0,-0.046931918528343886,0.0,0.0,0.0,2.0,2.0,64.0,0.24,1,0,0,0,0
384,mixed,24000,0.2,88.0,100,persistent,0.0,0.0,0.0,0.0,0.0,0.0,0.0,0.0,0.0,0.0,0.0,0.0,0,0,0,0,0
384,mixed,24000,0.2,88.0,100,pulse8,0.8968487274310064,0.00043385054201705575,0.0,0.0,0.8968487274310064,0.0,0.0,0.0,5.0,3.0,144.0,0.36,0,1,0,0,0
384,mixed,24000,0.2,88.0,100,pulse16,2.164668567125773,0.0010471583472332346,0.0,0.0,2.164668567125773,0.0,0.0,0.0,2.0,2.0,64.0,0.24,0,1,0,0,0
384,mixed,24001,0.2,40.0,148,persistent,0.13051510373497877,5.6367534344237136e-05,0.49704859262956547,-5.101122975926252,-4.9706078721912945,0.0,-23.0,0.0,1.0,1.0,32.0,0.12,0,1,0,0,0
384,mixed,24001,0.2,40.0,148,pulse8,0.13051510373497877,5.6367534344237136e-05,0.49704859262956547,-5.101122975926252,-4.9706078721912945,0.0,-23.0,0.0,5.0,1.0,128.0,0.12,0,1,0,0,0
384,mixed,24001,0.2,40.0,148,pulse16,0.12542769535480147,5.417035824439864e-05,0.27848609606695207,-2.858054210771816,-2.732626515416996,0.0,-14.399999999999999,0.0,2.0,1.0,56.0,0.12,0,1,0,0,0
384,mixed,24001,0.2,64.0,200,persistent,0.0,0.0,0.0,0.0,0.0,0.0,0.0,0.0,0.0,0.0,0.0,0.0,0,0,0,0,0
384,mixed,24001,0.2,64.0,200,pulse8,-1.8248090270258217,-0.0008728807906753788,0.0,0.0,-1.8248090270258217,0.0,0.0,0.0,5.0,5.0,160.0,0.6,1,0,0,0,0
384,mixed,24001,0.2,64.0,200,pulse16,-1.653156301682884,-0.0007907722717017673,0.0,0.0,-1.653156301682884,0.0,0.0,0.0,2.0,2.0,64.0,0.24,1,0,0,0,0
384,mixed,24002,0.2,40.0,340,persistent,0.0,0.0,0.0,0.0,0.0,0.0,0.0,0.0,4.0,0.0,96.0,0.0,0,0,0,0,0
384,mixed,24002,0.2,40.0,340,pulse8,-0.34574010269261635,-0.00015128043360113086,0.21937805294765378,-1.576887389203602,-1.9226274918962645,1.0,-8.0,0.0,5.0,1.0,128.0,0.12,1,0,0,0,1
384,mixed,24002,0.2,40.0,340,pulse16,-0.48659710826018454,-0.00021291317077010152,0.21981468221363765,-1.5800258762766521,-2.0666229845369344,1.0,-8.0,0.0,2.0,1.0,56.0,0.12,1,0,0,0,1
384,mixed,24003,0.2,40.0,192,persistent,0.0,0.0,0.0,0.0,0.0,0.0,0.0,0.0,5.0,0.0,120.0,0.0,0,0,0,0,0
384,mixed,24003,0.2,40.0,192,pulse8,0.0,0.0,0.0,0.0,0.0,0.0,0.0,0.0,5.0,0.0,120.0,0.0,0,0,0,0,0
384,mixed,24003,0.2,40.0,192,pulse16,0.0,0.0,0.0,0.0,0.0,0.0,0.0,0.0,2.0,0.0,48.0,0.0,0,0,0,0,0
384,mixed,24003,0.2,64.0,182,persistent,0.0,0.0,0.0,0.0,0.0,0.0,0.0,0.0,0.0,0.0,0.0,0.0,0,0,0,0,0
384,mixed,24003,0.2,64.0,182,pulse8,-0.5383050846444348,-0.00025738310002609843,0.0,0.0,-0.5383050846444348,0.0,0.0,0.0,5.0,2.0,136.0,0.24,1,0,0,0,0
384,mixed,24003,0.2,64.0,182,pulse16,-0.2677429312552704,-0.00012801756405866893,0.0,0.0,-0.2677429312552704,0.0,0.0,0.0,2.0,2.0,64.0,0.24,1,0,0,0,0
384,mixed,24003,0.2,88.0,191,persistent,0.0,0.0,0.0,0.0,0.0,0.0,0.0,0.0,0.0,0.0,0.0,0.0,0,0,0,0,0
384,mixed,24003,0.2,88.0,191,pulse8,0.8206923728223501,0.0003946901117037882,0.0,0.0,0.8206923728223501,0.0,0.0,0.0,5.0,1.0,128.0,0.12,0,1,0,0,0
384,mixed,24003,0.2,88.0,191,pulse16,1.6570178595466132,0.0007968985526580763,0.0,0.0,1.6570178595466132,0.0,0.0,0.0,2.0,1.0,56.0,0.12,0,1,0,0,0
384,mixed,24005,0.2,40.0,171,persistent,0.0,0.0,0.0,0.0,0.0,0.0,0.0,0.0,5.0,0.0,120.0,0.0,0,0,0,0,0
384,mixed,24005,0.2,40.0,171,pulse8,0.0,0.0,0.0,0.0,0.0,0.0,0.0,0.0,5.0,0.0,120.0,0.0,0,0,0,0,0
384,mixed,24005,0.2,40.0,171,pulse16,0.0,0.0,0.0,0.0,0.0,0.0,0.0,0.0,2.0,0.0,48.0,0.0,0,0,0,0,0
384,mixed,24005,0.2,52.0,166,persistent,0.0,0.0,0.0,0.0,0.0,0.0,0.0,0.0,2.0,0.0,48.0,0.0,0,0,0,0,0
384,mixed,24005,0.2,52.0,166,pulse8,0.6866825806023371,0.000308266501304888,0.0,0.0,0.6866825806023371,0.0,0.0,0.0,5.0,3.0,144.0,0.36,0,1,0,0,0
384,mixed,24005,0.2,52.0,166,pulse16,-0.8593649915349033,-0.00038578732993643783,0.0,0.0,-0.8593649915349033,0.0,0.0,0.0,2.0,1.0,56.0,0.12,1,0,0,0,0
384,mixed,24005,0.2,76.0,38,persistent,0.0,0.0,0.0,0.0,0.0,0.0,0.0,0.0,1.0,0.0,24.0,0.0,0,0,0,0,0
384,mixed,24005,0.2,76.0,38,pulse8,0.9260219529332971,0.00044555580546390416,0.0,0.0,0.9260219529332971,0.0,0.0,0.0,5.0,1.0,128.0,0.12,0,1,0,0,0
384,mixed,24005,0.2,76.0,38,pulse16,0.40200049022064377,0.0001934226846888043,0.0,0.0,0.40200049022064377,0.0,0.0,0.0,2.0,1.0,56.0,0.12,0,1,0,0,0
384,mixed,24006,0.2,40.0,316,persistent,0.0,0.0,0.0,0.0,0.0,0.0,0.0,0.0,4.0,0.0,96.0,0.0,0,0,0,0,0
384,mixed,24006,0.2,40.0,316,pulse8,0.0,0.0,0.0,0.0,0.0,0.0,0.0,0.0,5.0,0.0,120.0,0.0,0,0,0,0,0
384,mixed,24006,0.2,40.0,316,pulse16,0.0,0.0,0.0,0.0,0.0,0.0,0.0,0.0,2.0,0.0,48.0,0.0,0,0,0,0,0
384,mixed,24006,0.2,76.0,112,persistent,0.0,0.0,0.0,0.0,0.0,0.0,0.0,0.0,2.0,0.0,48.0,0.0,0,0,0,0,0
384,mixed,24006,0.2,76.0,112,pulse8,1.711806294224516e-05,8.219625646788131e-09,0.0,0.0,1.711806294224516e-05,0.0,0.0,0.0,5.0,3.0,144.0,0.36,0,0,0,0,0
384,mixed,24006,0.2,76.0,112,pulse16,0.0,0.0,0.0,0.0,0.0,0.0,0.0,0.0,2.0,1.0,56.0,0.12,0,0,0,0,0
384,mixed,24007,0.2,100.0,286,persistent,0.0,0.0,0.0,0.0,0.0,0.0,0.0,0.0,0.0,0.0,0.0,0.0,0,0,0,0,0
384,mixed,24007,0.2,100.0,286,pulse8,0.5615653699310315,0.0002714648740910208,0.0,0.0,0.5615653699310315,0.0,0.0,0.0,5.0,1.0,128.0,0.12,0,1,0,0,0
384,mixed,24007,0.2,100.0,286,pulse16,0.5615653699310315,0.0002714648740910208,0.0,0.0,0.5615653699310315,0.0,0.0,0.0,2.0,1.0,56.0,0.12,0,1,0,0,0
384,mixed,24008,0.2,40.0,169,persistent,0.0,0.0,0.0,0.0,0.0,0.0,0.0,0.0,3.0,0.0,72.0,0.0,0,0,0,0,0
384,mixed,24008,0.2,40.0,169,pulse8,0.0,0.0,0.0,0.0,0.0,0.0,0.0,0.0,5.0,0.0,120.0,0.0,0,0,0,0,0
384,mixed,24008,0.2,40.0,169,pulse16,0.0,0.0,0.0,0.0,0.0,0.0,0.0,0.0,2.0,0.0,48.0,0.0,0,0,0,0,0
384,mixed,24009,0.2,76.0,72,persistent,1.7460333720891867,0.0008398265961376827,0.02906402868935376,-0.19452248395916172,1.5515108881299966,0.0,-3.200000000000001,0.0,1.0,1.0,32.0,0.12,0,1,0,0,0
384,mixed,24009,0.2,76.0,72,pulse8,3.9267881950011088,0.001888750361979219,0.02906402868935376,-0.19452248395916172,3.7322657110419186,0.0,-3.200000000000001,0.0,5.0,5.0,160.0,0.6,0,1,0,0,0
384,mixed,24009,0.2,76.0,72,pulse16,1.1624284146118953,0.0005591177776453904,0.0,0.0,1.1624284146118953,0.0,0.0,0.0,2.0,1.0,56.0,0.12,0,1,0,0,0
384,mixed,24010,0.2,52.0,68,persistent,0.0,0.0,0.0,0.0,0.0,0.0,0.0,0.0,5.0,0.0,120.0,0.0,0,0,0,0,0
384,mixed,24010,0.2,52.0,68,pulse8,0.0,0.0,0.0,0.0,0.0,0.0,0.0,0.0,5.0,0.0,120.0,0.0,0,0,0,0,0
384,mixed,24010,0.2,52.0,68,pulse16,0.0,0.0,0.0,0.0,0.0,0.0,0.0,0.0,2.0,0.0,48.0,0.0,0,0,0,0,0
384,mixed,24010,0.2,64.0,169,persistent,0.0,0.0,0.0,0.0,0.0,0.0,0.0,0.0,0.0,0.0,0.0,0.0,0,0,0,0,0
384,mixed,24010,0.2,64.0,169,pulse8,0.0036346613269415684,1.7320224313666088e-06,0.0,0.0,0.0036346613269415684,0.0,0.0,0.0,5.0,3.0,144.0,0.36,0,0,0,0,0
384,mixed,24010,0.2,64.0,169,pulse16,-2.48188994191878e-05,-1.1826931434200105e-08,0.0,0.0,-2.48188994191878e-05,0.0,0.0,0.0,2.0,2.0,64.0,0.24,0,0,0,0,0
384,mixed,24010,0.2,100.0,353,persistent,0.0,0.0,0.0,0.0,0.0,0.0,0.0,0.0,5.0,0.0,120.0,0.0,0,0,0,0,0
384,mixed,24010,0.2,100.0,353,pulse8,0.0,0.0,0.0,0.0,0.0,0.0,0.0,0.0,5.0,0.0,120.0,0.0,0,0,0,0,0
384,mixed,24010,0.2,100.0,353,pulse16,0.0,0.0,0.0,0.0,0.0,0.0,0.0,0.0,2.0,0.0,48.0,0.0,0,0,0,0,0
384,mixed,24011,0.2,100.0,224,persistent,0.0,0.0,0.0,0.0,0.0,0.0,0.0,0.0,0.0,0.0,0.0,0.0,0,0,0,0,0
384,mixed,24011,0.2,100.0,224,pulse8,1.3909067146569214,0.000666567818543462,0.0,0.0,1.3909067146569214,0.0,0.0,0.0,5.0,2.0,136.0,0.24,0,1,0,0,0
384,mixed,24011,0.2,100.0,224,pulse16,1.462843667045945,0.0007010423501000451,0.0,0.0,1.462843667045945,0.0,0.0,0.0,2.0,1.0,56.0,0.12,0,1,0,0,0
384,mixed,24012,0.2,100.0,74,persistent,0.0,0.0,0.0,0.0,0.0,0.0,0.0,0.0,0.0,0.0,0.0,0.0,0,0,0,0,0
384,mixed,24012,0.2,100.0,74,pulse8,0.0,0.0,0.0,0.0,0.0,0.0,0.0,0.0,5.0,0.0,120.0,0.0,0,0,0,0,0
384,mixed,24012,0.2,100.0,74,pulse16,0.0,0.0,0.0,0.0,0.0,0.0,0.0,0.0,2.0,0.0,48.0,0.0,0,0,0,0,0
384,mixed,24013,0.2,64.0,321,persistent,0.0,0.0,0.0,0.0,0.0,0.0,0.0,0.0,0.0,0.0,0.0,0.0,0,0,0,0,0
384,mixed,24013,0.2,64.0,321,pulse8,1.6218132493252142,0.0007773046132281136,0.0,0.0,1.6218132493252142,0.0,0.0,0.0,5.0,1.0,128.0,0.12,0,1,0,0,0
384,mixed,24013,0.2,64.0,321,pulse16,-1.3290334901450933,-0.0006369807765809199,0.0,0.0,-1.3290334901450933,0.0,0.0,0.0,2.0,1.0,56.0,0.12,1,0,0,0,0
384,mixed,24014,0.2,88.0,143,persistent,0.0,0.0,0.0,0.0,0.0,0.0,0.0,0.0,0.0,0.0,0.0,0.0,0,0,0,0,0
384,mixed,24014,0.2,88.0,143,pulse8,-0.6592550661225687,-0.00031929020303267386,0.0,0.0,-0.6592550661225687,0.0,0.0,0.0,5.0,2.0,136.0,0.24,1,0,0,0,0
384,mixed,24014,0.2,88.0,143,pulse16,-0.3696131487533876,-0.00017901092213534753,0.0,0.0,-0.3696131487533876,0.0,0.0,0.0,2.0,2.0,64.0,0.24,1,0,0,0,0
384,mixed,24015,0.2,64.0,159,persistent,0.0,0.0,0.0,0.0,0.0,0.0,0.0,0.0,0.0,0.0,0.0,0.0,0,0,0,0,0
384,mixed,24015,0.2,64.0,159,pulse8,2.1117253769866693,0.0010153814078676104,0.0,0.0,2.1117253769866693,0.0,0.0,0.0,5.0,2.0,136.0,0.24,0,1,0,0,0
384,mixed,24015,0.2,64.0,159,pulse16,2.377080265368022,0.0011429720610298677,0.0,0.0,2.377080265368022,0.0,0.0,0.0,2.0,1.0,56.0,0.12,0,1,0,0,0
384,mixed,24015,0.2,100.0,8,persistent,0.0,0.0,0.0,0.0,0.0,0.0,0.0,0.0,0.0,0.0,0.0,0.0,0,0,0,0,0
384,mixed,24015,0.2,100.0,8,pulse8,1.7662597748544613,0.0008541711528982088,0.0,0.0,1.7662597748544613,0.0,0.0,0.0,5.0,4.0,152.0,0.48,0,1,0,0,0
384,mixed,24015,0.2,100.0,8,pulse16,-3.351114303749455,-0.0016206139148261522,0.0,0.0,-3.351114303749455,0.0,0.0,0.0,2.0,2.0,64.0,0.24,1,0,0,0,0
384,mixed,24016,0.2,40.0,320,persistent,0.0,0.0,0.0,0.0,0.0,0.0,0.0,0.0,4.0,0.0,96.0,0.0,0,0,0,0,0
384,mixed,24016,0.2,40.0,320,pulse8,0.0,0.0,0.0,0.0,0.0,0.0,0.0,0.0,5.0,0.0,120.0,0.0,0,0,0,0,0
384,mixed,24016,0.2,40.0,320,pulse16,0.0,0.0,0.0,0.0,0.0,0.0,0.0,0.0,2.0,0.0,48.0,0.0,0,0,0,0,0
384,mixed,24017,0.2,64.0,57,persistent,0.0,0.0,0.0,0.0,0.0,0.0,0.0,0.0,0.0,0.0,0.0,0.0,0,0,0,0,0
384,mixed,24017,0.2,64.0,57,pulse8,1.059254163345031,0.0005098139884076591,0.0,0.0,1.059254163345031,0.0,0.0,0.0,5.0,3.0,144.0,0.36,0,1,0,0,0
384,mixed,24017,0.2,64.0,57,pulse16,0.9833096345223566,0.00047326224806376604,0.0,0.0,0.9833096345223566,0.0,0.0,0.0,2.0,2.0,64.0,0.24,0,1,0,0,0
384,mixed,24017,0.2,100.0,133,persistent,0.0,0.0,0.0,0.0,0.0,0.0,0.0,0.0,0.0,0.0,0.0,0.0,0,0,0,0,0
384,mixed,24017,0.2,100.0,133,pulse8,-3.0027725144000215,-0.0014538286529501843,0.0,0.0,-3.0027725144000215,0.0,0.0,0.0,5.0,1.0,128.0,0.12,1,0,0,0,0
384,mixed,24017,0.2,100.0,133,pulse16,2.2886743650742574,0.0011080893918073986,0.0,0.0,2.2886743650742574,0.0,0.0,0.0,2.0,1.0,56.0,0.12,0,1,0,0,0
384,mixed,24018,0.2,52.0,237,persistent,0.0,0.0,0.0,0.0,0.0,0.0,0.0,0.0,0.0,0.0,0.0,0.0,0,0,0,0,0
384,mixed,24018,0.2,52.0,237,pulse8,1.8014778418664719,0.0008126042522798027,0.0013697859334275142,-0.011824418767824696,1.7896534230985708,0.0,-13.0,0.0,5.0,1.0,128.0,0.12,0,1,0,0,0
384,mixed,24018,0.2,52.0,237,pulse16,-5.715460869999788,-0.002578109871109291,0.0,0.0,-5.715460869999788,0.0,0.0,0.0,2.0,2.0,64.0,0.24,1,0,0,0,0
384,mixed,24018,0.2,64.0,184,persistent,0.0,0.0,0.0,0.0,0.0,0.0,0.0,0.0,0.0,0.0,0.0,0.0,0,0,0,0,0
384,mixed,24018,0.2,64.0,184,pulse8,-0.0331683864351362,-1.5954217284397387e-05,0.0,0.0,-0.0331683864351362,0.0,0.0,0.0,5.0,2.0,136.0,0.24,1,0,0,0,0
384,mixed,24018,0.2,64.0,184,pulse16,-0.01550864195360191,-7.45976123972536e-06,0.0,0.0,-0.01550864195360191,0.0,0.0,0.0,2.0,2.0,64.0,0.24,1,0,0,0,0
384,mixed,24018,0.2,76.0,183,persistent,0.0,0.0,0.0,0.0,0.0,0.0,0.0,0.0,0.0,0.0,0.0,0.0,0,0,0,0,0
384,mixed,24018,0.2,76.0,183,pulse8,-0.005129256959207851,-2.48092521371035e-06,0.0,0.0,-0.005129256959207851,0.0,0.0,0.0,5.0,4.0,152.0,0.48,0,0,0,0,0
384,mixed,24018,0.2,76.0,183,pulse16,0.0,0.0,0.0,0.0,0.0,0.0,0.0,0.0,2.0,2.0,64.0,0.24,0,0,0,0,0
384,mixed,24018,0.2,100.0,101,persistent,0.0,0.0,0.0,0.0,0.0,0.0,0.0,0.0,0.0,0.0,0.0,0.0,0,0,0,0,0
384,mixed,24018,0.2,100.0,101,pulse8,0.7647582478541608,0.00036989919486285494,0.0,0.0,0.7647582478541608,0.0,0.0,0.0,5.0,2.0,136.0,0.24,0,1,0,0,0
384,mixed,24018,0.2,100.0,101,pulse16,0.0,0.0,0.0,0.0,0.0,0.0,0.0,0.0,2.0,0.0,48.0,0.0,0,0,0,0,0
384,mixed,24019,0.2,40.0,313,persistent,1.2071395112709524,0.0005250139305685853,0.4840404456018298,-3.213819084501636,-2.0066795732304854,1.0,-7.0,0.0,5.0,1.0,128.0,0.12,0,1,0,0,1
384,mixed,24019,0.2,40.0,313,pulse8,1.2071395112709524,0.0005250139305685853,0.4840404456018298,-3.213819084501636,-2.0066795732304854,1.0,-7.0,0.0,5.0,1.0,128.0,0.12,0,1,0,0,1
384,mixed,24019,0.2,40.0,313,pulse16,0.542455707218096,0.00023592699961083596,0.13884380956902467,-0.9218628092184273,-0.37940710200018657,0.0,0.0,0.0,2.0,1.0,56.0,0.12,0,1,0,0,0
384,mixed,24019,0.2,88.0,208,persistent,0.0,0.0,0.0,0.0,0.0,0.0,0.0,0.0,0.0,0.0,0.0,0.0,0,0,0,0,0
384,mixed,24019,0.2,88.0,208,pulse8,4.453388490270072,0.002140817834676012,0.0,0.0,4.453388490270072,0.0,0.0,0.0,5.0,1.0,128.0,0.12,0,1,0,0,0
384,mixed,24019,0.2,88.0,208,pulse16,4.1398114311966765,0.0019900761326941963,0.0,0.0,4.1398114311966765,0.0,0.0,0.0,2.0,1.0,56.0,0.12,0,1,0,0,0
384,mixed,24019,0.2,100.0,111,persistent,0.0,0.0,0.0,0.0,0.0,0.0,0.0,0.0,0.0,0.0,0.0,0.0,0,0,0,0,0
384,mixed,24019,0.2,100.0,111,pulse8,2.3733528472034777,0.0011409101438990543,0.0,0.0,2.3733528472034777,0.0,0.0,0.0,5.0,2.0,136.0,0.24,0,1,0,0,0
384,mixed,24019,0.2,100.0,111,pulse16,0.9295031092888166,0.00044682758715075543,0.0,0.0,0.9295031092888166,0.0,0.0,0.0,2.0,2.0,64.0,0.24,0,1,0,0,0
384,transient,24000,0.2,40.0,36,persistent,0.0,0.0,0.0,0.0,0.0,0.0,0.0,0.0,2.0,0.0,48.0,0.0,0,0,0,0,0
384,transient,24000,0.2,40.0,36,pulse8,0.0,0.0,0.0,0.0,0.0,0.0,0.0,0.0,5.0,0.0,120.0,0.0,0,0,0,0,0
384,transient,24000,0.2,40.0,36,pulse16,0.0,0.0,0.0,0.0,0.0,0.0,0.0,0.0,2.0,0.0,48.0,0.0,0,0,0,0,0
384,transient,24000,0.2,64.0,213,persistent,0.0,0.0,0.0,0.0,0.0,0.0,0.0,0.0,0.0,0.0,0.0,0.0,0,0,0,0,0
384,transient,24000,0.2,64.0,213,pulse8,0.7334294369070449,0.0003547964656703817,0.0,0.0,0.7334294369070449,0.0,0.0,0.0,5.0,1.0,128.0,0.12,0,1,0,0,0
384,transient,24000,0.2,64.0,213,pulse16,1.5988017296767794,0.0007734202834687176,0.0,0.0,1.5988017296767794,0.0,0.0,0.0,2.0,1.0,56.0,0.12,0,1,0,0,0
384,transient,24000,0.2,88.0,113,persistent,0.0,0.0,0.0,0.0,0.0,0.0,0.0,0.0,0.0,0.0,0.0,0.0,0,0,0,0,0
384,transient,24000,0.2,88.0,113,pulse8,0.0,0.0,0.0,0.0,0.0,0.0,0.0,0.0,5.0,0.0,120.0,0.0,0,0,0,0,0
384,transient,24000,0.2,88.0,113,pulse16,0.0,0.0,0.0,0.0,0.0,0.0,0.0,0.0,2.0,0.0,48.0,0.0,0,0,0,0,0
384,transient,24000,0.2,100.0,175,persistent,2.2911822132721227,0.001108359319341945,0.16876844864292462,-1.2125051810758283,1.0786770321963104,1.0,-40.0,0.0,1.0,1.0,32.0,0.12,0,1,0,0,1
384,transient,24000,0.2,100.0,175,pulse8,2.2911822132721227,0.001108359319341945,0.16876844864292462,-1.2125051810758283,1.0786770321963104,1.0,-40.0,0.0,5.0,3.0,144.0,0.36,0,1,0,0,1
384,transient,24000,0.2,100.0,175,pulse16,1.850824718590502,0.0008953363959598448,0.1367740448878657,-0.9826436125754343,0.8681811060150721,1.0,-32.0,0.0,2.0,2.0,64.0,0.24,0,1,0,0,1
384,transient,24001,0.2,64.0,190,persistent,0.0,0.0,0.0,0.0,0.0,0.0,0.0,0.0,0.0,0.0,0.0,0.0,0,0,0,0,0
384,transient,24001,0.2,64.0,190,pulse8,0.0,0.0,0.0,0.0,0.0,0.0,0.0,0.0,5.0,0.0,120.0,0.0,0,0,0,0,0
384,transient,24001,0.2,64.0,190,pulse16,0.0,0.0,0.0,0.0,0.0,0.0,0.0,0.0,2.0,0.0,48.0,0.0,0,0,0,0,0
384,transient,24002,0.2,40.0,340,persistent,0.0,0.0,0.0,0.0,0.0,0.0,0.0,0.0,2.0,0.0,48.0,0.0,0,0,0,0,0
384,transient,24002,0.2,40.0,340,pulse8,-0.09416473340002085,-4.545197522654032e-05,0.0,0.0,-0.09416473340002085,0.0,0.0,0.0,5.0,1.0,128.0,0.12,1,0,0,0,0
384,transient,24002,0.2,40.0,340,pulse16,-0.09416473340002085,-4.545197522654032e-05,0.0,0.0,-0.09416473340002085,0.0,0.0,0.0,2.0,1.0,56.0,0.12,1,0,0,0,0
384,transient,24003,0.2,40.0,192,persistent,0.0,0.0,0.0,0.0,0.0,0.0,0.0,0.0,3.0,0.0,72.0,0.0,0,0,0,0,0
384,transient,24003,0.2,40.0,192,pulse8,0.0,0.0,0.0,0.0,0.0,0.0,0.0,0.0,5.0,0.0,120.0,0.0,0,0,0,0,0
384,transient,24003,0.2,40.0,192,pulse16,0.0,0.0,0.0,0.0,0.0,0.0,0.0,0.0,2.0,0.0,48.0,0.0,0,0,0,0,0
384,transient,24003,0.2,88.0,191,persistent,0.0,0.0,0.0,0.0,0.0,0.0,0.0,0.0,0.0,0.0,0.0,0.0,0,0,0,0,0
384,transient,24003,0.2,88.0,191,pulse8,0.8813980212969454,0.0004238848745296009,0.0,0.0,0.8813980212969454,0.0,0.0,0.0,5.0,1.0,128.0,0.12,0,1,0,0,0
384,transient,24003,0.2,88.0,191,pulse16,1.7101377828132627,0.0008224451632298235,0.0,0.0,1.7101377828132627,0.0,0.0,0.0,2.0,1.0,56.0,0.12,0,1,0,0,0
384,transient,24004,0.2,40.0,65,persistent,0.0,0.0,0.0,0.0,0.0,0.0,0.0,0.0,0.0,0.0,0.0,0.0,0,0,0,0,0
384,transient,24004,0.2,40.0,65,pulse8,-2.17719217428521,-0.0010527970030792533,0.0,0.0,-2.17719217428521,0.0,0.0,0.0,5.0,1.0,128.0,0.12,1,0,0,0,0
384,transient,24004,0.2,40.0,65,pulse16,-0.07905931646246245,-3.822970356970323e-05,0.0,0.0,-0.07905931646246245,0.0,0.0,0.0,2.0,1.0,56.0,0.12,1,0,0,0,0
384,transient,24004,0.2,52.0,216,persistent,0.0,0.0,0.0,0.0,0.0,0.0,0.0,0.0,0.0,0.0,0.0,0.0,0,0,0,0,0
384,transient,24004,0.2,52.0,216,pulse8,-0.0024142651950569416,-1.167435374815895e-06,0.0,0.0,-0.0024142651950569416,0.0,0.0,0.0,5.0,2.0,136.0,0.24,0,0,0,0,0
384,transient,24004,0.2,52.0,216,pulse16,0.0,0.0,0.0,0.0,0.0,0.0,0.0,0.0,2.0,1.0,56.0,0.12,0,0,0,0,0
384,transient,24004,0.2,64.0,66,persistent,0.0,0.0,0.0,0.0,0.0,0.0,0.0,0.0,0.0,0.0,0.0,0.0,0,0,0,0,0
384,transient,24004,0.2,64.0,66,pulse8,0.0,0.0,0.0,0.0,0.0,0.0,0.0,0.0,5.0,0.0,120.0,0.0,0,0,0,0,0
384,transient,24004,0.2,64.0,66,pulse16,0.0,0.0,0.0,0.0,0.0,0.0,0.0,0.0,2.0,0.0,48.0,0.0,0,0,0,0,0
384,transient,24005,0.2,40.0,201,persistent,1.6201303112918595,0.0007795262990444307,0.0015427605921527476,-0.010333650530483851,1.6097966607612761,0.0,-0.5999999999999996,0.0,1.0,1.0,32.0,0.12,0,1,0,0,0
384,transient,24005,0.2,40.0,201,pulse8,0.09627567439542872,4.632307637630895e-05,0.0,0.0,0.09627567439542872,0.0,0.0,0.0,5.0,1.0,128.0,0.12,0,1,0,0,0
384,transient,24005,0.2,40.0,201,pulse16,0.09627567439542872,4.632307637630895e-05,0.0,0.0,0.09627567439542872,0.0,0.0,0.0,2.0,1.0,56.0,0.12,0,1,0,0,0
384,transient,24005,0.2,64.0,171,persistent,0.0,0.0,0.0,0.0,0.0,0.0,0.0,0.0,0.0,0.0,0.0,0.0,0,0,0,0,0
384,transient,24005,0.2,64.0,171,pulse8,0.0,0.0,0.0,0.0,0.0,0.0,0.0,0.0,5.0,0.0,120.0,0.0,0,0,0,0,0
384,transient,24005,0.2,64.0,171,pulse16,0.0,0.0,0.0,0.0,0.0,0.0,0.0,0.0,2.0,0.0,48.0,0.0,0,0,0,0,0
384,transient,24005,0.2,76.0,86,persistent,1.0240770146015166,0.0004927350346851656,0.3344773212835739,-2.508382155341021,-1.4843051407394796,1.0,-40.0,0.0,1.0,1.0,32.0,0.12,0,1,0,0,1
384,transient,24005,0.2,76.0,86,pulse8,1.000030373016216,0.00048116498418437903,0.3344773212835739,-2.508382155341021,-1.5083517823247803,1.0,-40.0,0.0,5.0,2.0,136.0,0.24,0,1,0,0,1
384,transient,24005,0.2,76.0,86,pulse16,0.8178747017989281,0.00039352071554488166,0.2679277053967517,-2.009299382569778,-1.1914246807707514,1.0,-32.0,0.0,2.0,2.0,64.0,0.24,0,1,0,0,1
384,transient,24005,0.2,100.0,86,persistent,0.0,0.0,0.0,0.0,0.0,0.0,0.0,0.0,0.0,0.0,0.0,0.0,0,0,0,0,0
384,transient,24005,0.2,100.0,86,pulse8,4.2248692212886,0.0020327973898544016,0.0,0.0,4.2248692212886,0.0,0.0,0.0,5.0,1.0,128.0,0.12,0,1,0,0,0
384,transient,24005,0.2,100.0,86,pulse16,1.5140838848360545,0.0007285020216972748,0.0,0.0,1.5140838848360545,0.0,0.0,0.0,2.0,2.0,64.0,0.24,0,1,0,0,0
384,transient,24006,0.2,40.0,316,persistent,0.0,0.0,0.0,0.0,0.0,0.0,0.0,0.0,0.0,0.0,0.0,0.0,0,0,0,0,0
384,transient,24006,0.2,40.0,316,pulse8,0.0,0.0,0.0,0.0,0.0,0.0,0.0,0.0,5.0,0.0,120.0,0.0,0,0,0,0,0
384,transient,24006,0.2,40.0,316,pulse16,0.0,0.0,0.0,0.0,0.0,0.0,0.0,0.0,2.0,0.0,48.0,0.0,0,0,0,0,0
384,transient,24006,0.2,76.0,228,persistent,6.410536815081969,0.0030781644541649777,0.3032372630786456,-2.1668737531757616,4.243663061906318,1.0,-40.0,0.0,1.0,1.0,32.0,0.12,0,1,0,0,1
384,transient,24006,0.2,76.0,228,pulse8,7.004702315973418,0.0033634664776136525,0.3032372630786456,-2.1668737531757616,4.8378285627977675,1.0,-40.0,0.0,5.0,2.0,136.0,0.24,0,1,0,0,1
384,transient,24006,0.2,76.0,228,pulse16,4.762392782098232,0.0022867707653027036,0.2368497488370852,-1.692481652785017,3.069911129313141,1.0,-32.0,0.0,2.0,2.0,64.0,0.24,0,1,0,0,1
384,transient,24007,0.2,40.0,106,persistent,0.0,0.0,0.0,0.0,0.0,0.0,0.0,0.0,2.0,0.0,48.0,0.0,0,0,0,0,0
384,transient,24007,0.2,40.0,106,pulse8,0.0,0.0,0.0,0.0,0.0,0.0,0.0,0.0,5.0,0.0,120.0,0.0,0,0,0,0,0
384,transient,24007,0.2,40.0,106,pulse16,0.0,0.0,0.0,0.0,0.0,0.0,0.0,0.0,2.0,0.0,48.0,0.0,0,0,0,0,0
384,transient,24007,0.2,76.0,239,persistent,0.0,0.0,0.0,0.0,0.0,0.0,0.0,0.0,0.0,0.0,0.0,0.0,0,0,0,0,0
384,transient,24007,0.2,76.0,239,pulse8,0.0,0.0,0.0,0.0,0.0,0.0,0.0,0.0,5.0,0.0,120.0,0.0,0,0,0,0,0
384,transient,24007,0.2,76.0,239,pulse16,0.0,0.0,0.0,0.0,0.0,0.0,0.0,0.0,2.0,0.0,48.0,0.0,0,0,0,0,0
384,transient,24007,0.2,100.0,287,persistent,0.0,0.0,0.0,0.0,0.0,0.0,0.0,0.0,0.0,0.0,0.0,0.0,0,0,0,0,0
384,transient,24007,0.2,100.0,287,pulse8,-1.2927922710878192,-0.0006249453935164295,0.0,0.0,-1.2927922710878192,0.0,0.0,0.0,5.0,1.0,128.0,0.12,1,0,0,0,0
384,transient,24007,0.2,100.0,287,pulse16,-3.0634344584923383,-0.0014808869885671871,0.0,0.0,-3.0634344584923383,0.0,0.0,0.0,2.0,1.0,56.0,0.12,1,0,0,0,0
384,transient,24008,0.2,40.0,169,persistent,0.0,0.0,0.0,0.0,0.0,0.0,0.0,0.0,2.0,0.0,48.0,0.0,0,0,0,0,0
384,transient,24008,0.2,40.0,169,pulse8,0.0,0.0,0.0,0.0,0.0,0.0,0.0,0.0,5.0,0.0,120.0,0.0,0,0,0,0,0
384,transient,24008,0.2,40.0,169,pulse16,0.0,0.0,0.0,0.0,0.0,0.0,0.0,0.0,2.0,0.0,48.0,0.0,0,0,0,0,0
384,transient,24008,0.2,52.0,319,persistent,0.0,0.0,0.0,0.0,0.0,0.0,0.0,0.0,0.0,0.0,0.0,0.0,0,0,0,0,0
384,transient,24008,0.2,52.0,319,pulse8,0.8518385104734989,0.0004109738503774718,0.0,0.0,0.8518385104734989,0.0,0.0,0.0,5.0,5.0,160.0,0.6,0,1,0,0,0
384,transient,24008,0.2,52.0,319,pulse16,0.05697338833897447,2.748710288025258e-05,0.0,0.0,0.05697338833897447,0.0,0.0,0.0,2.0,2.0,64.0,0.24,0,1,0,0,0
384,transient,24008,0.2,64.0,224,persistent,0.0,0.0,0.0,0.0,0.0,0.0,0.0,0.0,0.0,0.0,0.0,0.0,0,0,0,0,0
384,transient,24008,0.2,64.0,224,pulse8,0.0627268453963552,3.0262887692478202e-05,0.0,0.0,0.0627268453963552,0.0,0.0,0.0,5.0,1.0,128.0,0.12,0,1,0,0,0
384,transient,24008,0.2,64.0,224,pulse16,-1.0728377827686018,-0.0005175960807051183,0.0,0.0,-1.0728377827686018,0.0,0.0,0.0,2.0,1.0,56.0,0.12,1,0,0,0,0
384,transient,24008,0.2,88.0,101,persistent,0.0,0.0,0.0,0.0,0.0,0.0,0.0,0.0,0.0,0.0,0.0,0.0,0,0,0,0,0
384,transient,24008,0.2,88.0,101,pulse8,0.0,0.0,0.0,0.0,0.0,0.0,0.0,0.0,5.0,0.0,120.0,0.0,0,0,0,0,0
384,transient,24008,0.2,88.0,101,pulse16,0.0,0.0,0.0,0.0,0.0,0.0,0.0,0.0,2.0,0.0,48.0,0.0,0,0,0,0,0
384,transient,24008,0.2,100.0,379,persistent,0.0,0.0,0.0,0.0,0.0,0.0,0.0,0.0,0.0,0.0,0.0,0.0,0,0,0,0,0
384,transient,24008,0.2,100.0,379,pulse8,0.0,0.0,0.0,0.0,0.0,0.0,0.0,0.0,5.0,0.0,120.0,0.0,0,0,0,0,0
384,transient,24008,0.2,100.0,379,pulse16,0.0,0.0,0.0,0.0,0.0,0.0,0.0,0.0,2.0,0.0,48.0,0.0,0,0,0,0,0
384,transient,24010,0.2,40.0,146,persistent,0.0,0.0,0.0,0.0,0.0,0.0,0.0,0.0,2.0,0.0,48.0,0.0,0,0,0,0,0
384,transient,24010,0.2,40.0,146,pulse8,0.0,0.0,0.0,0.0,0.0,0.0,0.0,0.0,5.0,0.0,120.0,0.0,0,0,0,0,0
384,transient,24010,0.2,40.0,146,pulse16,0.0,0.0,0.0,0.0,0.0,0.0,0.0,0.0,2.0,0.0,48.0,0.0,0,0,0,0,0
384,transient,24010,0.2,52.0,86,persistent,0.0,0.0,0.0,0.0,0.0,0.0,0.0,0.0,0.0,0.0,0.0,0.0,0,0,0,0,0
384,transient,24010,0.2,52.0,86,pulse8,0.37259390230065037,0.0001785083938051768,0.0,0.0,0.37259390230065037,0.0,0.0,0.0,5.0,5.0,160.0,0.6,0,1,0,0,0
384,transient,24010,0.2,52.0,86,pulse16,-0.010546225694952227,-5.052658666460097e-06,0.0,0.0,-0.010546225694952227,0.0,0.0,0.0,2.0,2.0,64.0,0.24,1,0,0,0,0
384,transient,24010,0.2,88.0,147,persistent,0.0,0.0,0.0,0.0,0.0,0.0,0.0,0.0,0.0,0.0,0.0,0.0,0,0,0,0,0
384,transient,24010,0.2,88.0,147,pulse8,-0.06697074760995747,-3.208544346533504e-05,0.0,0.0,-0.06697074760995747,0.0,0.0,0.0,5.0,1.0,128.0,0.12,1,0,0,0,0
384,transient,24010,0.2,88.0,147,pulse16,1.6624231420971682,0.0007964609272670398,0.0,0.0,1.6624231420971682,0.0,0.0,0.0,2.0,1.0,56.0,0.12,0,1,0,0,0
384,transient,24010,0.2,100.0,351,persistent,3.6079607749475144,0.001728560985221006,0.3970102203458915,-3.057066128486726,0.5508946464608471,1.0,-40.0,0.0,1.0,1.0,32.0,0.12,0,1,0,0,1
384,transient,24010,0.2,100.0,351,pulse8,3.6079607749475144,0.001728560985221006,0.3970102203458915,-3.057066128486726,0.5508946464608471,1.0,-40.0,0.0,5.0,1.0,128.0,0.12,0,1,0,0,1
384,transient,24010,0.2,100.0,351,pulse16,2.4189881633783443,0.001158928498325551,0.317666142960099,-2.4460992590172,-0.027111095638929328,1.0,-32.0,0.0,2.0,2.0,64.0,0.24,0,1,0,0,1
384,transient,24012,0.2,64.0,73,persistent,0.0,0.0,0.0,0.0,0.0,0.0,0.0,0.0,0.0,0.0,0.0,0.0,0,0,0,0,0
384,transient,24012,0.2,64.0,73,pulse8,0.0,0.0,0.0,0.0,0.0,0.0,0.0,0.0,5.0,0.0,120.0,0.0,0,0,0,0,0
384,transient,24012,0.2,64.0,73,pulse16,0.0,0.0,0.0,0.0,0.0,0.0,0.0,0.0,2.0,0.0,48.0,0.0,0,0,0,0,0
384,transient,24012,0.2,100.0,78,persistent,0.0,0.0,0.0,0.0,0.0,0.0,0.0,0.0,0.0,0.0,0.0,0.0,0,0,0,0,0
384,transient,24012,0.2,100.0,78,pulse8,1.6329278912667178,0.0007878039409866533,0.0,0.0,1.6329278912667178,0.0,0.0,0.0,5.0,1.0,128.0,0.12,0,1,0,0,0
384,transient,24012,0.2,100.0,78,pulse16,0.34372738833326366,0.00016583083221388684,0.0,0.0,0.34372738833326366,0.0,0.0,0.0,2.0,1.0,56.0,0.12,0,1,0,0,0
384,transient,24013,0.2,64.0,369,persistent,0.0,0.0,0.0,0.0,0.0,0.0,0.0,0.0,0.0,0.0,0.0,0.0,0,0,0,0,0
384,transient,24013,0.2,64.0,369,pulse8,0.0,0.0,0.0,0.0,0.0,0.0,0.0,0.0,5.0,2.0,136.0,0.24,0,0,0,0,0
384,transient,24013,0.2,64.0,369,pulse16,0.0,0.0,0.0,0.0,0.0,0.0,0.0,0.0,2.0,2.0,64.0,0.24,0,0,0,0,0
384,transient,24014,0.2,64.0,145,persistent,0.0,0.0,0.0,0.0,0.0,0.0,0.0,0.0,0.0,0.0,0.0,0.0,0,0,0,0,0
384,transient,24014,0.2,64.0,145,pulse8,0.0,0.0,0.0,0.0,0.0,0.0,0.0,0.0,5.0,0.0,120.0,0.0,0,0,0,0,0
384,transient,24014,0.2,64.0,145,pulse16,0.0,0.0,0.0,0.0,0.0,0.0,0.0,0.0,2.0,0.0,48.0,0.0,0,0,0,0,0
384,transient,24014,0.2,76.0,312,persistent,0.0,0.0,0.0,0.0,0.0,0.0,0.0,0.0,0.0,0.0,0.0,0.0,0,0,0,0,0
384,transient,24014,0.2,76.0,312,pulse8,4.564202248715901,0.002210532975113866,0.0,0.0,4.564202248715901,0.0,0.0,0.0,5.0,1.0,128.0,0.12,0,1,0,0,0
384,transient,24014,0.2,76.0,312,pulse16,0.9970767633951709,0.0004829038995423085,0.0,0.0,0.9970767633951709,0.0,0.0,0.0,2.0,1.0,56.0,0.12,0,1,0,0,0
384,transient,24014,0.2,100.0,312,persistent,0.0,0.0,0.0,0.0,0.0,0.0,0.0,0.0,0.0,0.0,0.0,0.0,0,0,0,0,0
384,transient,24014,0.2,100.0,312,pulse8,3.2748530835140173,0.0015860757992917085,0.0,0.0,3.2748530835140173,0.0,0.0,0.0,5.0,1.0,128.0,0.12,0,1,0,0,0
384,transient,24014,0.2,100.0,312,pulse16,3.2748530835140173,0.0015860757992917085,0.0,0.0,3.2748530835140173,0.0,0.0,0.0,2.0,1.0,56.0,0.12,0,1,0,0,0
384,transient,24015,0.2,52.0,131,persistent,0.0,0.0,0.0,0.0,0.0,0.0,0.0,0.0,0.0,0.0,0.0,0.0,0,0,0,0,0
384,transient,24015,0.2,52.0,131,pulse8,-0.2589342892792956,-0.0001252217842173664,0.0,0.0,-0.2589342892792956,0.0,0.0,0.0,5.0,5.0,160.0,0.6,1,0,0,0,0
384,transient,24015,0.2,52.0,131,pulse16,0.005024870580200513,2.4300499606999537e-06,0.0,0.0,0.005024870580200513,0.0,0.0,0.0,2.0,2.0,64.0,0.24,0,0,0,0,0
384,transient,24015,0.2,100.0,5,persistent,0.0,0.0,0.0,0.0,0.0,0.0,0.0,0.0,0.0,0.0,0.0,0.0,0,0,0,0,0
384,transient,24015,0.2,100.0,5,pulse8,0.0,0.0,0.0,0.0,0.0,0.0,0.0,0.0,5.0,0.0,120.0,0.0,0,0,0,0,0
384,transient,24015,0.2,100.0,5,pulse16,0.0,0.0,0.0,0.0,0.0,0.0,0.0,0.0,2.0,0.0,48.0,0.0,0,0,0,0,0
384,transient,24016,0.2,40.0,320,persistent,0.0,0.0,0.0,0.0,0.0,0.0,0.0,0.0,2.0,0.0,48.0,0.0,0,0,0,0,0
384,transient,24016,0.2,40.0,320,pulse8,0.0,0.0,0.0,0.0,0.0,0.0,0.0,0.0,5.0,0.0,120.0,0.0,0,0,0,0,0
384,transient,24016,0.2,40.0,320,pulse16,0.0,0.0,0.0,0.0,0.0,0.0,0.0,0.0,2.0,0.0,48.0,0.0,0,0,0,0,0
384,transient,24016,0.2,52.0,186,persistent,0.0,0.0,0.0,0.0,0.0,0.0,0.0,0.0,0.0,0.0,0.0,0.0,0,0,0,0,0
384,transient,24016,0.2,52.0,186,pulse8,0.3818633183959719,0.00018484553420428096,0.0,0.0,0.3818633183959719,0.0,0.0,0.0,5.0,2.0,136.0,0.24,0,1,0,0,0
384,transient,24016,0.2,52.0,186,pulse16,0.1957350027719258,9.474788335739337e-05,0.0,0.0,0.1957350027719258,0.0,0.0,0.0,2.0,2.0,64.0,0.24,0,1,0,0,0
384,transient,24016,0.2,76.0,174,persistent,0.0,0.0,0.0,0.0,0.0,0.0,0.0,0.0,0.0,0.0,0.0,0.0,0,0,0,0,0
384,transient,24016,0.2,76.0,174,pulse8,0.0,0.0,0.0,0.0,0.0,0.0,0.0,0.0,5.0,0.0,120.0,0.0,0,0,0,0,0
384,transient,24016,0.2,76.0,174,pulse16,0.0,0.0,0.0,0.0,0.0,0.0,0.0,0.0,2.0,0.0,48.0,0.0,0,0,0,0,0
384,transient,24017,0.2,64.0,63,persistent,0.0,0.0,0.0,0.0,0.0,0.0,0.0,0.0,0.0,0.0,0.0,0.0,0,0,0,0,0
384,transient,24017,0.2,64.0,63,pulse8,-1.4998095521273171,-0.0007261509456325532,0.0,0.0,-1.4998095521273171,0.0,0.0,0.0,5.0,1.0,128.0,0.12,1,0,0,0,0
384,transient,24017,0.2,64.0,63,pulse16,-0.08079015584758054,-3.911553169089199e-05,0.0,0.0,-0.08079015584758054,0.0,0.0,0.0,2.0,1.0,56.0,0.12,1,0,0,0,0
384,transient,24018,0.2,52.0,238,persistent,0.0,0.0,0.0,0.0,0.0,0.0,0.0,0.0,0.0,0.0,0.0,0.0,0,0,0,0,0
384,transient,24018,0.2,52.0,238,pulse8,0.7392352404986013,0.0003575541957762107,0.0,0.0,0.7392352404986013,0.0,0.0,0.0,5.0,1.0,128.0,0.12,0,1,0,0,0
384,transient,24018,0.2,52.0,238,pulse16,-0.022073211350289057,-1.0676397579789665e-05,0.0,0.0,-0.022073211350289057,0.0,0.0,0.0,2.0,2.0,64.0,0.24,1,0,0,0,0
384,transient,24018,0.2,88.0,371,persistent,0.0,0.0,0.0,0.0,0.0,0.0,0.0,0.0,0.0,0.0,0.0,0.0,0,0,0,0,0
384,transient,24018,0.2,88.0,371,pulse8,2.6382937216490063,0.0012760931002550047,0.0,0.0,2.6382937216490063,0.0,0.0,0.0,5.0,2.0,136.0,0.24,0,1,0,0,0
384,transient,24018,0.2,88.0,371,pulse16,2.635132296059055,0.0012745639780996632,0.0,0.0,2.635132296059055,0.0,0.0,0.0,2.0,2.0,64.0,0.24,0,1,0,0,0
384,transient,24018,0.2,100.0,238,persistent,0.0,0.0,0.0,0.0,0.0,0.0,0.0,0.0,0.0,0.0,0.0,0.0,0,0,0,0,0
384,transient,24018,0.2,100.0,238,pulse8,3.114403691217376,0.001506378546543119,0.0,0.0,3.114403691217376,0.0,0.0,0.0,5.0,2.0,136.0,0.24,0,1,0,0,0
384,transient,24018,0.2,100.0,238,pulse16,3.0600047083341906,0.001480066780666367,0.0,0.0,3.0600047083341906,0.0,0.0,0.0,2.0,2.0,64.0,0.24,0,1,0,0,0
384,transient,24019,0.2,40.0,314,persistent,0.0,0.0,0.0,0.0,0.0,0.0,0.0,0.0,0.0,0.0,0.0,0.0,0,0,0,0,0
384,transient,24019,0.2,40.0,314,pulse8,-0.5421323027603648,-0.00026061200477767166,0.0,0.0,-0.5421323027603648,0.0,0.0,0.0,5.0,1.0,128.0,0.12,1,0,0,0,0
384,transient,24019,0.2,40.0,314,pulse16,0.0,0.0,0.0,0.0,0.0,0.0,0.0,0.0,2.0,0.0,48.0,0.0,0,0,0,0,0
384,transient,24019,0.2,64.0,312,persistent,0.0,0.0,0.0,0.0,0.0,0.0,0.0,0.0,0.0,0.0,0.0,0.0,0,0,0,0,0
384,transient,24019,0.2,64.0,312,pulse8,0.6640900088902981,0.00031923910028708313,0.0,0.0,0.6640900088902981,0.0,0.0,0.0,5.0,1.0,128.0,0.12,0,1,0,0,0
384,transient,24019,0.2,64.0,312,pulse16,-0.3095703106776,-0.00014881559146096013,0.0,0.0,-0.3095703106776,0.0,0.0,0.0,2.0,2.0,64.0,0.24,1,0,0,0,0
384,transient,24019,0.2,76.0,229,persistent,0.0,0.0,0.0,0.0,0.0,0.0,0.0,0.0,0.0,0.0,0.0,0.0,0,0,0,0,0
384,transient,24019,0.2,76.0,229,pulse8,-0.33518033461018604,-0.00016112675544344146,0.0,0.0,-0.33518033461018604,0.0,0.0,0.0,5.0,1.0,128.0,0.12,1,0,0,0,0
384,transient,24019,0.2,76.0,229,pulse16,1.8645347701638002,0.0008963128408988608,0.0,0.0,1.8645347701638002,0.0,0.0,0.0,2.0,1.0,56.0,0.12,0,1,0,0,0
384,transient,24019,0.2,88.0,209,persistent,2.2636354227806805,0.0010881671551631333,0.08453367591429906,-0.6342662827843615,1.6293691399962427,1.0,-16.0,0.0,4.0,1.0,104.0,0.12,0,1,0,0,1
384,transient,24019,0.2,88.0,209,pulse8,2.2636354227806805,0.0010881671551631333,0.08453367591429906,-0.6342662827843615,1.6293691399962427,1.0,-16.0,0.0,5.0,1.0,128.0,0.12,0,1,0,0,1
384,transient,24019,0.2,88.0,209,pulse16,2.2636354227806805,0.0010881671551631333,0.08453367591429906,-0.6342662827843615,1.6293691399962427,1.0,-16.0,0.0,2.0,1.0,56.0,0.12,0,1,0,0,1
384,transient,24019,0.2,100.0,210,persistent,0.0,0.0,0.0,0.0,0.0,0.0,0.0,0.0,0.0,0.0,0.0,0.0,0,0,0,0,0
384,transient,24019,0.2,100.0,210,pulse8,1.3799489225477828,0.0006633643731703831,0.0,0.0,1.3799489225477828,0.0,0.0,0.0,5.0,1.0,128.0,0.12,0,1,0,0,0
384,transient,24019,0.2,100.0,210,pulse16,0.5406593227476151,0.0002599039188139196,0.0,0.0,0.5406593227476151,0.0,0.0,0.0,2.0,1.0,56.0,0.12,0,1,0,0,0
