n,scenario,seed,dt,t,node,policy,served_units,service,requester_service,requester_deficit,other_served_units,recovered,restricted_recovery_time,full_final_recovery,attempts,swaps,messages,fee,max_mass_error,max_flow_ratio
96,transient,24000,0.2,40.0,31,pause,448.11193112572954,0.8595542605991369,0.8723069883604195,0.8840239705115858,442.07291397472085,1,13.0,0,0,0,0,0.0,4.263256414560601e-14,1.0000000000000004
96,transient,24000,0.2,40.0,31,persistent,453.79189572033135,0.8704493906508569,0.7759987430788047,1.5507699129376693,448.41962451174874,0,48.0,0,5,1,128,0.12,4.263256414560601e-14,1.0000000000000004
96,transient,24000,0.2,40.0,31,pulse8,453.79189572033135,0.8704493906508569,0.7759987430788047,1.5507699129376693,448.41962451174874,0,48.0,0,5,1,128,0.12,4.263256414560601e-14,1.0000000000000004
96,transient,24000,0.2,40.0,31,pulse16,451.8380586820441,0.8667016016853696,0.8723069883604195,0.8840239705115858,445.7990415310354,1,13.0,0,2,1,56,0.12,4.263256414560601e-14,1.0000000000000004
96,transient,24000,0.1,40.0,31,pause,448.06564594623035,0.8594654778185906,0.872630431035235,0.8817847635733838,442.02438958828344,1,13.100000000000001,0,0,0,0,0.0,2.842170943040401e-14,1.0000000000000004
96,transient,24000,0.1,40.0,31,persistent,453.74777522356163,0.8703647600968721,0.7759682699440043,1.550980879702994,448.37571498174435,0,48.0,0,5,1,128,0.12,2.842170943040401e-14,1.0000000000000002
96,transient,24000,0.1,40.0,31,pulse8,453.74777522356163,0.8703647600968721,0.7759682699440043,1.550980879702994,448.37571498174435,0,48.0,0,5,1,128,0.12,2.842170943040401e-14,1.0000000000000002
96,transient,24000,0.1,40.0,31,pulse16,451.79221799045246,0.8666136715075955,0.872630431035235,0.8817847635733838,445.75096163250555,1,13.100000000000001,0,2,1,56,0.12,4.263256414560601e-14,1.0000000000000002
96,transient,24000,0.05,40.0,31,pause,448.04142631361714,0.8594190204784559,0.872767416609545,0.8808364068094034,441.99922159890605,1,13.15,0,0,0,0,0.0,4.263256414560601e-14,1.0000000000000004
96,transient,24000,0.05,40.0,31,persistent,453.7243913878436,0.8703199059561444,0.7759128164525813,1.5513647865044877,448.3527150528276,0,48.0,0,5,1,128,0.12,4.263256414560601e-14,1.0000000000000004
96,transient,24000,0.05,40.0,31,pulse8,453.7243913878436,0.8703199059561444,0.7759128164525813,1.5513647865044877,448.3527150528276,0,48.0,0,5,1,128,0.12,4.263256414560601e-14,1.0000000000000004
96,transient,24000,0.05,40.0,31,pulse16,451.7682142583971,0.8665676283011436,0.872767416609545,0.8808364068094034,445.726009543686,1,13.15,0,2,1,56,0.12,4.263256414560601e-14,1.0000000000000004
