n,scenario,seed,dt,t,node,candidates,first_messages,first_swap,first_fee
96,mixed,24000,0.2,40.0,30,10,32,1,0.12
96,mixed,24000,0.2,52.0,33,14,24,0,0.0
96,mixed,24000,0.2,64.0,34,18,24,0,0.0
96,mixed,24000,0.2,76.0,27,23,32,1,0.12
96,mixed,24000,0.2,88.0,30,20,32,1,0.12
96,mixed,24000,0.2,100.0,32,12,24,0,0.0
96,mixed,24001,0.2,40.0,50,8,32,1,0.12
96,mixed,24001,0.2,52.0,26,27,24,0,0.0
96,mixed,24001,0.2,64.0,67,33,24,0,0.0
96,mixed,24001,0.2,76.0,51,26,32,1,0.12
96,mixed,24001,0.2,88.0,28,23,24,0,0.0
96,mixed,24001,0.2,100.0,70,15,32,1,0.12
96,mixed,24002,0.2,40.0,68,8,24,0,0.0
96,mixed,24002,0.2,52.0,66,13,24,0,0.0
96,mixed,24002,0.2,64.0,15,25,32,1,0.12
96,mixed,24002,0.2,76.0,65,22,32,1,0.12
96,mixed,24002,0.2,88.0,67,20,24,0,0.0
96,mixed,24002,0.2,100.0,25,11,32,1,0.12
96,mixed,24003,0.2,40.0,-1,0,0,0,0.0
96,mixed,24003,0.2,52.0,51,8,32,1,0.12
96,mixed,24003,0.2,64.0,49,23,24,0,0.0
96,mixed,24003,0.2,76.0,8,24,24,0,0.0
96,mixed,24003,0.2,88.0,53,19,32,1,0.12
96,mixed,24003,0.2,100.0,8,11,24,0,0.0
96,mixed,24004,0.2,40.0,-1,0,0,0,0.0
96,mixed,24004,0.2,52.0,44,2,32,1,0.12
96,mixed,24004,0.2,64.0,33,13,24,0,0.0
96,mixed,24004,0.2,76.0,93,15,24,0,0.0
96,mixed,24004,0.2,88.0,1,10,24,0,0.0
96,mixed,24004,0.2,100.0,0,5,32,1,0.12
96,mixed,24005,0.2,40.0,31,2,32,1,0.12
96,mixed,24005,0.2,52.0,37,16,24,0,0.0
96,mixed,24005,0.2,64.0,38,23,24,0,0.0
96,mixed,24005,0.2,76.0,4,23,32,1,0.12
96,mixed,24005,0.2,88.0,35,14,24,0,0.0
96,mixed,24005,0.2,100.0,3,8,32,1,0.12
96,mixed,24006,0.2,40.0,85,8,24,0,0.0
96,mixed,24006,0.2,52.0,78,12,32,1,0.12
96,mixed,24006,0.2,64.0,53,33,32,1,0.12
96,mixed,24006,0.2,76.0,28,28,24,0,0.0
96,mixed,24006,0.2,88.0,80,21,32,1,0.12
96,mixed,24006,0.2,100.0,78,13,32,1,0.12
96,mixed,24007,0.2,40.0,60,20,24,0,0.0
96,mixed,24007,0.2,52.0,63,29,24,0,0.0
96,mixed,24007,0.2,64.0,77,47,24,0,0.0
96,mixed,24007,0.2,76.0,80,35,24,0,0.0
96,mixed,24007,0.2,88.0,2,29,32,1,0.12
96,mixed,24007,0.2,100.0,88,25,32,1,0.12
96,mixed,24008,0.2,40.0,27,10,32,1,0.12
96,mixed,24008,0.2,52.0,40,15,24,0,0.0
96,mixed,24008,0.2,64.0,35,19,24,0,0.0
96,mixed,24008,0.2,76.0,42,14,32,1,0.12
96,mixed,24008,0.2,88.0,4,15,32,1,0.12
96,mixed,24008,0.2,100.0,42,12,32,1,0.12
96,mixed,24009,0.2,40.0,80,17,24,0,0.0
96,mixed,24009,0.2,52.0,67,23,24,0,0.0
96,mixed,24009,0.2,64.0,65,39,24,0,0.0
96,mixed,24009,0.2,76.0,27,32,24,0,0.0
96,mixed,24009,0.2,88.0,31,24,32,1,0.12
96,mixed,24009,0.2,100.0,73,19,24,0,0.0
96,mixed,24010,0.2,40.0,12,14,24,0,0.0
96,mixed,24010,0.2,52.0,10,21,24,0,0.0
96,mixed,24010,0.2,64.0,60,31,32,1,0.12
96,mixed,24010,0.2,76.0,2,30,24,0,0.0
96,mixed,24010,0.2,88.0,16,27,24,0,0.0
96,mixed,24010,0.2,100.0,72,18,32,1,0.12
96,mixed,24011,0.2,40.0,3,8,24,0,0.0
96,mixed,24011,0.2,52.0,2,10,24,0,0.0
96,mixed,24011,0.2,64.0,44,32,24,0,0.0
96,mixed,24011,0.2,76.0,94,19,24,0,0.0
96,mixed,24011,0.2,88.0,87,15,32,1,0.12
96,mixed,24011,0.2,100.0,4,11,24,0,0.0
96,mixed,24012,0.2,40.0,46,6,32,1,0.12
96,mixed,24012,0.2,52.0,44,16,32,1,0.12
96,mixed,24012,0.2,64.0,41,18,32,1,0.12
96,mixed,24012,0.2,76.0,70,14,32,1,0.12
96,mixed,24012,0.2,88.0,47,8,24,0,0.0
96,mixed,24012,0.2,100.0,44,7,32,1,0.12
96,mixed,24013,0.2,40.0,83,5,32,1,0.12
96,mixed,24013,0.2,52.0,31,13,32,1,0.12
96,mixed,24013,0.2,64.0,85,26,24,0,0.0
96,mixed,24013,0.2,76.0,77,35,24,0,0.0
96,mixed,24013,0.2,88.0,23,21,24,0,0.0
96,mixed,24013,0.2,100.0,82,12,32,1,0.12
96,mixed,24014,0.2,40.0,44,10,24,0,0.0
96,mixed,24014,0.2,52.0,42,17,24,0,0.0
96,mixed,24014,0.2,64.0,39,21,24,0,0.0
96,mixed,24014,0.2,76.0,81,20,32,1,0.12
96,mixed,24014,0.2,88.0,41,19,24,0,0.0
96,mixed,24014,0.2,100.0,49,14,32,1,0.12
96,mixed,24015,0.2,40.0,51,6,24,0,0.0
96,mixed,24015,0.2,52.0,50,18,24,0,0.0
96,mixed,24015,0.2,64.0,59,36,24,0,0.0
96,mixed,24015,0.2,76.0,83,36,24,0,0.0
96,mixed,24015,0.2,88.0,95,18,32,1,0.12
96,mixed,24015,0.2,100.0,51,11,24,0,0.0
96,mixed,24016,0.2,40.0,95,10,32,1,0.12
96,mixed,24016,0.2,52.0,8,12,32,1,0.12
96,mixed,24016,0.2,64.0,7,20,24,0,0.0
96,mixed,24016,0.2,76.0,24,23,32,1,0.12
96,mixed,24016,0.2,88.0,9,21,24,0,0.0
96,mixed,24016,0.2,100.0,7,14,24,0,0.0
96,mixed,24017,0.2,40.0,43,8,24,0,0.0
96,mixed,24017,0.2,52.0,50,20,24,0,0.0
96,mixed,24017,0.2,64.0,4,35,24,0,0.0
96,mixed,24017,0.2,76.0,14,33,24,0,0.0
96,mixed,24017,0.2,88.0,19,31,24,0,0.0
96,mixed,24017,0.2,100.0,20,16,32,1,0.12
96,mixed,24018,0.2,40.0,2,20,24,0,0.0
96,mixed,24018,0.2,52.0,23,25,24,0,0.0
96,mixed,24018,0.2,64.0,22,26,24,0,0.0
96,mixed,24018,0.2,76.0,22,27,24,0,0.0
96,mixed,24018,0.2,88.0,94,26,24,0,0.0
96,mixed,24018,0.2,100.0,10,21,24,0,0.0
96,mixed,24019,0.2,40.0,62,24,32,1,0.12
96,mixed,24019,0.2,52.0,33,29,32,1,0.12
96,mixed,24019,0.2,64.0,61,32,32,1,0.12
96,mixed,24019,0.2,76.0,29,30,24,0,0.0
96,mixed,24019,0.2,88.0,21,26,24,0,0.0
96,mixed,24019,0.2,100.0,21,25,24,0,0.0
96,transient,24000,0.2,40.0,31,9,32,1,0.12
96,transient,24000,0.2,52.0,31,20,32,1,0.12
96,transient,24000,0.2,64.0,35,10,24,0,0.0
96,transient,24000,0.2,76.0,32,10,32,1,0.12
96,transient,24000,0.2,88.0,33,9,24,0,0.0
96,transient,24000,0.2,100.0,34,9,24,0,0.0
96,transient,24001,0.2,40.0,50,8,32,1,0.12
96,transient,24001,0.2,52.0,26,34,24,0,0.0
96,transient,24001,0.2,64.0,69,16,32,1,0.12
96,transient,24001,0.2,76.0,52,11,32,1,0.12
96,transient,24001,0.2,88.0,51,10,32,1,0.12
96,transient,24001,0.2,100.0,71,8,32,1,0.12
96,transient,24002,0.2,40.0,68,6,24,0,0.0
96,transient,24002,0.2,52.0,72,24,24,0,0.0
96,transient,24002,0.2,64.0,12,9,32,1,0.12
96,transient,24002,0.2,76.0,66,8,32,1,0.12
96,transient,24002,0.2,88.0,67,7,24,0,0.0
96,transient,24002,0.2,100.0,65,6,32,1,0.12
96,transient,24003,0.2,40.0,-1,0,0,0,0.0
96,transient,24003,0.2,52.0,49,14,32,1,0.12
96,transient,24003,0.2,64.0,50,4,32,1,0.12
96,transient,24003,0.2,76.0,49,1,32,1,0.12
96,transient,24003,0.2,88.0,-1,0,0,0,0.0
96,transient,24003,0.2,100.0,-1,0,0,0,0.0
96,transient,24004,0.2,40.0,-1,0,0,0,0.0
96,transient,24004,0.2,52.0,65,16,32,1,0.12
96,transient,24004,0.2,64.0,0,2,32,1,0.12
96,transient,24004,0.2,76.0,0,1,32,1,0.12
96,transient,24004,0.2,88.0,-1,0,0,0,0.0
96,transient,24004,0.2,100.0,-1,0,0,0,0.0
96,transient,24005,0.2,40.0,31,2,32,1,0.12
96,transient,24005,0.2,52.0,33,22,24,0,0.0
96,transient,24005,0.2,64.0,35,6,24,0,0.0
96,transient,24005,0.2,76.0,31,5,32,1,0.12
96,transient,24005,0.2,88.0,35,5,24,0,0.0
96,transient,24005,0.2,100.0,30,5,32,1,0.12
96,transient,24006,0.2,40.0,85,8,24,0,0.0
96,transient,24006,0.2,52.0,80,23,32,1,0.12
96,transient,24006,0.2,64.0,82,12,24,0,0.0
96,transient,24006,0.2,76.0,40,9,32,1,0.12
96,transient,24006,0.2,88.0,80,8,32,1,0.12
96,transient,24006,0.2,100.0,78,8,32,1,0.12
96,transient,24007,0.2,40.0,60,20,24,0,0.0
96,transient,24007,0.2,52.0,67,40,24,0,0.0
96,transient,24007,0.2,64.0,73,22,24,0,0.0
96,transient,24007,0.2,76.0,71,22,24,0,0.0
96,transient,24007,0.2,88.0,53,22,32,1,0.12
96,transient,24007,0.2,100.0,78,22,32,1,0.12
96,transient,24008,0.2,40.0,27,10,32,1,0.12
96,transient,24008,0.2,52.0,41,19,24,0,0.0
96,transient,24008,0.2,64.0,28,12,24,0,0.0
96,transient,24008,0.2,76.0,42,10,32,1,0.12
96,transient,24008,0.2,88.0,25,10,32,1,0.12
96,transient,24008,0.2,100.0,42,10,32,1,0.12
96,transient,24009,0.2,40.0,80,17,24,0,0.0
96,transient,24009,0.2,52.0,61,30,32,1,0.12
96,transient,24009,0.2,64.0,71,18,24,0,0.0
96,transient,24009,0.2,76.0,31,18,32,1,0.12
96,transient,24009,0.2,88.0,69,17,24,0,0.0
96,transient,24009,0.2,100.0,74,17,24,0,0.0
96,transient,24010,0.2,40.0,14,13,24,0,0.0
96,transient,24010,0.2,52.0,14,28,24,0,0.0
96,transient,24010,0.2,64.0,18,14,32,1,0.12
96,transient,24010,0.2,76.0,10,14,24,0,0.0
96,transient,24010,0.2,88.0,15,13,24,0,0.0
96,transient,24010,0.2,100.0,72,13,32,1,0.12
96,transient,24011,0.2,40.0,3,7,24,0,0.0
96,transient,24011,0.2,52.0,4,16,24,0,0.0
96,transient,24011,0.2,64.0,4,9,24,0,0.0
96,transient,24011,0.2,76.0,7,8,32,1,0.12
96,transient,24011,0.2,88.0,6,7,32,1,0.12
96,transient,24011,0.2,100.0,3,7,24,0,0.0
96,transient,24012,0.2,40.0,46,6,32,1,0.12
96,transient,24012,0.2,52.0,43,18,24,0,0.0
96,transient,24012,0.2,64.0,43,8,32,1,0.12
96,transient,24012,0.2,76.0,57,6,32,1,0.12
96,transient,24012,0.2,88.0,46,6,32,1,0.12
96,transient,24012,0.2,100.0,44,6,32,1,0.12
96,transient,24013,0.2,40.0,83,5,32,1,0.12
96,transient,24013,0.2,52.0,81,19,24,0,0.0
96,transient,24013,0.2,64.0,85,8,32,1,0.12
96,transient,24013,0.2,76.0,83,7,32,1,0.12
96,transient,24013,0.2,88.0,82,7,32,1,0.12
96,transient,24013,0.2,100.0,84,6,32,1,0.12
96,transient,24014,0.2,40.0,44,10,24,0,0.0
96,transient,24014,0.2,52.0,43,27,24,0,0.0
96,transient,24014,0.2,64.0,41,12,24,0,0.0
96,transient,24014,0.2,76.0,49,10,32,1,0.12
96,transient,24014,0.2,88.0,41,10,24,0,0.0
96,transient,24014,0.2,100.0,49,10,32,1,0.12
96,transient,24015,0.2,40.0,51,6,24,0,0.0
96,transient,24015,0.2,52.0,56,29,24,0,0.0
96,transient,24015,0.2,64.0,58,11,24,0,0.0
96,transient,24015,0.2,76.0,59,8,32,1,0.12
96,transient,24015,0.2,88.0,73,8,24,0,0.0
96,transient,24015,0.2,100.0,51,7,24,0,0.0
96,transient,24016,0.2,40.0,95,10,32,1,0.12
96,transient,24016,0.2,52.0,91,16,24,0,0.0
96,transient,24016,0.2,64.0,4,12,24,0,0.0
96,transient,24016,0.2,76.0,5,10,32,1,0.12
96,transient,24016,0.2,88.0,4,10,32,1,0.12
96,transient,24016,0.2,100.0,5,10,32,1,0.12
96,transient,24017,0.2,40.0,43,8,24,0,0.0
96,transient,24017,0.2,52.0,44,28,24,0,0.0
96,transient,24017,0.2,64.0,0,9,32,1,0.12
96,transient,24017,0.2,76.0,41,8,24,0,0.0
96,transient,24017,0.2,88.0,41,8,24,0,0.0
96,transient,24017,0.2,100.0,41,8,32,1,0.12
96,transient,24018,0.2,40.0,2,18,24,0,0.0
96,transient,24018,0.2,52.0,24,28,24,0,0.0
96,transient,24018,0.2,64.0,20,18,24,0,0.0
96,transient,24018,0.2,76.0,19,18,24,0,0.0
96,transient,24018,0.2,88.0,95,18,24,0,0.0
96,transient,24018,0.2,100.0,10,18,24,0,0.0
96,transient,24019,0.2,40.0,62,24,32,1,0.12
96,transient,24019,0.2,52.0,61,34,32,1,0.12
96,transient,24019,0.2,64.0,32,24,32,1,0.12
96,transient,24019,0.2,76.0,28,24,24,0,0.0
96,transient,24019,0.2,88.0,21,24,24,0,0.0
96,transient,24019,0.2,100.0,20,23,24,0,0.0
384,mixed,24000,0.2,40.0,35,46,32,1,0.12
384,mixed,24000,0.2,52.0,106,68,24,0,0.0
384,mixed,24000,0.2,64.0,211,121,24,0,0.0
384,mixed,24000,0.2,76.0,66,114,32,1,0.12
384,mixed,24000,0.2,88.0,100,91,32,1,0.12
384,mixed,24000,0.2,100.0,109,69,24,0,0.0
384,mixed,24001,0.2,40.0,148,35,32,1,0.12
384,mixed,24001,0.2,52.0,93,61,24,0,0.0
384,mixed,24001,0.2,64.0,200,93,32,1,0.12
384,mixed,24001,0.2,76.0,163,87,24,0,0.0
384,mixed,24001,0.2,88.0,105,82,24,0,0.0
384,mixed,24001,0.2,100.0,193,49,24,0,0.0
384,mixed,24002,0.2,40.0,340,58,32,1,0.12
384,mixed,24002,0.2,52.0,310,61,24,0,0.0
384,mixed,24002,0.2,64.0,233,93,24,0,0.0
384,mixed,24002,0.2,76.0,297,100,24,0,0.0
384,mixed,24002,0.2,88.0,304,90,24,0,0.0
384,mixed,24002,0.2,100.0,282,67,24,0,0.0
384,mixed,24003,0.2,40.0,192,45,32,1,0.12
384,mixed,24003,0.2,52.0,125,69,24,0,0.0
384,mixed,24003,0.2,64.0,182,105,32,1,0.12
384,mixed,24003,0.2,76.0,37,85,24,0,0.0
384,mixed,24003,0.2,88.0,191,78,32,1,0.12
384,mixed,24003,0.2,100.0,36,60,24,0,0.0
384,mixed,24004,0.2,40.0,63,27,24,0,0.0
384,mixed,24004,0.2,52.0,144,47,24,0,0.0
384,mixed,24004,0.2,64.0,135,95,24,0,0.0
384,mixed,24004,0.2,76.0,352,99,24,0,0.0
384,mixed,24004,0.2,88.0,37,77,24,0,0.0
384,mixed,24004,0.2,100.0,38,42,24,0,0.0
384,mixed,24005,0.2,40.0,171,49,32,1,0.12
384,mixed,24005,0.2,52.0,166,72,32,1,0.12
384,mixed,24005,0.2,64.0,169,100,24,0,0.0
384,mixed,24005,0.2,76.0,38,89,32,1,0.12
384,mixed,24005,0.2,88.0,209,85,24,0,0.0
384,mixed,24005,0.2,100.0,33,61,24,0,0.0
384,mixed,24006,0.2,40.0,316,46,32,1,0.12
384,mixed,24006,0.2,52.0,282,67,24,0,0.0
384,mixed,24006,0.2,64.0,278,102,24,0,0.0
384,mixed,24006,0.2,76.0,112,94,32,1,0.12
384,mixed,24006,0.2,88.0,280,81,24,0,0.0
384,mixed,24006,0.2,100.0,236,61,24,0,0.0
384,mixed,24007,0.2,40.0,104,65,24,0,0.0
384,mixed,24007,0.2,52.0,181,98,24,0,0.0
384,mixed,24007,0.2,64.0,243,134,24,0,0.0
384,mixed,24007,0.2,76.0,268,126,24,0,0.0
384,mixed,24007,0.2,88.0,6,108,24,0,0.0
384,mixed,24007,0.2,100.0,286,81,32,1,0.12
384,mixed,24008,0.2,40.0,169,41,32,1,0.12
384,mixed,24008,0.2,52.0,239,64,24,0,0.0
384,mixed,24008,0.2,64.0,160,97,24,0,0.0
384,mixed,24008,0.2,76.0,375,92,24,0,0.0
384,mixed,24008,0.2,88.0,8,78,24,0,0.0
384,mixed,24008,0.2,100.0,380,54,24,0,0.0
384,mixed,24009,0.2,40.0,265,75,24,0,0.0
384,mixed,24009,0.2,52.0,101,88,24,0,0.0
384,mixed,24009,0.2,64.0,112,103,24,0,0.0
384,mixed,24009,0.2,76.0,72,97,32,1,0.12
384,mixed,24009,0.2,88.0,88,92,24,0,0.0
384,mixed,24009,0.2,100.0,113,81,24,0,0.0
384,mixed,24010,0.2,40.0,23,28,24,0,0.0
384,mixed,24010,0.2,52.0,68,58,32,1,0.12
384,mixed,24010,0.2,64.0,169,98,32,1,0.12
384,mixed,24010,0.2,76.0,14,87,24,0,0.0
384,mixed,24010,0.2,88.0,70,78,24,0,0.0
384,mixed,24010,0.2,100.0,353,54,32,1,0.12
384,mixed,24011,0.2,40.0,230,54,24,0,0.0
384,mixed,24011,0.2,52.0,94,77,24,0,0.0
384,mixed,24011,0.2,64.0,169,125,24,0,0.0
384,mixed,24011,0.2,76.0,376,116,24,0,0.0
384,mixed,24011,0.2,88.0,376,92,24,0,0.0
384,mixed,24011,0.2,100.0,224,67,32,1,0.12
384,mixed,24012,0.2,40.0,221,54,24,0,0.0
384,mixed,24012,0.2,52.0,175,78,24,0,0.0
384,mixed,24012,0.2,64.0,14,103,24,0,0.0
384,mixed,24012,0.2,76.0,324,105,24,0,0.0
384,mixed,24012,0.2,88.0,223,90,24,0,0.0
384,mixed,24012,0.2,100.0,74,65,32,1,0.12
384,mixed,24013,0.2,40.0,256,46,24,0,0.0
384,mixed,24013,0.2,52.0,248,63,24,0,0.0
384,mixed,24013,0.2,64.0,321,99,32,1,0.12
384,mixed,24013,0.2,76.0,262,100,24,0,0.0
384,mixed,24013,0.2,88.0,234,86,24,0,0.0
384,mixed,24013,0.2,100.0,258,61,24,0,0.0
384,mixed,24014,0.2,40.0,221,35,24,0,0.0
384,mixed,24014,0.2,52.0,144,67,24,0,0.0
384,mixed,24014,0.2,64.0,143,108,24,0,0.0
384,mixed,24014,0.2,76.0,314,85,24,0,0.0
384,mixed,24014,0.2,88.0,143,76,32,1,0.12
384,mixed,24014,0.2,100.0,313,51,24,0,0.0
384,mixed,24015,0.2,40.0,3,39,24,0,0.0
384,mixed,24015,0.2,52.0,75,71,24,0,0.0
384,mixed,24015,0.2,64.0,159,116,32,1,0.12
384,mixed,24015,0.2,76.0,167,84,24,0,0.0
384,mixed,24015,0.2,88.0,382,80,24,0,0.0
384,mixed,24015,0.2,100.0,8,59,32,1,0.12
384,mixed,24016,0.2,40.0,320,43,32,1,0.12
384,mixed,24016,0.2,52.0,175,82,24,0,0.0
384,mixed,24016,0.2,64.0,116,122,24,0,0.0
384,mixed,24016,0.2,76.0,154,100,24,0,0.0
384,mixed,24016,0.2,88.0,111,87,24,0,0.0
384,mixed,24016,0.2,100.0,118,62,24,0,0.0
384,mixed,24017,0.2,40.0,154,47,24,0,0.0
384,mixed,24017,0.2,52.0,150,76,24,0,0.0
384,mixed,24017,0.2,64.0,57,114,32,1,0.12
384,mixed,24017,0.2,76.0,96,102,24,0,0.0
384,mixed,24017,0.2,88.0,105,86,24,0,0.0
384,mixed,24017,0.2,100.0,133,64,32,1,0.12
384,mixed,24018,0.2,40.0,16,29,24,0,0.0
384,mixed,24018,0.2,52.0,237,60,32,1,0.12
384,mixed,24018,0.2,64.0,184,90,32,1,0.12
384,mixed,24018,0.2,76.0,183,89,32,1,0.12
384,mixed,24018,0.2,88.0,370,74,24,0,0.0
384,mixed,24018,0.2,100.0,101,49,32,1,0.12
384,mixed,24019,0.2,40.0,313,51,32,1,0.12
384,mixed,24019,0.2,52.0,228,82,24,0,0.0
384,mixed,24019,0.2,64.0,292,117,24,0,0.0
384,mixed,24019,0.2,76.0,297,124,24,0,0.0
384,mixed,24019,0.2,88.0,208,99,32,1,0.12
384,mixed,24019,0.2,100.0,111,70,32,1,0.12
384,transient,24000,0.2,40.0,36,43,32,1,0.12
384,transient,24000,0.2,52.0,115,115,24,0,0.0
384,transient,24000,0.2,64.0,213,57,32,1,0.12
384,transient,24000,0.2,76.0,107,51,24,0,0.0
384,transient,24000,0.2,88.0,113,47,32,1,0.12
384,transient,24000,0.2,100.0,175,45,32,1,0.12
384,transient,24001,0.2,40.0,153,32,24,0,0.0
384,transient,24001,0.2,52.0,95,77,24,0,0.0
384,transient,24001,0.2,64.0,190,38,32,1,0.12
384,transient,24001,0.2,76.0,165,35,24,0,0.0
384,transient,24001,0.2,88.0,160,34,24,0,0.0
384,transient,24001,0.2,100.0,192,34,24,0,0.0
384,transient,24002,0.2,40.0,340,53,32,1,0.12
384,transient,24002,0.2,52.0,315,75,24,0,0.0
384,transient,24002,0.2,64.0,277,60,24,0,0.0
384,transient,24002,0.2,76.0,299,56,24,0,0.0
384,transient,24002,0.2,88.0,309,54,24,0,0.0
384,transient,24002,0.2,100.0,290,53,24,0,0.0
384,transient,24003,0.2,40.0,192,44,32,1,0.12
384,transient,24003,0.2,52.0,124,73,24,0,0.0
384,transient,24003,0.2,64.0,159,51,24,0,0.0
384,transient,24003,0.2,76.0,38,47,24,0,0.0
384,transient,24003,0.2,88.0,191,46,32,1,0.12
384,transient,24003,0.2,100.0,39,46,24,0,0.0
384,transient,24004,0.2,40.0,65,23,32,1,0.12
384,transient,24004,0.2,52.0,216,62,32,1,0.12
384,transient,24004,0.2,64.0,66,36,32,1,0.12
384,transient,24004,0.2,76.0,338,30,24,0,0.0
384,transient,24004,0.2,88.0,60,27,24,0,0.0
384,transient,24004,0.2,100.0,58,27,24,0,0.0
384,transient,24005,0.2,40.0,201,44,32,1,0.12
384,transient,24005,0.2,52.0,169,92,24,0,0.0
384,transient,24005,0.2,64.0,171,56,32,1,0.12
384,transient,24005,0.2,76.0,86,49,32,1,0.12
384,transient,24005,0.2,88.0,210,46,24,0,0.0
384,transient,24005,0.2,100.0,86,44,32,1,0.12
384,transient,24006,0.2,40.0,316,46,32,1,0.12
384,transient,24006,0.2,52.0,283,86,24,0,0.0
384,transient,24006,0.2,64.0,290,54,24,0,0.0
384,transient,24006,0.2,76.0,228,50,32,1,0.12
384,transient,24006,0.2,88.0,290,49,24,0,0.0
384,transient,24006,0.2,100.0,278,48,24,0,0.0
384,transient,24007,0.2,40.0,106,64,32,1,0.12
384,transient,24007,0.2,52.0,203,127,24,0,0.0
384,transient,24007,0.2,64.0,241,82,24,0,0.0
384,transient,24007,0.2,76.0,239,71,32,1,0.12
384,transient,24007,0.2,88.0,3,69,24,0,0.0
384,transient,24007,0.2,100.0,287,69,32,1,0.12
384,transient,24008,0.2,40.0,169,40,32,1,0.12
384,transient,24008,0.2,52.0,319,81,32,1,0.12
384,transient,24008,0.2,64.0,224,49,32,1,0.12
384,transient,24008,0.2,76.0,378,45,24,0,0.0
384,transient,24008,0.2,88.0,101,44,32,1,0.12
384,transient,24008,0.2,100.0,379,42,32,1,0.12
384,transient,24009,0.2,40.0,266,71,24,0,0.0
384,transient,24009,0.2,52.0,100,97,24,0,0.0
384,transient,24009,0.2,64.0,112,78,24,0,0.0
384,transient,24009,0.2,76.0,79,74,24,0,0.0
384,transient,24009,0.2,88.0,99,72,24,0,0.0
384,transient,24009,0.2,100.0,116,71,24,0,0.0
384,transient,24010,0.2,40.0,146,26,32,1,0.12
384,transient,24010,0.2,52.0,86,92,32,1,0.12
384,transient,24010,0.2,64.0,264,40,24,0,0.0
384,transient,24010,0.2,76.0,16,31,24,0,0.0
384,transient,24010,0.2,88.0,147,29,32,1,0.12
384,transient,24010,0.2,100.0,351,28,32,1,0.12
384,transient,24011,0.2,40.0,230,53,24,0,0.0
384,transient,24011,0.2,52.0,94,98,24,0,0.0
384,transient,24011,0.2,64.0,229,63,24,0,0.0
384,transient,24011,0.2,76.0,380,56,24,0,0.0
384,transient,24011,0.2,88.0,380,55,24,0,0.0
384,transient,24011,0.2,100.0,230,54,24,0,0.0
384,transient,24012,0.2,40.0,221,54,24,0,0.0
384,transient,24012,0.2,52.0,173,100,24,0,0.0
384,transient,24012,0.2,64.0,73,63,32,1,0.12
384,transient,24012,0.2,76.0,325,59,24,0,0.0
384,transient,24012,0.2,88.0,224,55,24,0,0.0
384,transient,24012,0.2,100.0,78,54,32,1,0.12
384,transient,24013,0.2,40.0,256,46,24,0,0.0
384,transient,24013,0.2,52.0,261,88,24,0,0.0
384,transient,24013,0.2,64.0,369,56,32,1,0.12
384,transient,24013,0.2,76.0,252,52,24,0,0.0
384,transient,24013,0.2,88.0,248,47,24,0,0.0
384,transient,24013,0.2,100.0,257,46,24,0,0.0
384,transient,24014,0.2,40.0,222,27,24,0,0.0
384,transient,24014,0.2,52.0,146,91,24,0,0.0
384,transient,24014,0.2,64.0,145,44,32,1,0.12
384,transient,24014,0.2,76.0,312,38,32,1,0.12
384,transient,24014,0.2,88.0,214,34,24,0,0.0
384,transient,24014,0.2,100.0,312,34,32,1,0.12
384,transient,24015,0.2,40.0,3,37,24,0,0.0
384,transient,24015,0.2,52.0,131,86,32,1,0.12
384,transient,24015,0.2,64.0,76,49,24,0,0.0
384,transient,24015,0.2,76.0,166,40,24,0,0.0
384,transient,24015,0.2,88.0,382,39,24,0,0.0
384,transient,24015,0.2,100.0,5,38,32,1,0.12
384,transient,24016,0.2,40.0,320,40,32,1,0.12
384,transient,24016,0.2,52.0,186,94,32,1,0.12
384,transient,24016,0.2,64.0,117,55,24,0,0.0
384,transient,24016,0.2,76.0,174,47,32,1,0.12
384,transient,24016,0.2,88.0,123,44,24,0,0.0
384,transient,24016,0.2,100.0,159,44,24,0,0.0
384,transient,24017,0.2,40.0,156,42,24,0,0.0
384,transient,24017,0.2,52.0,157,94,24,0,0.0
384,transient,24017,0.2,64.0,63,53,32,1,0.12
384,transient,24017,0.2,76.0,141,48,24,0,0.0
384,transient,24017,0.2,88.0,145,44,24,0,0.0
384,transient,24017,0.2,100.0,144,43,24,0,0.0
384,transient,24018,0.2,40.0,16,28,24,0,0.0
384,transient,24018,0.2,52.0,238,83,32,1,0.12
384,transient,24018,0.2,64.0,241,44,24,0,0.0
384,transient,24018,0.2,76.0,242,34,24,0,0.0
384,transient,24018,0.2,88.0,371,29,32,1,0.12
384,transient,24018,0.2,100.0,238,29,32,1,0.12
384,transient,24019,0.2,40.0,314,44,32,1,0.12
384,transient,24019,0.2,52.0,290,105,24,0,0.0
384,transient,24019,0.2,64.0,312,54,32,1,0.12
384,transient,24019,0.2,76.0,229,51,32,1,0.12
384,transient,24019,0.2,88.0,209,48,32,1,0.12
384,transient,24019,0.2,100.0,210,45,32,1,0.12
96,mixed,24100,0.2,40.0,72,14,32,1,0.12
96,mixed,24100,0.2,52.0,94,17,24,0,0.0
96,mixed,24100,0.2,64.0,47,31,32,1,0.12
96,mixed,24100,0.2,76.0,72,26,32,1,0.12
96,mixed,24100,0.2,88.0,77,21,24,0,0.0
96,mixed,24100,0.2,100.0,74,17,24,0,0.0
96,mixed,24100,0.1,40.0,72,14,32,1,0.12
96,mixed,24100,0.1,52.0,94,17,32,1,0.12
96,mixed,24100,0.1,64.0,47,31,32,1,0.12
96,mixed,24100,0.1,76.0,72,26,32,1,0.12
96,mixed,24100,0.1,88.0,77,21,24,0,0.0
96,mixed,24100,0.1,100.0,74,17,24,0,0.0
96,mixed,24101,0.2,40.0,1,6,32,1,0.12
96,mixed,24101,0.2,52.0,94,7,32,1,0.12
96,mixed,24101,0.2,64.0,40,21,32,1,0.12
96,mixed,24101,0.2,76.0,94,14,24,0,0.0
96,mixed,24101,0.2,88.0,91,12,32,1,0.12
96,mixed,24101,0.2,100.0,2,7,32,1,0.12
96,mixed,24101,0.1,40.0,1,6,32,1,0.12
96,mixed,24101,0.1,52.0,94,7,32,1,0.12
96,mixed,24101,0.1,64.0,40,21,32,1,0.12
96,mixed,24101,0.1,76.0,94,14,24,0,0.0
96,mixed,24101,0.1,88.0,91,12,32,1,0.12
96,mixed,24101,0.1,100.0,2,7,32,1,0.12
96,mixed,24102,0.2,40.0,49,17,32,1,0.12
96,mixed,24102,0.2,52.0,46,20,24,0,0.0
96,mixed,24102,0.2,64.0,24,30,32,1,0.12
96,mixed,24102,0.2,76.0,67,27,24,0,0.0
96,mixed,24102,0.2,88.0,59,25,24,0,0.0
96,mixed,24102,0.2,100.0,65,20,32,1,0.12
96,mixed,24102,0.1,40.0,49,17,32,1,0.12
96,mixed,24102,0.1,52.0,47,19,24,0,0.0
96,mixed,24102,0.1,64.0,24,29,32,1,0.12
96,mixed,24102,0.1,76.0,67,27,24,0,0.0
96,mixed,24102,0.1,88.0,59,25,24,0,0.0
96,mixed,24102,0.1,100.0,65,20,32,1,0.12
96,mixed,24103,0.2,40.0,47,8,24,0,0.0
96,mixed,24103,0.2,52.0,51,17,32,1,0.12
96,mixed,24103,0.2,64.0,32,20,24,0,0.0
96,mixed,24103,0.2,76.0,46,20,24,0,0.0
96,mixed,24103,0.2,88.0,50,19,32,1,0.12
96,mixed,24103,0.2,100.0,45,12,24,0,0.0
96,mixed,24103,0.1,40.0,47,8,24,0,0.0
96,mixed,24103,0.1,52.0,51,17,32,1,0.12
96,mixed,24103,0.1,64.0,32,20,24,0,0.0
96,mixed,24103,0.1,76.0,46,20,24,0,0.0
96,mixed,24103,0.1,88.0,50,19,32,1,0.12
96,mixed,24103,0.1,100.0,45,12,24,0,0.0
