n,scenario,dt,sample,subset,seeds,states,policy,served_units,service,requester_service,requester_deficit,other_served_units,recovered,restricted_recovery_time,full_final_recovery,attempts,swaps,messages,fee
96,mixed,0.1,step,all,4,14,pause,446.1889865887572,0.8280975976425544,0.8301325945547176,1.3798559090603884,439.94927784878155,0.7416666666666667,16.04375,0.0,0.0,0.0,0.0,0.0
96,mixed,0.1,step,all,4,14,persistent,446.1894340347977,0.8280983755447918,0.8719701670457343,1.085771370538117,439.6556407562998,0.8041666666666667,13.54375,0.0,1.4916666666666667,0.0625,36.3,0.0075
96,mixed,0.1,step,all,4,14,pulse8,447.10918610460226,0.8297911699371461,0.8759765630408937,1.0557592356686298,440.5453806912348,0.8041666666666667,14.581249999999999,0.0,5.0,1.8125,134.5,0.2175
96,mixed,0.1,step,all,4,14,pulse16,446.6525651707923,0.8289344182696708,0.8642912744853986,1.1397478189913186,440.17274834074755,0.8041666666666667,14.04375,0.0,2.0,0.9291666666666667,55.43333333333334,0.1115
96,mixed,0.1,step,post100,2,2,pause,461.2620074677302,0.8918126985521511,1.0,0.0,453.83644494335624,1.0,0.0,0.0,0.0,0.0,0.0,0.0
96,mixed,0.1,step,post100,2,2,persistent,461.2620074677302,0.8918126985521511,1.0,0.0,453.83644494335624,1.0,0.0,0.0,0.0,0.0,0.0,0.0
96,mixed,0.1,step,post100,2,2,pulse8,461.1935660845164,0.8916847929042766,1.0,0.0,453.76800356014246,1.0,0.0,0.0,5.0,2.0,136.0,0.24
96,mixed,0.1,step,post100,2,2,pulse16,462.99252322850447,0.8951574950449117,1.0,0.0,455.5669607041305,1.0,0.0,0.0,2.0,1.5,60.0,0.18
96,mixed,0.2,main,all,19,48,pause,462.8766724584092,0.873241173463049,0.9281076707809254,0.5759244686028696,455.91578573571695,0.8912280701754384,8.240350877192983,0.05263157894736842,0.0,0.0,0.0,0.0
96,mixed,0.2,main,all,19,48,persistent,463.05641270894625,0.8735778563867297,0.9491921098144533,0.4138102221398044,455.9334117397908,0.9412280701754385,5.8543859649122805,0.05263157894736842,0.5929824561403508,0.13771929824561402,15.333333333333332,0.016526315789473684
96,mixed,0.2,main,all,19,48,pulse8,463.15525544802694,0.8737754927680467,0.9488489189164165,0.4179773066336793,456.0364215633655,0.9412280701754385,5.657894736842105,0.05263157894736842,5.0,1.8649122807017546,134.91929824561404,0.22378947368421057
96,mixed,0.2,main,all,19,48,pulse16,462.8801278355175,0.8732547384151671,0.9409216636480934,0.48017010165813295,455.82348674588053,0.9412280701754385,6.966666666666666,0.05263157894736842,2.0,1.2000000000000002,57.599999999999994,0.14400000000000004
96,mixed,0.2,main,post100,12,12,pause,480.93470820508145,0.9289468964276674,0.9380863462939507,0.4498393920814065,474.2156708818482,0.8333333333333334,9.783333333333333,0.08333333333333333,0.0,0.0,0.0,0.0
96,mixed,0.2,main,post100,12,12,persistent,481.3841016124568,0.9298135366194221,0.9920196868810525,0.05787205518602501,474.27309695232833,1.0,2.766666666666667,0.08333333333333333,0.25,0.25,8.0,0.03
96,mixed,0.2,main,post100,12,12,pulse8,481.9270059521143,0.9308603274640227,0.9927410853162155,0.05275895465803996,474.81088819145776,1.0,1.3333333333333333,0.08333333333333333,5.0,1.9166666666666667,135.33333333333334,0.22999999999999998
96,mixed,0.2,main,post100,12,12,pulse16,481.36295354570115,0.9297706579912474,0.9714529968138911,0.21178813191276627,474.4058649622995,1.0,6.666666666666667,0.08333333333333333,2.0,1.3333333333333333,58.666666666666664,0.16
96,mixed,0.2,step,all,4,13,pause,446.54213442992676,0.8301916063871491,0.825485403875955,1.4066383815786585,440.34615274949016,0.7,16.25,0.0,0.0,0.0,0.0,0.0
96,mixed,0.2,step,all,4,13,persistent,446.54273353944046,0.830192647962197,0.8813093574769816,1.0142408150905025,439.9543542925157,0.7833333333333333,12.916666666666668,0.0,1.3666666666666667,0.08333333333333333,33.46666666666667,0.01
96,mixed,0.2,step,all,4,13,pulse8,447.46022894654743,0.8318813919831385,0.8852772233848796,0.9845276634491524,440.8421365479814,0.7833333333333333,13.966666666666667,0.0,5.0,1.9166666666666667,135.33333333333334,0.22999999999999998
96,mixed,0.2,step,all,4,13,pulse16,447.00213389034144,0.8310222035178634,0.8710629641995716,1.0862647318498193,440.48577856017596,0.7833333333333333,13.583333333333334,0.0,2.0,0.9916666666666667,55.93333333333334,0.119
96,mixed,0.2,step,post100,2,2,pause,461.2578301977752,0.8918046146471361,1.0,0.0,453.83226767340136,1.0,0.0,0.0,0.0,0.0,0.0,0.0
96,mixed,0.2,step,post100,2,2,persistent,461.2578301977752,0.8918046146471361,1.0,0.0,453.83226767340136,1.0,0.0,0.0,0.0,0.0,0.0,0.0
96,mixed,0.2,step,post100,2,2,pulse8,461.18911506294273,0.8916761789920504,1.0,0.0,453.76355253856883,1.0,0.0,0.0,5.0,2.0,136.0,0.24
96,mixed,0.2,step,post100,2,2,pulse16,462.98895037416696,0.8951505810321911,1.0,0.0,455.5633878497931,1.0,0.0,0.0,2.0,1.5,60.0,0.18
96,transient,0.2,main,all,19,58,pause,474.42717657903154,0.914601268082878,0.9391906112574064,0.45050359054934985,467.6309606925387,0.8719298245614034,7.963157894736843,0.10526315789473684,0.0,0.0,0.0,0.0
96,transient,0.2,main,all,19,58,persistent,474.6286594282042,0.9149888057550651,0.9548823269505238,0.3359375332529392,467.71787748441506,0.9280701754385965,5.524736842105263,0.10526315789473684,0.6184210526315791,0.12631578947368421,15.852631578947367,0.015157894736842106
96,transient,0.2,main,all,19,58,pulse8,475.0779897414542,0.9158554017335628,0.9552008929762491,0.3336178950534801,468.16488815946553,0.9280701754385965,5.278947368421052,0.12280701754385963,5.0,1.3964912280701753,131.1719298245614,0.16757894736842105
96,transient,0.2,main,all,19,58,pulse16,474.9713813481595,0.9156489872625249,0.9519636120190668,0.3587240557989662,468.0833859269163,0.9456140350877192,5.791228070175438,0.12280701754385963,2.0,0.9596491228070176,55.67719298245615,0.11515789473684208
96,transient,0.2,main,post100,12,12,pause,481.63889483667384,0.9292112517384942,0.8695375048345735,0.9676774734133534,475.3570524416309,0.6666666666666666,16.0,0.0,0.0,0.0,0.0,0.0
96,transient,0.2,main,post100,12,12,persistent,482.0233203684044,0.929952270783028,0.9393543012764702,0.4671202683832742,475.2409207683315,0.9166666666666666,6.0,0.0,0.6666666666666666,0.25,18.0,0.03
96,transient,0.2,main,post100,12,12,pulse8,483.04219303948656,0.9319212609332718,0.9393543012764702,0.4671202683832742,476.2597934394137,0.9166666666666666,6.0,0.08333333333333333,5.0,1.6666666666666667,133.33333333333334,0.20000000000000004
96,transient,0.2,main,post100,12,12,pulse16,482.7141023549188,0.9312822203975434,0.9165787283026607,0.6357921023919324,476.10037458885455,0.9166666666666666,10.666666666666666,0.08333333333333333,2.0,1.1666666666666667,57.333333333333336,0.13999999999999999
384,mixed,0.2,main,all,19,36,pause,1798.5191678329368,0.8390571092394792,0.8707998548734518,1.0540858890912883,1792.0145278024593,0.8421052631578947,15.933333333333334,0.0,0.0,0.0,0.0,0.0
384,mixed,0.2,main,all,19,36,persistent,1798.6984654570058,0.8391423787670401,0.8940404001448555,0.8522067347622326,1791.9919462721994,0.8596491228070174,15.001754385964913,0.0,1.412280701754386,0.11403508771929824,34.807017543859644,0.01368421052631579
384,mixed,0.2,main,all,19,36,pulse8,1799.1533142875521,0.839360596300278,0.9056046369570141,0.769057077188782,1792.363645445172,0.9122807017543859,14.40964912280702,0.0,5.0,1.6359649122807016,133.08771929824562,0.19631578947368422
384,mixed,0.2,main,all,19,36,pulse16,1798.6686990349722,0.8391324326649318,0.8921334864578443,0.8795416477894268,1791.9895147631928,0.8947368421052632,15.133333333333331,0.0,2.0,0.9736842105263156,55.78947368421053,0.1168421052631579
384,mixed,0.2,main,post100,8,8,pause,1860.2451501368337,0.8967215488641342,0.9318228522855534,0.520492949061677,1853.4632933264825,0.875,6.0,0.0,0.0,0.0,0.0,0.0
384,mixed,0.2,main,post100,8,8,persistent,1860.2451501368337,0.8967215488641342,0.9318228522855534,0.520492949061677,1853.4632933264825,0.875,6.0,0.0,0.625,0.0,15.0,0.0
384,mixed,0.2,main,post100,8,8,pulse8,1860.726908941846,0.8969526969305522,0.9318228522855534,0.520492949061677,1853.9450521314952,0.875,6.0,0.0,5.0,1.5,132.0,0.18
384,mixed,0.2,main,post100,8,8,pulse16,1860.4815841627824,0.8968349001501745,0.9318228522855534,0.520492949061677,1853.6997273524316,0.875,6.0,0.0,2.0,0.875,55.0,0.105
384,transient,0.2,main,all,18,49,pause,1857.0412832324093,0.8958437122200282,0.9445309080098251,0.4062562454936815,1850.2264849797075,0.9194444444444445,6.742037037037037,0.0,0.0,0.0,0.0,0.0
384,transient,0.2,main,all,18,49,persistent,1857.3631628474443,0.8959983795015665,0.966418411034176,0.24473613927127774,1850.3868444885197,1.0,3.7781481481481487,0.0,0.4740740740740741,0.09444444444444444,12.133333333333333,0.011333333333333332
384,transient,0.2,main,all,18,49,pulse8,1857.6366564736272,0.8961303907730307,0.9663969838037294,0.24487966219531224,1850.6604816376266,1.0,3.7864814814814824,0.0,5.0,1.0435185185185185,128.34814814814817,0.12522222222222223
384,transient,0.2,main,all,18,49,pulse16,1857.5259661150749,0.8960771369051928,0.9620822181716352,0.2766670984664602,1850.5815787153454,1.0,4.342037037037038,0.0,2.0,0.8990740740740741,55.1925925925926,0.10788888888888887
384,transient,0.2,main,post100,10,10,pause,1883.4708540040824,0.9086945524844596,0.9391365227673931,0.4596028813450195,1876.683384627538,0.8,9.6,0.0,0.0,0.0,0.0,0.0
384,transient,0.2,main,post100,10,10,persistent,1884.0607683029043,0.9089782445149159,0.9957143896662748,0.03264575038876405,1876.8463417954038,1.0,1.6,0.0,0.2,0.2,6.4,0.024
384,transient,0.2,main,post100,10,10,pulse8,1885.294189356779,0.909573391980549,0.9957143896662748,0.03264575038876405,1878.0797628492783,1.0,1.6,0.0,5.0,1.1,128.8,0.13199999999999998
384,transient,0.2,main,post100,10,10,pulse16,1884.4648246852066,0.9091739282103,0.9845805415521897,0.11672859418575605,1877.3344810215026,1.0,3.2,0.0,2.0,1.2,57.6,0.144
